caseid,task,start:timestamp,time:timestamp,role,st_wip,st_tsk_wip,queue,attrib
1,Traer informacion estudiante - banner,2016-05-18 22:54:17,2016-05-18 22:54:36,Role 1,43,1.0,-1,{}
2,Traer informacion estudiante - banner,2016-05-18 23:28:02,2016-05-18 23:28:21,Role 1,44,1.0,-1,{}
3,Traer informacion estudiante - banner,2016-05-19 00:23:52,2016-05-19 00:24:22,Role 1,45,1.0,-1,{}
1,Radicar Solicitud Homologacion,2016-05-19 00:34:01,2016-05-19 00:37:01,Role 1,43,1.1023185483870968,-1,{}
2,Radicar Solicitud Homologacion,2016-05-19 01:05:20,2016-05-19 01:08:20,Role 1,44,1.1023185483870968,-1,{}
4,Traer informacion estudiante - banner,2016-05-19 01:15:49,2016-05-19 01:16:18,Role 1,46,1.0,-1,{}
5,Traer informacion estudiante - banner,2016-05-19 03:27:35,2016-05-19 03:28:02,Role 1,47,1.0,-1,{}
6,Traer informacion estudiante - banner,2016-05-19 04:57:45,2016-05-19 04:58:12,Role 1,48,1.0,-1,{}
1,Validar solicitud,2016-05-19 04:54:58,2016-05-19 05:28:41,Role 2,45,1.2416834677419355,-1,{}
2,Cancelar Solicitud,2016-05-19 07:30:10,2016-05-19 07:30:44,Role 2,45,1.2653729838709677,-1,{}
7,Traer informacion estudiante - banner,2016-05-19 10:49:24,2016-05-19 10:49:47,Role 1,49,1.0,-1,{}
8,Traer informacion estudiante - banner,2016-05-19 12:51:31,2016-05-19 12:51:53,Role 1,50,1.0,-1,{}
1,Homologacion por grupo de cursos,2016-05-19 13:09:59,2016-05-19 13:10:48,Role 3,48,1.5632560483870968,-1,{}
3,Radicar Solicitud Homologacion,2016-05-19 14:17:26,2016-05-19 14:22:18,Role 1,45,1.1023185483870968,-1,{}
4,Radicar Solicitud Homologacion,2016-05-19 14:50:00,2016-05-19 14:54:49,Role 1,46,1.1023185483870968,-1,{}
9,Traer informacion estudiante - banner,2016-05-19 15:07:24,2016-05-19 15:07:46,Role 1,50,1.0,-1,{}
10,Traer informacion estudiante - banner,2016-05-19 16:44:32,2016-05-19 16:44:54,Role 1,51,1.0,-1,{}
5,Radicar Solicitud Homologacion,2016-05-19 16:42:41,2016-05-19 16:47:16,Role 1,47,1.1023185483870968,-1,{}
11,Traer informacion estudiante - banner,2016-05-19 17:02:22,2016-05-19 17:02:44,Role 1,52,1.0,-1,{}
6,Radicar Solicitud Homologacion,2016-05-19 17:22:23,2016-05-19 17:26:46,Role 1,48,1.1023185483870968,-1,{}
12,Traer informacion estudiante - banner,2016-05-19 18:37:12,2016-05-19 18:37:35,Role 1,53,1.0,-1,{}
13,Traer informacion estudiante - banner,2016-05-19 19:05:06,2016-05-19 19:05:29,Role 1,54,1.0,-1,{}
14,Traer informacion estudiante - banner,2016-05-19 20:01:27,2016-05-19 20:01:50,Role 1,55,1.0,-1,{}
15,Traer informacion estudiante - banner,2016-05-19 21:37:44,2016-05-19 21:38:08,Role 1,56,1.0,-1,{}
16,Traer informacion estudiante - banner,2016-05-19 23:17:27,2016-05-19 23:17:51,Role 1,57,1.0,-1,{}
7,Radicar Solicitud Homologacion,2016-05-19 23:27:15,2016-05-19 23:31:14,Role 1,49,1.1023185483870968,-1,{}
17,Traer informacion estudiante - banner,2016-05-20 00:49:15,2016-05-20 00:50:16,Role 1,58,1.0,-1,{}
8,Radicar Solicitud Homologacion,2016-05-20 01:11:12,2016-05-20 01:16:57,Role 1,50,1.1023185483870968,-1,{}
18,Traer informacion estudiante - banner,2016-05-20 02:02:44,2016-05-20 02:03:43,Role 1,59,1.0,-1,{}
19,Traer informacion estudiante - banner,2016-05-20 03:03:51,2016-05-20 03:04:50,Role 1,60,1.0,-1,{}
17,Radicar Solicitud Homologacion,2016-05-20 02:58:50,2016-05-20 03:07:10,Role 1,58,1.1023185483870968,-1,{}
9,Radicar Solicitud Homologacion,2016-05-20 03:27:05,2016-05-20 03:32:28,Role 1,50,1.1023185483870968,-1,{}
18,Radicar Solicitud Homologacion,2016-05-20 04:08:21,2016-05-20 04:16:29,Role 1,59,1.1023185483870968,-1,{}
20,Traer informacion estudiante - banner,2016-05-20 04:31:15,2016-05-20 04:32:12,Role 1,61,1.0,-1,{}
11,Radicar Solicitud Homologacion,2016-05-20 04:46:40,2016-05-20 04:51:54,Role 1,52,1.1023185483870968,-1,{}
10,Radicar Solicitud Homologacion,2016-05-20 04:51:25,2016-05-20 04:55:45,Role 1,51,2.102318548387097,-1,{}
19,Radicar Solicitud Homologacion,2016-05-20 05:07:04,2016-05-20 05:15:02,Role 1,60,1.1023185483870968,-1,{}
21,Traer informacion estudiante - banner,2016-05-20 05:25:06,2016-05-20 05:26:02,Role 1,62,1.0,-1,{}
12,Radicar Solicitud Homologacion,2016-05-20 06:04:15,2016-05-20 06:09:20,Role 1,53,1.1023185483870968,-1,{}
13,Radicar Solicitud Homologacion,2016-05-20 06:15:11,2016-05-20 06:20:16,Role 1,54,1.1023185483870968,-1,{}
20,Radicar Solicitud Homologacion,2016-05-20 06:29:13,2016-05-20 06:36:57,Role 1,61,1.1023185483870968,-1,{}
22,Traer informacion estudiante - banner,2016-05-20 06:40:11,2016-05-20 06:41:06,Role 1,63,1.0,-1,{}
14,Radicar Solicitud Homologacion,2016-05-20 06:54:51,2016-05-20 06:59:53,Role 1,55,1.1023185483870968,-1,{}
23,Traer informacion estudiante - banner,2016-05-20 07:18:54,2016-05-20 07:19:49,Role 1,64,1.0,-1,{}
21,Radicar Solicitud Homologacion,2016-05-20 07:19:23,2016-05-20 07:27:04,Role 1,62,1.1023185483870968,-1,{}
15,Radicar Solicitud Homologacion,2016-05-20 08:14:45,2016-05-20 08:19:38,Role 1,56,1.1023185483870968,-1,{}
22,Radicar Solicitud Homologacion,2016-05-20 08:30:51,2016-05-20 08:38:17,Role 1,63,1.1023185483870968,-1,{}
23,Radicar Solicitud Homologacion,2016-05-20 09:06:29,2016-05-20 09:13:50,Role 1,64,1.1023185483870968,-1,{}
16,Radicar Solicitud Homologacion,2016-05-20 09:38:21,2016-05-20 09:43:03,Role 1,57,1.1023185483870968,-1,{}
18,Validar solicitud,2016-05-20 11:07:18,2016-05-20 11:20:17,Role 2,60,1.2416834677419355,-1,{}
24,Traer informacion estudiante - banner,2016-05-20 14:01:14,2016-05-20 14:02:04,Role 1,65,1.0,-1,{}
21,Validar solicitud,2016-05-20 14:00:36,2016-05-20 14:12:07,Role 2,64,1.2416834677419355,-1,{}
25,Traer informacion estudiante - banner,2016-05-20 15:13:29,2016-05-20 15:14:16,Role 1,66,1.0,-1,{}
24,Radicar Solicitud Homologacion,2016-05-20 15:34:46,2016-05-20 15:40:46,Role 1,65,1.1023185483870968,-1,{}
23,Validar solicitud,2016-05-20 15:47:09,2016-05-20 15:57:50,Role 2,64,1.2416834677419355,-1,{}
12,Validar solicitud,2016-05-20 16:07:00,2016-05-20 16:19:24,Role 2,62,1.2416834677419355,-1,{}
8,Cancelar Solicitud,2016-05-20 16:37:39,2016-05-20 16:38:17,Role 2,58,1.2653729838709677,-1,{}
25,Radicar Solicitud Homologacion,2016-05-20 16:53:40,2016-05-20 16:59:37,Role 1,66,1.1023185483870968,-1,{}
15,Validar solicitud,2016-05-20 17:19:37,2016-05-20 17:31:07,Role 2,64,1.2416834677419355,-1,{}
5,Validar solicitud,2016-05-20 17:31:38,2016-05-20 17:45:45,Role 2,51,1.2416834677419355,-1,{}
26,Traer informacion estudiante - banner,2016-05-20 18:26:52,2016-05-20 18:27:37,Role 1,67,1.0,-1,{}
9,Cancelar Solicitud,2016-05-20 18:33:12,2016-05-20 18:33:39,Role 2,60,1.2653729838709677,-1,{}
27,Traer informacion estudiante - banner,2016-05-20 18:43:21,2016-05-20 18:44:06,Role 1,68,1.0,-1,{}
18,Homologacion por grupo de cursos,2016-05-20 18:47:49,2016-05-20 18:48:00,Role 3,64,1.5632560483870968,-1,{}
11,Cancelar Solicitud,2016-05-20 19:10:21,2016-05-20 19:10:42,Role 2,61,1.2653729838709677,-1,{}
2,Notificacion estudiante cancelacion soli,2016-05-20 19:29:06,2016-05-20 19:29:06,Role 2,48,1.0,-1,{}
10,Cancelar Solicitud,2016-05-20 19:41:15,2016-05-20 19:41:18,Role 2,61,1.2653729838709677,-1,{}
13,Cancelar Solicitud,2016-05-20 19:54:27,2016-05-20 19:54:42,Role 2,62,1.2653729838709677,-1,{}
26,Radicar Solicitud Homologacion,2016-05-20 20:03:44,2016-05-20 20:09:12,Role 1,67,1.1023185483870968,-1,{}
14,Cancelar Solicitud,2016-05-20 20:09:15,2016-05-20 20:09:27,Role 2,63,1.2653729838709677,-1,{}
27,Radicar Solicitud Homologacion,2016-05-20 20:16:59,2016-05-20 20:22:28,Role 1,68,1.1023185483870968,-1,{}
18,Revisar curso,2016-05-20 20:59:16,2016-05-20 20:59:57,Role 2,68,1.047883064516129,-1,{}
18,Cancelar curso,2016-05-20 21:00:01,2016-05-20 21:00:20,Role 1,67,1.001008064516129,-1,{}
21,Homologacion por grupo de cursos,2016-05-20 21:17:05,2016-05-20 21:17:06,Role 3,65,1.5632560483870968,-1,{}
28,Traer informacion estudiante - banner,2016-05-20 21:26:36,2016-05-20 21:27:19,Role 1,67,1.0,-1,{}
6,Cancelar Solicitud,2016-05-20 21:32:22,2016-05-20 21:32:22,Role 2,52,1.2653729838709677,-1,{}
7,Validar solicitud,2016-05-20 21:53:37,2016-05-20 22:05:49,Role 2,57,1.2416834677419355,-1,{}
4,Cancelar Solicitud,2016-05-20 22:06:37,2016-05-20 22:06:38,Role 2,49,1.2653729838709677,-1,{}
3,Cancelar Solicitud,2016-05-20 22:09:42,2016-05-20 22:09:44,Role 2,49,1.2653729838709677,-1,{}
16,Cancelar Solicitud,2016-05-20 22:13:26,2016-05-20 22:13:27,Role 2,64,1.2653729838709677,-1,{}
29,Traer informacion estudiante - banner,2016-05-20 22:51:29,2016-05-20 22:52:12,Role 1,68,1.0,-1,{}
12,Homologacion por grupo de cursos,2016-05-20 22:56:31,2016-05-20 22:56:31,Role 3,66,1.5632560483870968,-1,{}
30,Traer informacion estudiante - banner,2016-05-20 22:56:57,2016-05-20 22:57:40,Role 1,69,1.0,-1,{}
21,Revisar curso,2016-05-20 23:05:47,2016-05-20 23:06:16,Role 2,66,1.047883064516129,-1,{}
21,Evaluacion curso,2016-05-20 23:06:20,2016-05-20 23:06:33,Role 4,69,1.0778729838709677,-1,{}
21,Validacion final,2016-05-20 23:06:37,2016-05-20 23:06:56,Role 2,69,1.0100806451612903,-1,{}
21,Visto Bueno Cierre Proceso,2016-05-20 23:07:00,2016-05-20 23:07:19,Role 3,69,1.0327620967741935,-1,{}
28,Radicar Solicitud Homologacion,2016-05-20 23:03:26,2016-05-20 23:08:29,Role 1,67,1.1023185483870968,-1,{}
23,Recepcion de documentos,2016-05-20 23:23:18,2016-05-20 23:23:38,Role 2,66,1.0148689516129032,-1,{}
25,Validar solicitud,2016-05-20 23:21:11,2016-05-20 23:28:42,Role 2,66,1.2416834677419355,-1,{}
15,Homologacion por grupo de cursos,2016-05-20 23:32:53,2016-05-20 23:32:53,Role 3,66,1.5632560483870968,-1,{}
31,Traer informacion estudiante - banner,2016-05-21 00:19:20,2016-05-21 00:19:44,Role 1,69,1.0,-1,{}
29,Radicar Solicitud Homologacion,2016-05-21 00:25:05,2016-05-21 00:30:33,Role 1,68,1.1023185483870968,-1,{}
30,Radicar Solicitud Homologacion,2016-05-21 00:27:24,2016-05-21 00:32:01,Role 1,69,2.102318548387097,-1,{}
23,Homologacion por grupo de cursos,2016-05-21 01:12:08,2016-05-21 01:12:19,Role 3,68,1.5632560483870968,-1,{}
12,Revisar curso,2016-05-21 01:31:02,2016-05-21 01:31:15,Role 2,68,1.047883064516129,-1,{}
17,Cancelar Solicitud,2016-05-21 01:37:45,2016-05-21 01:38:19,Role 2,60,1.2653729838709677,-1,{}
15,Revisar curso,2016-05-21 01:46:35,2016-05-21 01:46:45,Role 2,68,1.047883064516129,-1,{}
26,Validar solicitud,2016-05-21 02:26:42,2016-05-21 02:35:43,Role 2,67,1.2416834677419355,-1,{}
27,Validar solicitud,2016-05-21 02:38:36,2016-05-21 02:47:31,Role 2,67,1.2416834677419355,-1,{}
32,Traer informacion estudiante - banner,2016-05-21 03:12:40,2016-05-21 03:13:03,Role 1,69,1.0,-1,{}
19,Cancelar Solicitud,2016-05-21 04:10:56,2016-05-21 04:11:19,Role 2,61,1.2653729838709677,-1,{}
20,Cancelar Solicitud,2016-05-21 05:13:34,2016-05-21 05:13:52,Role 2,62,1.2653729838709677,-1,{}
33,Traer informacion estudiante - banner,2016-05-21 05:50:16,2016-05-21 05:50:38,Role 1,70,1.0,-1,{}
31,Radicar Solicitud Homologacion,2016-05-21 06:25:04,2016-05-21 06:28:33,Role 1,69,1.1023185483870968,-1,{}
25,Recepcion de documentos,2016-05-21 06:33:02,2016-05-21 06:33:02,Role 2,68,1.0148689516129032,-1,{}
22,Cancelar Solicitud,2016-05-21 07:16:58,2016-05-21 07:17:09,Role 2,64,1.2653729838709677,-1,{}
15,Evaluacion curso,2016-05-21 08:42:25,2016-05-21 08:42:27,Role 4,68,1.0778729838709677,-1,{}
32,Radicar Solicitud Homologacion,2016-05-21 09:18:23,2016-05-21 09:21:31,Role 1,69,1.1023185483870968,-1,{}
5,Homologacion por grupo de cursos,2016-05-21 10:20:39,2016-05-21 10:20:39,Role 3,66,1.5632560483870968,-1,{}
33,Radicar Solicitud Homologacion,2016-05-21 11:45:24,2016-05-21 11:48:16,Role 1,70,1.1023185483870968,-1,{}
7,Recepcion de documentos,2016-05-21 12:16:19,2016-05-21 12:16:19,Role 2,67,1.0148689516129032,-1,{}
24,Cancelar Solicitud,2016-05-21 12:53:18,2016-05-21 12:53:18,Role 2,66,1.2653729838709677,-1,{}
34,Traer informacion estudiante - banner,2016-05-21 13:13:27,2016-05-21 13:13:48,Role 1,70,1.0,-1,{}
35,Traer informacion estudiante - banner,2016-05-21 16:00:00,2016-05-21 16:00:21,Role 1,71,1.0,-1,{}
12,Cancelar curso,2016-05-21 16:30:00,2016-05-21 16:30:02,Role 1,68,1.001008064516129,-1,{}
36,Traer informacion estudiante - banner,2016-05-21 18:14:19,2016-05-21 18:14:41,Role 1,71,1.0,-1,{}
34,Radicar Solicitud Homologacion,2016-05-21 19:08:34,2016-05-21 19:10:50,Role 1,70,1.1023185483870968,-1,{}
37,Traer informacion estudiante - banner,2016-05-21 20:35:59,2016-05-21 20:36:21,Role 1,72,1.0,-1,{}
35,Radicar Solicitud Homologacion,2016-05-21 21:44:43,2016-05-21 21:46:50,Role 1,71,1.1023185483870968,-1,{}
28,Cancelar Solicitud,2016-05-21 21:53:49,2016-05-21 21:53:49,Role 2,68,1.2653729838709677,-1,{}
29,Validar solicitud,2016-05-21 22:05:28,2016-05-21 22:09:43,Role 2,69,1.2416834677419355,-1,{}
30,Validar solicitud,2016-05-21 22:07:35,2016-05-21 22:09:55,Role 2,69,2.2416834677419355,-1,{}
38,Traer informacion estudiante - banner,2016-05-21 23:37:00,2016-05-21 23:37:22,Role 1,73,1.0,-1,{}
36,Radicar Solicitud Homologacion,2016-05-21 23:59:03,2016-05-22 00:01:03,Role 1,71,1.1023185483870968,-1,{}
37,Radicar Solicitud Homologacion,2016-05-22 02:10:30,2016-05-22 02:14:42,Role 1,72,1.1023185483870968,-1,{}
15,Validacion final,2016-05-22 03:54:57,2016-05-22 03:55:02,Role 2,70,1.0100806451612903,-1,{}
15,Visto Bueno Cierre Proceso,2016-05-22 03:55:06,2016-05-22 03:55:14,Role 3,73,1.0327620967741935,-1,{}
25,Homologacion por grupo de cursos,2016-05-22 04:57:23,2016-05-22 04:57:23,Role 3,70,1.5632560483870968,-1,{}
38,Radicar Solicitud Homologacion,2016-05-22 05:01:28,2016-05-22 05:05:17,Role 1,73,1.1023185483870968,-1,{}
7,Homologacion por grupo de cursos,2016-05-22 06:05:08,2016-05-22 06:05:08,Role 3,69,1.5632560483870968,-1,{}
39,Traer informacion estudiante - banner,2016-05-22 07:36:00,2016-05-22 07:36:21,Role 1,72,1.0,-1,{}
7,Revisar curso,2016-05-22 10:21:13,2016-05-22 10:21:19,Role 2,71,1.047883064516129,-1,{}
7,Homologacion por grupo de cursos,2016-05-22 10:21:23,2016-05-22 10:21:23,Role 3,72,1.5632560483870968,-1,{}
7,Revisar curso,2016-05-22 10:21:27,2016-05-22 10:21:28,Role 2,72,1.047883064516129,-1,{}
7,Cancelar curso,2016-05-22 10:21:32,2016-05-22 10:21:32,Role 1,72,1.001008064516129,-1,{}
39,Radicar Solicitud Homologacion,2016-05-22 10:38:29,2016-05-22 10:47:01,Role 1,72,1.1023185483870968,-1,{}
26,Recepcion de documentos,2016-05-22 13:19:00,2016-05-22 13:19:00,Role 2,68,1.0148689516129032,-1,{}
27,Recepcion de documentos,2016-05-22 13:34:23,2016-05-22 13:34:23,Role 2,68,1.0148689516129032,-1,{}
40,Traer informacion estudiante - banner,2016-05-22 15:29:03,2016-05-22 15:29:22,Role 1,72,1.0,-1,{}
36,Validar solicitud,2016-05-22 15:38:16,2016-05-22 15:50:07,Role 2,73,1.2416834677419355,-1,{}
41,Traer informacion estudiante - banner,2016-05-22 16:43:21,2016-05-22 16:43:41,Role 1,73,1.0,-1,{}
42,Traer informacion estudiante - banner,2016-05-22 17:04:39,2016-05-22 17:04:59,Role 1,74,1.0,-1,{}
43,Traer informacion estudiante - banner,2016-05-22 18:09:58,2016-05-22 18:10:18,Role 1,75,1.0,-1,{}
37,Validar solicitud,2016-05-22 17:49:05,2016-05-22 18:11:36,Role 2,73,1.2416834677419355,-1,{}
40,Radicar Solicitud Homologacion,2016-05-22 18:31:30,2016-05-22 18:38:35,Role 1,72,1.1023185483870968,-1,{}
44,Traer informacion estudiante - banner,2016-05-22 19:55:13,2016-05-22 19:55:33,Role 1,76,1.0,-1,{}
41,Radicar Solicitud Homologacion,2016-05-22 19:49:16,2016-05-22 19:56:12,Role 1,73,1.1023185483870968,-1,{}
42,Radicar Solicitud Homologacion,2016-05-22 20:14:02,2016-05-22 20:21:01,Role 1,74,1.1023185483870968,-1,{}
45,Traer informacion estudiante - banner,2016-05-22 20:32:31,2016-05-22 20:32:51,Role 1,77,1.0,-1,{}
38,Validar solicitud,2016-05-22 20:46:34,2016-05-22 21:07:09,Role 2,71,1.2416834677419355,-1,{}
43,Radicar Solicitud Homologacion,2016-05-22 21:29:39,2016-05-22 21:36:19,Role 1,75,1.1023185483870968,-1,{}
26,Homologacion por grupo de cursos,2016-05-22 21:42:24,2016-05-22 21:42:39,Role 3,71,1.5632560483870968,-1,{}
26,Revisar curso,2016-05-22 21:42:43,2016-05-22 21:43:11,Role 2,77,1.047883064516129,-1,{}
27,Homologacion por grupo de cursos,2016-05-22 21:53:16,2016-05-22 21:53:31,Role 3,71,1.5632560483870968,-1,{}
27,Revisar curso,2016-05-22 21:53:35,2016-05-22 21:54:03,Role 2,77,1.047883064516129,-1,{}
27,Homologacion por grupo de cursos,2016-05-22 21:54:07,2016-05-22 21:54:07,Role 3,77,1.5632560483870968,-1,{}
46,Traer informacion estudiante - banner,2016-05-22 21:54:18,2016-05-22 21:54:38,Role 1,77,1.0,-1,{}
47,Traer informacion estudiante - banner,2016-05-22 22:02:44,2016-05-22 22:03:04,Role 1,78,1.0,-1,{}
44,Radicar Solicitud Homologacion,2016-05-22 23:13:02,2016-05-22 23:19:45,Role 1,76,1.1023185483870968,-1,{}
26,Cancelar curso,2016-05-22 23:52:45,2016-05-22 23:52:50,Role 1,77,1.001008064516129,-1,{}
48,Traer informacion estudiante - banner,2016-05-22 23:55:27,2016-05-22 23:55:48,Role 1,78,1.0,-1,{}
45,Radicar Solicitud Homologacion,2016-05-22 23:52:30,2016-05-22 23:59:12,Role 1,77,1.1023185483870968,-1,{}
49,Traer informacion estudiante - banner,2016-05-23 00:17:30,2016-05-23 00:17:35,Role 1,79,1.0,-1,{}
49,Radicar Solicitud Homologacion,2016-05-23 01:06:08,2016-05-23 01:12:12,Role 1,79,1.1023185483870968,-1,{}
46,Radicar Solicitud Homologacion,2016-05-23 01:14:17,2016-05-23 01:29:02,Role 1,77,1.1023185483870968,-1,{}
31,Validar solicitud,2016-05-23 01:10:37,2016-05-23 01:31:26,Role 2,70,1.2416834677419355,-1,{}
47,Radicar Solicitud Homologacion,2016-05-23 01:26:18,2016-05-23 01:39:50,Role 1,78,2.102318548387097,-1,{}
50,Traer informacion estudiante - banner,2016-05-23 01:51:24,2016-05-23 01:51:30,Role 1,80,1.0,-1,{}
51,Traer informacion estudiante - banner,2016-05-23 02:29:39,2016-05-23 02:29:45,Role 1,81,1.0,-1,{}
50,Radicar Solicitud Homologacion,2016-05-23 02:40:04,2016-05-23 02:46:07,Role 1,80,1.1023185483870968,-1,{}
52,Traer informacion estudiante - banner,2016-05-23 02:58:58,2016-05-23 02:59:05,Role 1,82,1.0,-1,{}
8,Notificacion estudiante cancelacion soli,2016-05-23 03:09:16,2016-05-23 03:09:16,Role 2,66,1.0,-1,{}
51,Radicar Solicitud Homologacion,2016-05-23 03:18:21,2016-05-23 03:24:50,Role 1,81,1.1023185483870968,-1,{}
49,Validar solicitud,2016-05-23 02:59:25,2016-05-23 03:27:44,Role 2,79,1.2416834677419355,-1,{}
48,Radicar Solicitud Homologacion,2016-05-23 03:20:28,2016-05-23 03:33:39,Role 1,78,2.102318548387097,-1,{}
52,Radicar Solicitud Homologacion,2016-05-23 03:47:44,2016-05-23 03:53:47,Role 1,82,1.1023185483870968,-1,{}
9,Notificacion estudiante cancelacion soli,2016-05-23 04:31:42,2016-05-23 04:31:42,Role 2,67,1.0,-1,{}
11,Notificacion estudiante cancelacion soli,2016-05-23 04:52:54,2016-05-23 04:52:54,Role 2,68,1.0,-1,{}
13,Notificacion estudiante cancelacion soli,2016-05-23 05:22:29,2016-05-23 05:22:29,Role 2,67,1.0,-1,{}
14,Notificacion estudiante cancelacion soli,2016-05-23 05:27:10,2016-05-23 05:27:10,Role 2,67,1.0,-1,{}
51,Validar solicitud,2016-05-23 05:14:33,2016-05-23 05:40:56,Role 2,81,1.2416834677419355,-1,{}
53,Traer informacion estudiante - banner,2016-05-23 05:42:18,2016-05-23 05:42:25,Role 1,78,1.0,-1,{}
49,Homologacion por grupo de cursos,2016-05-23 05:49:04,2016-05-23 05:49:57,Role 3,81,1.5632560483870968,-1,{}
10,Notificacion estudiante cancelacion soli,2016-05-23 06:08:17,2016-05-23 06:08:17,Role 2,67,1.0,-1,{}
50,Cancelar Solicitud,2016-05-23 06:10:19,2016-05-23 06:11:32,Role 2,81,1.2653729838709677,-1,{}
54,Traer informacion estudiante - banner,2016-05-23 06:14:21,2016-05-23 06:14:28,Role 1,78,1.0,-1,{}
31,Homologacion por grupo de cursos,2016-05-23 06:31:52,2016-05-23 06:31:52,Role 3,79,1.5632560483870968,-1,{}
6,Notificacion estudiante cancelacion soli,2016-05-23 06:33:46,2016-05-23 06:33:46,Role 2,67,1.0,-1,{}
53,Radicar Solicitud Homologacion,2016-05-23 06:30:58,2016-05-23 06:36:13,Role 1,78,1.1023185483870968,-1,{}
54,Radicar Solicitud Homologacion,2016-05-23 07:03:01,2016-05-23 07:08:07,Role 1,78,1.1023185483870968,-1,{}
16,Notificacion estudiante cancelacion soli,2016-05-23 07:20:18,2016-05-23 07:20:18,Role 2,67,1.0,-1,{}
52,Cancelar Solicitud,2016-05-23 07:22:14,2016-05-23 07:23:18,Role 2,81,1.2653729838709677,-1,{}
49,Revisar curso,2016-05-23 07:49:47,2016-05-23 07:55:47,Role 2,78,1.047883064516129,-1,{}
55,Traer informacion estudiante - banner,2016-05-23 08:03:53,2016-05-23 08:04:00,Role 1,76,1.0,-1,{}
51,Homologacion por grupo de cursos,2016-05-23 08:04:11,2016-05-23 08:04:44,Role 3,77,1.5632560483870968,-1,{}
53,Validar solicitud,2016-05-23 08:22:25,2016-05-23 08:46:19,Role 2,76,1.2416834677419355,-1,{}
55,Radicar Solicitud Homologacion,2016-05-23 08:52:35,2016-05-23 08:57:19,Role 1,76,1.1023185483870968,-1,{}
54,Validar solicitud,2016-05-23 08:54:19,2016-05-23 09:17:40,Role 2,76,1.2416834677419355,-1,{}
49,Cancelar curso,2016-05-23 09:55:58,2016-05-23 09:56:36,Role 1,75,1.001008064516129,-1,{}
4,Notificacion estudiante cancelacion soli,2016-05-23 10:55:22,2016-05-23 10:55:22,Role 2,67,1.0,-1,{}
55,Validar solicitud,2016-05-23 10:41:17,2016-05-23 11:03:20,Role 2,75,1.2416834677419355,-1,{}
53,Recepcion de documentos,2016-05-23 11:02:27,2016-05-23 11:04:33,Role 2,75,1.0148689516129032,-1,{}
56,Traer informacion estudiante - banner,2016-05-23 11:22:40,2016-05-23 11:22:48,Role 1,74,1.0,-1,{}
3,Notificacion estudiante cancelacion soli,2016-05-23 11:25:03,2016-05-23 11:25:03,Role 2,67,1.0,-1,{}
54,Homologacion por grupo de cursos,2016-05-23 11:34:30,2016-05-23 11:34:45,Role 3,75,1.5632560483870968,-1,{}
56,Radicar Solicitud Homologacion,2016-05-23 12:11:29,2016-05-23 12:15:40,Role 1,74,1.1023185483870968,-1,{}
57,Traer informacion estudiante - banner,2016-05-23 12:51:41,2016-05-23 12:51:50,Role 1,73,1.0,-1,{}
53,Homologacion por grupo de cursos,2016-05-23 13:04:56,2016-05-23 13:07:01,Role 3,73,1.5632560483870968,-1,{}
55,Homologacion por grupo de cursos,2016-05-23 13:16:18,2016-05-23 13:16:29,Role 3,73,1.5632560483870968,-1,{}
58,Traer informacion estudiante - banner,2016-05-23 13:32:02,2016-05-23 13:32:11,Role 1,73,1.0,-1,{}
57,Radicar Solicitud Homologacion,2016-05-23 13:40:36,2016-05-23 13:44:57,Role 1,73,1.1023185483870968,-1,{}
34,Validar solicitud,2016-05-23 13:37:09,2016-05-23 13:51:24,Role 2,71,1.2416834677419355,-1,{}
59,Traer informacion estudiante - banner,2016-05-23 14:21:08,2016-05-23 14:21:18,Role 1,74,1.0,-1,{}
58,Radicar Solicitud Homologacion,2016-05-23 14:20:57,2016-05-23 14:24:57,Role 1,73,1.1023185483870968,-1,{}
36,Homologacion por grupo de cursos,2016-05-23 14:40:02,2016-05-23 14:40:09,Role 3,72,1.5632560483870968,-1,{}
55,Revisar curso,2016-05-23 15:05:56,2016-05-23 15:09:05,Role 2,72,1.047883064516129,-1,{}
59,Radicar Solicitud Homologacion,2016-05-23 15:10:35,2016-05-23 15:14:34,Role 1,74,1.1023185483870968,-1,{}
60,Traer informacion estudiante - banner,2016-05-23 15:19:50,2016-05-23 15:20:00,Role 1,74,1.0,-1,{}
56,Cancelar Solicitud,2016-05-23 15:23:47,2016-05-23 15:24:14,Role 2,72,1.2653729838709677,-1,{}
61,Traer informacion estudiante - banner,2016-05-23 16:10:46,2016-05-23 16:10:57,Role 1,75,1.0,-1,{}
60,Radicar Solicitud Homologacion,2016-05-23 16:08:41,2016-05-23 16:12:56,Role 1,74,1.1023185483870968,-1,{}
55,Evaluacion curso,2016-05-23 16:22:21,2016-05-23 16:22:30,Role 4,73,1.0778729838709677,-1,{}
58,Validar solicitud,2016-05-23 16:06:51,2016-05-23 16:25:50,Role 2,74,1.2416834677419355,-1,{}
37,Recepcion de documentos,2016-05-23 16:44:12,2016-05-23 16:47:47,Role 2,75,1.0148689516129032,-1,{}
57,Cancelar Solicitud,2016-05-23 16:50:09,2016-05-23 16:50:31,Role 2,73,1.2653729838709677,-1,{}
61,Radicar Solicitud Homologacion,2016-05-23 16:59:24,2016-05-23 17:03:33,Role 1,75,1.1023185483870968,-1,{}
59,Validar solicitud,2016-05-23 16:58:31,2016-05-23 17:17:08,Role 2,73,1.2416834677419355,-1,{}
55,Validar solicitud / pre-homologacion,2016-05-23 17:18:21,2016-05-23 17:18:34,Role 2,75,1.0128528225806452,-1,{}
62,Traer informacion estudiante - banner,2016-05-23 17:18:55,2016-05-23 17:19:06,Role 1,75,1.0,-1,{}
62,Radicar Solicitud Homologacion,2016-05-23 18:07:44,2016-05-23 18:11:56,Role 1,75,1.1023185483870968,-1,{}
60,Validar solicitud,2016-05-23 17:55:23,2016-05-23 18:13:20,Role 2,75,1.2416834677419355,-1,{}
58,Recepcion de documentos,2016-05-23 18:36:12,2016-05-23 18:37:13,Role 2,75,1.0148689516129032,-1,{}
63,Traer informacion estudiante - banner,2016-05-23 18:53:05,2016-05-23 18:53:17,Role 1,76,1.0,-1,{}
34,Homologacion por grupo de cursos,2016-05-23 19:10:35,2016-05-23 19:10:35,Role 3,73,1.5632560483870968,-1,{}
64,Traer informacion estudiante - banner,2016-05-23 19:14:25,2016-05-23 19:14:37,Role 1,76,1.0,-1,{}
59,Homologacion por grupo de cursos,2016-05-23 19:31:09,2016-05-23 19:31:15,Role 3,75,1.5632560483870968,-1,{}
38,Recepcion de documentos,2016-05-23 19:38:53,2016-05-23 19:41:57,Role 2,77,1.0148689516129032,-1,{}
63,Radicar Solicitud Homologacion,2016-05-23 19:41:52,2016-05-23 19:46:00,Role 1,76,1.1023185483870968,-1,{}
64,Radicar Solicitud Homologacion,2016-05-23 20:03:12,2016-05-23 20:07:19,Role 1,76,1.1023185483870968,-1,{}
62,Validar solicitud,2016-05-23 19:55:08,2016-05-23 20:12:18,Role 2,75,1.2416834677419355,-1,{}
61,Cancelar Solicitud,2016-05-23 20:11:59,2016-05-23 20:12:20,Role 2,75,1.2653729838709677,-1,{}
60,Homologacion por grupo de cursos,2016-05-23 20:25:36,2016-05-23 20:25:41,Role 3,75,1.5632560483870968,-1,{}
65,Traer informacion estudiante - banner,2016-05-23 20:27:55,2016-05-23 20:28:07,Role 1,75,1.0,-1,{}
58,Homologacion por grupo de cursos,2016-05-23 20:34:43,2016-05-23 20:36:01,Role 3,75,1.5632560483870968,-1,{}
65,Radicar Solicitud Homologacion,2016-05-23 21:16:45,2016-05-23 21:20:25,Role 1,75,1.1023185483870968,-1,{}
63,Validar solicitud,2016-05-23 21:30:24,2016-05-23 21:46:50,Role 2,75,1.2416834677419355,-1,{}
66,Traer informacion estudiante - banner,2016-05-23 21:50:45,2016-05-23 21:50:58,Role 1,75,1.0,-1,{}
32,Cancelar Solicitud,2016-05-23 22:02:17,2016-05-23 22:02:20,Role 2,70,1.2653729838709677,-1,{}
64,Validar solicitud,2016-05-23 21:51:17,2016-05-23 22:07:38,Role 2,75,1.2416834677419355,-1,{}
62,Recepcion de documentos,2016-05-23 22:24:09,2016-05-23 22:24:56,Role 2,75,1.0148689516129032,-1,{}
66,Radicar Solicitud Homologacion,2016-05-23 22:39:36,2016-05-23 22:43:14,Role 1,75,1.1023185483870968,-1,{}
67,Traer informacion estudiante - banner,2016-05-23 22:49:28,2016-05-23 22:49:41,Role 1,76,1.0,-1,{}
67,Radicar Solicitud Homologacion,2016-05-23 23:38:16,2016-05-23 23:41:55,Role 1,76,1.1023185483870968,-1,{}
63,Homologacion por grupo de cursos,2016-05-24 00:01:02,2016-05-24 00:01:31,Role 3,74,1.5632560483870968,-1,{}
68,Traer informacion estudiante - banner,2016-05-24 00:06:25,2016-05-24 00:07:41,Role 1,77,1.0,-1,{}
64,Recepcion de documentos,2016-05-24 00:20:46,2016-05-24 00:23:39,Role 2,75,1.0148689516129032,-1,{}
62,Homologacion por grupo de cursos,2016-05-24 00:23:29,2016-05-24 00:27:11,Role 3,75,1.5632560483870968,-1,{}
65,Cancelar Solicitud,2016-05-24 00:31:17,2016-05-24 00:33:01,Role 2,74,1.2653729838709677,-1,{}
33,Cancelar Solicitud,2016-05-24 00:37:14,2016-05-24 00:38:33,Role 2,69,1.2653729838709677,-1,{}
66,Validar solicitud,2016-05-24 00:26:52,2016-05-24 01:01:06,Role 2,75,1.2416834677419355,-1,{}
69,Traer informacion estudiante - banner,2016-05-24 01:19:38,2016-05-24 01:20:51,Role 1,77,1.0,-1,{}
68,Radicar Solicitud Homologacion,2016-05-24 01:20:55,2016-05-24 01:42:07,Role 1,77,1.1023185483870968,-1,{}
67,Validar solicitud,2016-05-24 01:26:32,2016-05-24 01:57:23,Role 2,76,1.2416834677419355,-1,{}
39,Validar solicitud,2016-05-24 01:46:33,2016-05-24 02:42:20,Role 2,71,2.2416834677419355,-1,{}
69,Radicar Solicitud Homologacion,2016-05-24 02:34:05,2016-05-24 02:55:27,Role 1,77,1.1023185483870968,-1,{}
63,Revisar curso,2016-05-24 02:54:34,2016-05-24 03:05:12,Role 2,76,1.047883064516129,-1,{}
70,Traer informacion estudiante - banner,2016-05-24 03:37:14,2016-05-24 03:38:23,Role 1,78,1.0,-1,{}
64,Homologacion por grupo de cursos,2016-05-24 03:46:25,2016-05-24 03:53:45,Role 3,77,1.5632560483870968,-1,{}
66,Recepcion de documentos,2016-05-24 04:36:01,2016-05-24 04:42:40,Role 2,76,1.0148689516129032,-1,{}
50,Notificacion estudiante cancelacion soli,2016-05-24 05:07:24,2016-05-24 05:07:24,Role 2,77,1.0,-1,{}
70,Radicar Solicitud Homologacion,2016-05-24 04:53:00,2016-05-24 05:12:27,Role 1,78,1.1023185483870968,-1,{}
67,Homologacion por grupo de cursos,2016-05-24 05:35:03,2016-05-24 05:36:12,Role 3,77,1.5632560483870968,-1,{}
52,Notificacion estudiante cancelacion soli,2016-05-24 06:41:56,2016-05-24 06:41:56,Role 2,75,1.0,-1,{}
63,Evaluacion curso,2016-05-24 07:15:25,2016-05-24 07:15:54,Role 4,77,1.0778729838709677,-1,{}
71,Traer informacion estudiante - banner,2016-05-24 08:11:16,2016-05-24 08:12:15,Role 1,75,1.0,-1,{}
72,Traer informacion estudiante - banner,2016-05-24 09:22:13,2016-05-24 09:23:11,Role 1,76,1.0,-1,{}
71,Radicar Solicitud Homologacion,2016-05-24 09:22:52,2016-05-24 09:39:39,Role 1,75,1.1023185483870968,-1,{}
29,Recepcion de documentos,2016-05-24 09:53:10,2016-05-24 09:54:03,Role 2,72,1.0148689516129032,-1,{}
35,Cancelar Solicitud,2016-05-24 10:02:46,2016-05-24 10:02:53,Role 2,72,1.2653729838709677,-1,{}
73,Traer informacion estudiante - banner,2016-05-24 10:37:37,2016-05-24 10:38:38,Role 1,77,1.0,-1,{}
72,Radicar Solicitud Homologacion,2016-05-24 10:35:21,2016-05-24 10:52:24,Role 1,76,1.1023185483870968,-1,{}
40,Validar solicitud,2016-05-24 10:04:55,2016-05-24 10:56:17,Role 2,75,1.2416834677419355,-1,{}
30,Recepcion de documentos,2016-05-24 11:05:07,2016-05-24 11:05:18,Role 2,72,1.0148689516129032,-1,{}
74,Traer informacion estudiante - banner,2016-05-24 11:17:12,2016-05-24 11:18:09,Role 1,78,1.0,-1,{}
56,Notificacion estudiante cancelacion soli,2016-05-24 12:05:26,2016-05-24 12:05:26,Role 2,74,1.0,-1,{}
73,Radicar Solicitud Homologacion,2016-05-24 11:52:01,2016-05-24 12:07:47,Role 1,77,1.1023185483870968,-1,{}
66,Homologacion por grupo de cursos,2016-05-24 12:31:19,2016-05-24 12:36:40,Role 3,77,1.5632560483870968,-1,{}
74,Radicar Solicitud Homologacion,2016-05-24 12:32:46,2016-05-24 12:50:46,Role 1,78,1.1023185483870968,-1,{}
57,Notificacion estudiante cancelacion soli,2016-05-24 13:03:09,2016-05-24 13:03:09,Role 2,75,1.0,-1,{}
75,Traer informacion estudiante - banner,2016-05-24 13:17:18,2016-05-24 13:18:11,Role 1,76,1.0,-1,{}
37,Homologacion por grupo de cursos,2016-05-24 13:17:39,2016-05-24 13:18:25,Role 3,75,1.5632560483870968,-1,{}
43,Validar solicitud,2016-05-24 13:55:07,2016-05-24 14:43:41,Role 2,77,1.2416834677419355,-1,{}
75,Radicar Solicitud Homologacion,2016-05-24 14:40:00,2016-05-24 14:55:20,Role 1,76,1.1023185483870968,-1,{}
76,Traer informacion estudiante - banner,2016-05-24 14:56:28,2016-05-24 14:57:20,Role 1,77,1.0,-1,{}
63,Validacion final,2016-05-24 15:38:08,2016-05-24 15:38:24,Role 2,74,1.0100806451612903,-1,{}
77,Traer informacion estudiante - banner,2016-05-24 16:10:30,2016-05-24 16:11:22,Role 1,78,1.0,-1,{}
38,Homologacion por grupo de cursos,2016-05-24 16:18:30,2016-05-24 16:18:58,Role 3,75,1.5632560483870968,-1,{}
76,Radicar Solicitud Homologacion,2016-05-24 16:10:34,2016-05-24 16:25:00,Role 1,77,1.1023185483870968,-1,{}
61,Notificacion estudiante cancelacion soli,2016-05-24 16:41:40,2016-05-24 16:41:40,Role 2,75,1.0,-1,{}
77,Radicar Solicitud Homologacion,2016-05-24 17:26:15,2016-05-24 17:40:46,Role 1,78,1.1023185483870968,-1,{}
78,Traer informacion estudiante - banner,2016-05-24 17:46:12,2016-05-24 17:47:05,Role 1,77,1.0,-1,{}
44,Validar solicitud,2016-05-24 17:04:31,2016-05-24 17:51:19,Role 2,78,1.2416834677419355,-1,{}
79,Traer informacion estudiante - banner,2016-05-24 18:08:24,2016-05-24 18:09:14,Role 1,78,1.0,-1,{}
78,Radicar Solicitud Homologacion,2016-05-24 18:59:35,2016-05-24 19:12:39,Role 1,77,1.1023185483870968,-1,{}
79,Radicar Solicitud Homologacion,2016-05-24 19:23:51,2016-05-24 19:37:13,Role 1,78,1.1023185483870968,-1,{}
80,Traer informacion estudiante - banner,2016-05-24 20:17:23,2016-05-24 20:18:13,Role 1,79,1.0,-1,{}
81,Traer informacion estudiante - banner,2016-05-24 21:12:00,2016-05-24 21:12:50,Role 1,80,1.0,-1,{}
63,Visto Bueno Cierre Proceso,2016-05-24 21:44:35,2016-05-24 21:45:28,Role 3,77,1.0327620967741935,-1,{}
80,Radicar Solicitud Homologacion,2016-05-24 21:34:15,2016-05-24 21:47:10,Role 1,79,1.1023185483870968,-1,{}
81,Radicar Solicitud Homologacion,2016-05-24 22:30:20,2016-05-24 22:42:59,Role 1,80,1.1023185483870968,-1,{}
82,Traer informacion estudiante - banner,2016-05-24 22:47:21,2016-05-24 22:48:10,Role 1,80,1.0,-1,{}
83,Traer informacion estudiante - banner,2016-05-24 23:04:41,2016-05-24 23:05:30,Role 1,81,1.0,-1,{}
84,Traer informacion estudiante - banner,2016-05-25 00:06:35,2016-05-25 00:06:50,Role 1,82,1.0,-1,{}
82,Radicar Solicitud Homologacion,2016-05-25 00:05:40,2016-05-25 00:17:52,Role 1,80,1.1023185483870968,-1,{}
83,Radicar Solicitud Homologacion,2016-05-25 00:24:30,2016-05-25 00:36:48,Role 1,81,1.1023185483870968,-1,{}
84,Radicar Solicitud Homologacion,2016-05-25 00:41:42,2016-05-25 00:45:28,Role 1,82,1.1023185483870968,-1,{}
85,Traer informacion estudiante - banner,2016-05-25 01:23:15,2016-05-25 01:23:30,Role 1,83,1.0,-1,{}
85,Radicar Solicitud Homologacion,2016-05-25 01:56:45,2016-05-25 02:00:28,Role 1,83,1.1023185483870968,-1,{}
86,Traer informacion estudiante - banner,2016-05-25 02:18:37,2016-05-25 02:18:53,Role 1,84,1.0,-1,{}
86,Radicar Solicitud Homologacion,2016-05-25 02:51:04,2016-05-25 02:54:59,Role 1,84,1.1023185483870968,-1,{}
68,Validar solicitud,2016-05-25 02:19:19,2016-05-25 02:57:28,Role 2,77,1.2416834677419355,-1,{}
84,Cancelar Solicitud,2016-05-25 03:30:38,2016-05-25 03:31:00,Role 2,82,1.2653729838709677,-1,{}
85,Cancelar Solicitud,2016-05-25 04:41:22,2016-05-25 04:41:40,Role 2,83,1.2653729838709677,-1,{}
86,Cancelar Solicitud,2016-05-25 05:28:44,2016-05-25 05:28:57,Role 2,84,1.2653729838709677,-1,{}
46,Cancelar Solicitud,2016-05-25 06:54:44,2016-05-25 06:54:44,Role 2,79,1.2653729838709677,-1,{}
47,Cancelar Solicitud,2016-05-25 07:59:40,2016-05-25 07:59:40,Role 2,79,1.2653729838709677,-1,{}
87,Traer informacion estudiante - banner,2016-05-25 09:27:43,2016-05-25 09:27:59,Role 1,85,1.0,-1,{}
88,Traer informacion estudiante - banner,2016-05-25 10:00:57,2016-05-25 10:01:17,Role 1,86,1.0,-1,{}
29,Homologacion por grupo de cursos,2016-05-25 10:00:54,2016-05-25 10:01:37,Role 3,76,1.5632560483870968,-1,{}
87,Radicar Solicitud Homologacion,2016-05-25 09:59:08,2016-05-25 10:02:25,Role 1,85,1.1023185483870968,-1,{}
83,Validar solicitud,2016-05-25 09:57:52,2016-05-25 10:07:54,Role 2,82,1.2416834677419355,-1,{}
48,Cancelar Solicitud,2016-05-25 10:29:58,2016-05-25 10:29:58,Role 2,81,1.2653729838709677,-1,{}
88,Radicar Solicitud Homologacion,2016-05-25 10:36:37,2016-05-25 10:40:08,Role 1,86,1.1023185483870968,-1,{}
71,Validar solicitud,2016-05-25 10:15:50,2016-05-25 10:47:20,Role 2,76,1.2416834677419355,-1,{}
30,Homologacion por grupo de cursos,2016-05-25 11:42:16,2016-05-25 11:42:48,Role 3,77,1.5632560483870968,-1,{}
72,Validar solicitud,2016-05-25 11:20:33,2016-05-25 11:50:40,Role 2,77,1.2416834677419355,-1,{}
37,Revisar curso,2016-05-25 12:32:03,2016-05-25 12:35:30,Role 2,76,1.047883064516129,-1,{}
87,Cancelar Solicitud,2016-05-25 12:35:49,2016-05-25 12:35:49,Role 2,85,1.2653729838709677,-1,{}
73,Validar solicitud,2016-05-25 12:33:06,2016-05-25 13:03:54,Role 2,77,1.2416834677419355,-1,{}
88,Cancelar Solicitud,2016-05-25 14:49:06,2016-05-25 14:49:06,Role 2,85,1.2653729838709677,-1,{}
74,Validar solicitud,2016-05-25 14:22:34,2016-05-25 14:53:37,Role 2,76,1.2416834677419355,-1,{}
41,Cancelar Solicitud,2016-05-25 15:56:22,2016-05-25 15:57:44,Role 2,76,1.2653729838709677,-1,{}
89,Traer informacion estudiante - banner,2016-05-25 16:13:20,2016-05-25 16:13:38,Role 1,85,1.0,-1,{}
89,Radicar Solicitud Homologacion,2016-05-25 16:44:47,2016-05-25 16:47:27,Role 1,85,1.1023185483870968,-1,{}
42,Cancelar Solicitud,2016-05-25 16:57:01,2016-05-25 16:58:19,Role 2,76,1.2653729838709677,-1,{}
90,Traer informacion estudiante - banner,2016-05-25 17:11:44,2016-05-25 17:12:02,Role 1,86,1.0,-1,{}
90,Radicar Solicitud Homologacion,2016-05-25 17:42:09,2016-05-25 17:44:49,Role 1,86,1.1023185483870968,-1,{}
91,Traer informacion estudiante - banner,2016-05-25 18:08:07,2016-05-25 18:08:26,Role 1,87,1.0,-1,{}
83,Homologacion por grupo de cursos,2016-05-25 18:17:31,2016-05-25 18:17:31,Role 3,85,1.5632560483870968,-1,{}
91,Radicar Solicitud Homologacion,2016-05-25 18:37:33,2016-05-25 18:40:14,Role 1,87,1.1023185483870968,-1,{}
92,Traer informacion estudiante - banner,2016-05-25 19:01:02,2016-05-25 19:01:21,Role 1,88,1.0,-1,{}
89,Cancelar Solicitud,2016-05-25 19:27:44,2016-05-25 19:27:44,Role 2,85,1.2653729838709677,-1,{}
92,Radicar Solicitud Homologacion,2016-05-25 19:29:29,2016-05-25 19:32:20,Role 1,88,1.1023185483870968,-1,{}
78,Validar solicitud,2016-05-25 19:19:02,2016-05-25 19:45:02,Role 2,78,1.2416834677419355,-1,{}
90,Cancelar Solicitud,2016-05-25 20:24:52,2016-05-25 20:24:52,Role 2,86,1.2653729838709677,-1,{}
93,Traer informacion estudiante - banner,2016-05-25 20:28:19,2016-05-25 20:28:39,Role 1,89,1.0,-1,{}
93,Radicar Solicitud Homologacion,2016-05-25 20:55:49,2016-05-25 20:58:29,Role 1,89,1.1023185483870968,-1,{}
68,Recepcion de documentos,2016-05-25 21:06:29,2016-05-25 21:07:02,Role 2,84,1.0148689516129032,-1,{}
91,Cancelar Solicitud,2016-05-25 21:20:04,2016-05-25 21:20:04,Role 2,87,1.2653729838709677,-1,{}
75,Validar solicitud,2016-05-25 21:06:16,2016-05-25 21:31:55,Role 2,76,1.2416834677419355,-1,{}
94,Traer informacion estudiante - banner,2016-05-25 21:40:13,2016-05-25 21:40:34,Role 1,90,1.0,-1,{}
93,Validar solicitud,2016-05-25 21:35:53,2016-05-25 21:46:57,Role 2,89,1.2416834677419355,-1,{}
93,Homologacion por grupo de cursos,2016-05-25 21:47:01,2016-05-25 21:47:01,Role 3,90,1.5632560483870968,-1,{}
92,Cancelar Solicitud,2016-05-25 22:04:55,2016-05-25 22:04:55,Role 2,88,1.2653729838709677,-1,{}
83,Revisar curso,2016-05-25 22:05:37,2016-05-25 22:05:57,Role 2,87,1.047883064516129,-1,{}
94,Radicar Solicitud Homologacion,2016-05-25 22:05:15,2016-05-25 22:07:48,Role 1,90,1.1023185483870968,-1,{}
45,Cancelar Solicitud,2016-05-25 22:37:56,2016-05-25 22:38:50,Role 2,78,1.2653729838709677,-1,{}
95,Traer informacion estudiante - banner,2016-05-25 22:46:18,2016-05-25 22:46:39,Role 1,90,1.0,-1,{}
94,Validar solicitud,2016-05-25 22:40:53,2016-05-25 22:51:39,Role 2,89,1.2416834677419355,-1,{}
94,Homologacion por grupo de cursos,2016-05-25 22:51:43,2016-05-25 22:51:43,Role 3,90,1.5632560483870968,-1,{}
96,Traer informacion estudiante - banner,2016-05-25 23:04:40,2016-05-25 23:05:01,Role 1,90,1.0,-1,{}
95,Radicar Solicitud Homologacion,2016-05-25 23:11:20,2016-05-25 23:13:52,Role 1,90,1.1023185483870968,-1,{}
96,Radicar Solicitud Homologacion,2016-05-25 23:31:14,2016-05-25 23:33:51,Role 1,90,1.1023185483870968,-1,{}
83,Cancelar curso,2016-05-25 23:54:47,2016-05-25 23:54:52,Role 1,89,1.001008064516129,-1,{}
97,Traer informacion estudiante - banner,2016-05-26 00:23:51,2016-05-26 00:24:51,Role 1,90,1.0,-1,{}
96,Validar solicitud,2016-05-26 00:09:46,2016-05-26 00:26:38,Role 2,90,1.2416834677419355,-1,{}
96,Recepcion de documentos,2016-05-26 00:26:42,2016-05-26 00:27:28,Role 2,90,1.0148689516129032,-1,{}
96,Homologacion por grupo de cursos,2016-05-26 00:27:32,2016-05-26 00:28:34,Role 3,90,1.5632560483870968,-1,{}
95,Cancelar Solicitud,2016-05-26 01:41:50,2016-05-26 01:41:54,Role 2,90,1.2653729838709677,-1,{}
98,Traer informacion estudiante - banner,2016-05-26 01:48:13,2016-05-26 01:49:07,Role 1,90,1.0,-1,{}
99,Traer informacion estudiante - banner,2016-05-26 02:13:53,2016-05-26 02:14:47,Role 1,91,1.0,-1,{}
37,Evaluacion curso,2016-05-26 03:29:55,2016-05-26 03:30:25,Role 4,84,1.0778729838709677,-1,{}
100,Traer informacion estudiante - banner,2016-05-26 03:42:03,2016-05-26 03:42:55,Role 1,92,1.0,-1,{}
84,Notificacion estudiante cancelacion soli,2016-05-26 03:57:32,2016-05-26 03:57:32,Role 2,84,1.0,-1,{}
97,Radicar Solicitud Homologacion,2016-05-26 03:55:27,2016-05-26 04:06:12,Role 1,90,1.1023185483870968,-1,{}
82,Cancelar Solicitud,2016-05-26 04:43:38,2016-05-26 04:43:44,Role 2,82,1.2653729838709677,-1,{}
85,Notificacion estudiante cancelacion soli,2016-05-26 04:56:41,2016-05-26 04:56:41,Role 2,84,1.0,-1,{}
71,Recepcion de documentos,2016-05-26 04:56:33,2016-05-26 04:57:12,Role 2,85,1.0148689516129032,-1,{}
86,Notificacion estudiante cancelacion soli,2016-05-26 05:11:59,2016-05-26 05:11:59,Role 2,84,1.0,-1,{}
98,Radicar Solicitud Homologacion,2016-05-26 05:34:19,2016-05-26 05:44:34,Role 1,90,1.1023185483870968,-1,{}
68,Homologacion por grupo de cursos,2016-05-26 05:46:10,2016-05-26 05:47:31,Role 3,89,1.5632560483870968,-1,{}
72,Homologacion por grupo de cursos,2016-05-26 05:49:13,2016-05-26 05:49:13,Role 3,84,1.5632560483870968,-1,{}
99,Radicar Solicitud Homologacion,2016-05-26 05:51:29,2016-05-26 06:01:39,Role 1,91,1.1023185483870968,-1,{}
73,Recepcion de documentos,2016-05-26 07:17:11,2016-05-26 07:17:33,Role 2,84,1.0148689516129032,-1,{}
100,Radicar Solicitud Homologacion,2016-05-26 07:11:18,2016-05-26 07:21:06,Role 1,92,1.1023185483870968,-1,{}
101,Traer informacion estudiante - banner,2016-05-26 07:24:07,2016-05-26 07:24:51,Role 1,89,1.0,-1,{}
102,Traer informacion estudiante - banner,2016-05-26 08:42:20,2016-05-26 08:43:03,Role 1,90,1.0,-1,{}
65,Notificacion estudiante cancelacion soli,2016-05-26 09:04:05,2016-05-26 09:04:05,Role 2,76,1.0,-1,{}
74,Homologacion por grupo de cursos,2016-05-26 09:15:52,2016-05-26 09:15:52,Role 3,84,1.5632560483870968,-1,{}
97,Validar solicitud,2016-05-26 08:48:11,2016-05-26 09:22:15,Role 2,91,1.2416834677419355,-1,{}
103,Traer informacion estudiante - banner,2016-05-26 10:48:22,2016-05-26 10:49:02,Role 1,90,1.0,-1,{}
101,Radicar Solicitud Homologacion,2016-05-26 11:18:42,2016-05-26 11:27:32,Role 1,89,1.1023185483870968,-1,{}
98,Validar solicitud,2016-05-26 10:58:30,2016-05-26 11:30:45,Role 2,89,1.2416834677419355,-1,{}
87,Notificacion estudiante cancelacion soli,2016-05-26 11:36:52,2016-05-26 11:36:52,Role 2,84,1.0,-1,{}
68,Revisar curso,2016-05-26 12:09:04,2016-05-26 12:10:08,Role 2,89,1.047883064516129,-1,{}
102,Radicar Solicitud Homologacion,2016-05-26 12:28:15,2016-05-26 12:36:24,Role 1,90,1.1023185483870968,-1,{}
104,Traer informacion estudiante - banner,2016-05-26 12:40:38,2016-05-26 12:41:16,Role 1,90,1.0,-1,{}
78,Recepcion de documentos,2016-05-26 13:45:17,2016-05-26 13:45:24,Role 2,88,1.0148689516129032,-1,{}
99,Cancelar Solicitud,2016-05-26 14:14:17,2016-05-26 14:15:11,Role 2,88,1.2653729838709677,-1,{}
103,Radicar Solicitud Homologacion,2016-05-26 14:34:14,2016-05-26 14:41:53,Role 1,90,1.1023185483870968,-1,{}
97,Homologacion por grupo de cursos,2016-05-26 15:02:50,2016-05-26 15:02:50,Role 3,89,1.5632560483870968,-1,{}
105,Traer informacion estudiante - banner,2016-05-26 15:08:56,2016-05-26 15:09:33,Role 1,91,1.0,-1,{}
100,Cancelar Solicitud,2016-05-26 15:23:46,2016-05-26 15:24:28,Role 2,88,1.2653729838709677,-1,{}
106,Traer informacion estudiante - banner,2016-05-26 16:04:46,2016-05-26 16:05:22,Role 1,92,1.0,-1,{}
104,Radicar Solicitud Homologacion,2016-05-26 16:26:28,2016-05-26 16:33:46,Role 1,90,1.1023185483870968,-1,{}
107,Traer informacion estudiante - banner,2016-05-26 16:39:51,2016-05-26 16:40:28,Role 1,93,1.0,-1,{}
98,Homologacion por grupo de cursos,2016-05-26 17:39:19,2016-05-26 17:39:19,Role 3,90,1.5632560483870968,-1,{}
68,Cancelar curso,2016-05-26 17:39:16,2016-05-26 17:39:55,Role 1,89,1.001008064516129,-1,{}
108,Traer informacion estudiante - banner,2016-05-26 18:14:38,2016-05-26 18:15:13,Role 1,92,1.0,-1,{}
105,Radicar Solicitud Homologacion,2016-05-26 18:46:15,2016-05-26 18:53:08,Role 1,91,1.1023185483870968,-1,{}
89,Notificacion estudiante cancelacion soli,2016-05-26 18:57:29,2016-05-26 18:57:29,Role 2,88,1.0,-1,{}
75,Recepcion de documentos,2016-05-26 19:05:47,2016-05-26 19:05:58,Role 2,89,1.0148689516129032,-1,{}
97,Revisar curso,2016-05-26 19:14:07,2016-05-26 19:16:28,Role 2,90,1.047883064516129,-1,{}
101,Cancelar Solicitud,2016-05-26 19:32:30,2016-05-26 19:32:41,Role 2,90,1.2653729838709677,-1,{}
106,Radicar Solicitud Homologacion,2016-05-26 19:33:45,2016-05-26 19:40:30,Role 1,92,1.1023185483870968,-1,{}
71,Homologacion por grupo de cursos,2016-05-26 19:42:05,2016-05-26 19:43:13,Role 3,90,1.5632560483870968,-1,{}
107,Radicar Solicitud Homologacion,2016-05-26 20:00:42,2016-05-26 20:07:23,Role 1,93,1.1023185483870968,-1,{}
109,Traer informacion estudiante - banner,2016-05-26 20:11:18,2016-05-26 20:11:52,Role 1,91,1.0,-1,{}
102,Cancelar Solicitud,2016-05-26 20:52:34,2016-05-26 20:52:40,Role 2,89,1.2653729838709677,-1,{}
90,Notificacion estudiante cancelacion soli,2016-05-26 21:00:13,2016-05-26 21:00:13,Role 2,88,1.0,-1,{}
91,Notificacion estudiante cancelacion soli,2016-05-26 21:08:23,2016-05-26 21:08:23,Role 2,89,1.0,-1,{}
110,Traer informacion estudiante - banner,2016-05-26 21:26:14,2016-05-26 21:26:47,Role 1,90,1.0,-1,{}
108,Radicar Solicitud Homologacion,2016-05-26 21:43:36,2016-05-26 21:49:56,Role 1,92,1.1023185483870968,-1,{}
88,Notificacion estudiante cancelacion soli,2016-05-26 22:05:11,2016-05-26 22:05:11,Role 2,84,1.0,-1,{}
92,Notificacion estudiante cancelacion soli,2016-05-26 22:15:31,2016-05-26 22:15:31,Role 2,89,1.0,-1,{}
73,Homologacion por grupo de cursos,2016-05-26 22:15:53,2016-05-26 22:16:43,Role 3,88,1.5632560483870968,-1,{}
111,Traer informacion estudiante - banner,2016-05-26 22:19:38,2016-05-26 22:20:10,Role 1,88,1.0,-1,{}
97,Cancelar curso,2016-05-26 22:32:49,2016-05-26 22:33:10,Role 1,91,1.001008064516129,-1,{}
103,Cancelar Solicitud,2016-05-26 22:51:22,2016-05-26 22:51:22,Role 2,90,1.2653729838709677,-1,{}
112,Traer informacion estudiante - banner,2016-05-26 23:11:19,2016-05-26 23:11:51,Role 1,88,1.0,-1,{}
74,Revisar curso,2016-05-26 23:32:03,2016-05-26 23:33:22,Role 2,89,1.047883064516129,-1,{}
109,Radicar Solicitud Homologacion,2016-05-26 23:48:34,2016-05-26 23:54:28,Role 1,91,1.1023185483870968,-1,{}
113,Traer informacion estudiante - banner,2016-05-26 23:57:01,2016-05-26 23:57:33,Role 1,89,1.0,-1,{}
104,Cancelar Solicitud,2016-05-27 00:30:04,2016-05-27 00:31:17,Role 2,92,1.2653729838709677,-1,{}
106,Validar solicitud,2016-05-27 00:24:44,2016-05-27 00:44:52,Role 2,91,1.2416834677419355,-1,{}
69,Cancelar Solicitud,2016-05-27 00:50:31,2016-05-27 00:53:49,Role 2,77,1.2653729838709677,-1,{}
37,Validacion final,2016-05-27 00:53:26,2016-05-27 00:54:07,Role 2,91,1.0100806451612903,-1,{}
114,Traer informacion estudiante - banner,2016-05-27 01:16:06,2016-05-27 01:17:26,Role 1,90,1.0,-1,{}
110,Radicar Solicitud Homologacion,2016-05-27 01:11:59,2016-05-27 01:20:54,Role 1,90,1.1023185483870968,-1,{}
114,Radicar Solicitud Homologacion,2016-05-27 01:55:32,2016-05-27 02:07:39,Role 1,90,1.1023185483870968,-1,{}
111,Radicar Solicitud Homologacion,2016-05-27 02:22:51,2016-05-27 02:31:23,Role 1,88,1.1023185483870968,-1,{}
106,Homologacion por grupo de cursos,2016-05-27 02:31:50,2016-05-27 02:32:32,Role 3,89,1.5632560483870968,-1,{}
105,Cancelar Solicitud,2016-05-27 02:39:32,2016-05-27 02:40:22,Role 2,92,1.2653729838709677,-1,{}
112,Radicar Solicitud Homologacion,2016-05-27 03:14:32,2016-05-27 03:22:48,Role 1,88,1.1023185483870968,-1,{}
107,Cancelar Solicitud,2016-05-27 03:47:29,2016-05-27 03:48:08,Role 2,90,1.2653729838709677,-1,{}
113,Radicar Solicitud Homologacion,2016-05-27 03:51:24,2016-05-27 03:59:35,Role 1,89,1.1023185483870968,-1,{}
115,Traer informacion estudiante - banner,2016-05-27 04:18:55,2016-05-27 04:20:08,Role 1,90,1.0,-1,{}
78,Homologacion por grupo de cursos,2016-05-27 04:30:47,2016-05-27 04:31:50,Role 3,90,1.5632560483870968,-1,{}
70,Cancelar Solicitud,2016-05-27 04:54:06,2016-05-27 04:56:48,Role 2,76,1.2653729838709677,-1,{}
115,Radicar Solicitud Homologacion,2016-05-27 04:57:12,2016-05-27 05:08:20,Role 1,90,1.1023185483870968,-1,{}
109,Validar solicitud,2016-05-27 05:03:25,2016-05-27 05:20:09,Role 2,88,1.2416834677419355,-1,{}
108,Cancelar Solicitud,2016-05-27 05:39:34,2016-05-27 05:40:02,Role 2,90,1.2653729838709677,-1,{}
110,Cancelar Solicitud,2016-05-27 06:20:42,2016-05-27 06:22:09,Role 2,90,1.2653729838709677,-1,{}
109,Homologacion por grupo de cursos,2016-05-27 07:23:08,2016-05-27 07:23:23,Role 3,89,1.5632560483870968,-1,{}
111,Cancelar Solicitud,2016-05-27 07:39:36,2016-05-27 07:40:59,Role 2,90,1.2653729838709677,-1,{}
114,Validar solicitud,2016-05-27 07:25:05,2016-05-27 07:44:05,Role 2,90,1.2416834677419355,-1,{}
32,Notificacion estudiante cancelacion soli,2016-05-27 08:23:42,2016-05-27 08:23:42,Role 2,75,1.0,-1,{}
95,Notificacion estudiante cancelacion soli,2016-05-27 08:25:41,2016-05-27 08:25:41,Role 2,89,1.0,-1,{}
116,Traer informacion estudiante - banner,2016-05-27 08:31:07,2016-05-27 08:32:12,Role 1,87,1.0,-1,{}
112,Cancelar Solicitud,2016-05-27 08:35:37,2016-05-27 08:36:46,Role 2,89,1.2653729838709677,-1,{}
113,Cancelar Solicitud,2016-05-27 09:08:03,2016-05-27 09:09:08,Role 2,89,1.2653729838709677,-1,{}
116,Radicar Solicitud Homologacion,2016-05-27 09:15:25,2016-05-27 09:25:02,Role 1,87,1.1023185483870968,-1,{}
117,Traer informacion estudiante - banner,2016-05-27 09:50:16,2016-05-27 09:51:19,Role 1,88,1.0,-1,{}
117,Radicar Solicitud Homologacion,2016-05-27 10:32:26,2016-05-27 10:41:49,Role 1,88,1.1023185483870968,-1,{}
114,Recepcion de documentos,2016-05-27 11:59:58,2016-05-27 12:01:57,Role 2,88,1.0148689516129032,-1,{}
114,Homologacion por grupo de cursos,2016-05-27 12:02:01,2016-05-27 12:03:50,Role 3,88,1.5632560483870968,-1,{}
75,Homologacion por grupo de cursos,2016-05-27 12:18:57,2016-05-27 12:19:54,Role 3,91,1.5632560483870968,-1,{}
37,Visto Bueno Cierre Proceso,2016-05-27 12:39:25,2016-05-27 12:40:06,Role 3,89,1.0327620967741935,-1,{}
74,Cancelar curso,2016-05-27 13:07:22,2016-05-27 13:07:51,Role 1,88,1.001008064516129,-1,{}
118,Traer informacion estudiante - banner,2016-05-27 13:50:33,2016-05-27 13:51:30,Role 1,86,1.0,-1,{}
119,Traer informacion estudiante - banner,2016-05-27 14:02:26,2016-05-27 14:03:23,Role 1,87,1.0,-1,{}
118,Radicar Solicitud Homologacion,2016-05-27 14:36:52,2016-05-27 14:45:05,Role 1,86,1.1023185483870968,-1,{}
119,Radicar Solicitud Homologacion,2016-05-27 14:46:36,2016-05-27 14:54:50,Role 1,87,1.1023185483870968,-1,{}
76,Cancelar Solicitud,2016-05-27 15:31:15,2016-05-27 15:32:14,Role 2,77,1.2653729838709677,-1,{}
17,Notificacion estudiante cancelacion soli,2016-05-27 16:04:07,2016-05-27 16:04:07,Role 2,68,1.0,-1,{}
120,Traer informacion estudiante - banner,2016-05-27 16:05:07,2016-05-27 16:06:02,Role 1,87,1.0,-1,{}
77,Cancelar Solicitud,2016-05-27 16:27:41,2016-05-27 16:28:28,Role 2,76,1.2653729838709677,-1,{}
120,Radicar Solicitud Homologacion,2016-05-27 16:49:15,2016-05-27 16:57:01,Role 1,87,1.1023185483870968,-1,{}
121,Traer informacion estudiante - banner,2016-05-27 18:17:24,2016-05-27 18:18:17,Role 1,88,1.0,-1,{}
19,Notificacion estudiante cancelacion soli,2016-05-27 19:03:43,2016-05-27 19:03:43,Role 2,69,1.0,-1,{}
121,Radicar Solicitud Homologacion,2016-05-27 18:59:24,2016-05-27 19:06:48,Role 1,88,1.1023185483870968,-1,{}
79,Cancelar Solicitud,2016-05-27 19:21:00,2016-05-27 19:21:39,Role 2,78,1.2653729838709677,-1,{}
20,Notificacion estudiante cancelacion soli,2016-05-27 19:23:21,2016-05-27 19:23:21,Role 2,69,1.0,-1,{}
122,Traer informacion estudiante - banner,2016-05-27 20:03:35,2016-05-27 20:04:28,Role 1,87,1.0,-1,{}
118,Validar solicitud,2016-05-27 20:01:50,2016-05-27 20:12:43,Role 2,87,1.2416834677419355,-1,{}
119,Validar solicitud,2016-05-27 20:11:20,2016-05-27 20:21:32,Role 2,87,2.2416834677419355,-1,{}
122,Radicar Solicitud Homologacion,2016-05-27 20:40:51,2016-05-27 20:47:40,Role 1,87,1.1023185483870968,-1,{}
22,Notificacion estudiante cancelacion soli,2016-05-27 21:07:45,2016-05-27 21:07:45,Role 2,70,1.0,-1,{}
75,Revisar curso,2016-05-27 21:13:06,2016-05-27 21:13:59,Role 2,87,1.047883064516129,-1,{}
123,Traer informacion estudiante - banner,2016-05-27 21:18:44,2016-05-27 21:19:34,Role 1,87,1.0,-1,{}
124,Traer informacion estudiante - banner,2016-05-27 21:57:14,2016-05-27 21:58:04,Role 1,88,1.0,-1,{}
80,Cancelar Solicitud,2016-05-27 22:08:25,2016-05-27 22:08:55,Role 2,79,1.2653729838709677,-1,{}
123,Radicar Solicitud Homologacion,2016-05-27 22:02:47,2016-05-27 22:09:31,Role 1,87,1.1023185483870968,-1,{}
120,Validar solicitud,2016-05-27 22:13:31,2016-05-27 22:23:27,Role 2,87,1.2416834677419355,-1,{}
124,Radicar Solicitud Homologacion,2016-05-27 22:39:11,2016-05-27 22:45:52,Role 1,88,1.1023185483870968,-1,{}
125,Traer informacion estudiante - banner,2016-05-27 23:06:45,2016-05-27 23:07:34,Role 1,89,1.0,-1,{}
118,Homologacion por grupo de cursos,2016-05-27 23:34:25,2016-05-27 23:34:30,Role 3,87,1.5632560483870968,-1,{}
118,Revisar curso,2016-05-27 23:34:34,2016-05-27 23:35:18,Role 2,89,1.047883064516129,-1,{}
118,Evaluacion curso,2016-05-27 23:35:22,2016-05-27 23:35:48,Role 4,89,1.0778729838709677,-1,{}
118,Validar solicitud / pre-homologacion,2016-05-27 23:35:52,2016-05-27 23:36:27,Role 2,89,1.0128528225806452,-1,{}
81,Cancelar Solicitud,2016-05-27 23:40:37,2016-05-27 23:41:01,Role 2,79,1.2653729838709677,-1,{}
125,Radicar Solicitud Homologacion,2016-05-27 23:46:38,2016-05-27 23:53:09,Role 1,89,1.1023185483870968,-1,{}
119,Homologacion por grupo de cursos,2016-05-28 00:08:00,2016-05-28 00:08:00,Role 3,87,1.5632560483870968,-1,{}
24,Notificacion estudiante cancelacion soli,2016-05-28 00:30:03,2016-05-28 00:30:03,Role 2,69,1.0,-1,{}
126,Traer informacion estudiante - banner,2016-05-28 00:53:37,2016-05-28 00:54:06,Role 1,88,1.0,-1,{}
127,Traer informacion estudiante - banner,2016-05-28 01:10:09,2016-05-28 01:10:38,Role 1,89,1.0,-1,{}
128,Traer informacion estudiante - banner,2016-05-28 02:21:58,2016-05-28 02:22:26,Role 1,90,1.0,-1,{}
120,Recepcion de documentos,2016-05-28 02:44:33,2016-05-28 02:44:52,Role 2,88,1.0148689516129032,-1,{}
75,Cancelar curso,2016-05-28 02:55:31,2016-05-28 02:55:53,Role 1,86,1.001008064516129,-1,{}
129,Traer informacion estudiante - banner,2016-05-28 03:18:40,2016-05-28 03:19:08,Role 1,90,1.0,-1,{}
124,Validar solicitud,2016-05-28 04:00:04,2016-05-28 04:10:25,Role 2,88,1.2416834677419355,-1,{}
126,Radicar Solicitud Homologacion,2016-05-28 04:06:58,2016-05-28 04:12:34,Role 1,88,1.1023185483870968,-1,{}
127,Radicar Solicitud Homologacion,2016-05-28 04:15:58,2016-05-28 04:21:18,Role 1,89,1.1023185483870968,-1,{}
115,Cancelar Solicitud,2016-05-28 04:27:58,2016-05-28 04:28:41,Role 2,89,1.2653729838709677,-1,{}
125,Validar solicitud,2016-05-28 05:07:10,2016-05-28 05:17:00,Role 2,88,1.2416834677419355,-1,{}
128,Radicar Solicitud Homologacion,2016-05-28 05:20:22,2016-05-28 05:25:33,Role 1,90,1.1023185483870968,-1,{}
129,Radicar Solicitud Homologacion,2016-05-28 06:17:04,2016-05-28 06:22:05,Role 1,90,1.1023185483870968,-1,{}
99,Notificacion estudiante cancelacion soli,2016-05-28 08:52:49,2016-05-28 08:52:49,Role 2,90,1.0,-1,{}
116,Cancelar Solicitud,2016-05-28 09:25:48,2016-05-28 09:26:08,Role 2,87,1.2653729838709677,-1,{}
100,Notificacion estudiante cancelacion soli,2016-05-28 09:41:30,2016-05-28 09:41:30,Role 2,91,1.0,-1,{}
117,Cancelar Solicitud,2016-05-28 10:47:25,2016-05-28 10:47:40,Role 2,88,1.2653729838709677,-1,{}
130,Traer informacion estudiante - banner,2016-05-28 10:59:29,2016-05-28 10:59:54,Role 1,89,1.0,-1,{}
28,Notificacion estudiante cancelacion soli,2016-05-28 11:08:38,2016-05-28 11:08:38,Role 2,72,1.0,-1,{}
101,Notificacion estudiante cancelacion soli,2016-05-28 13:01:30,2016-05-28 13:01:30,Role 2,91,1.0,-1,{}
130,Radicar Solicitud Homologacion,2016-05-28 14:05:14,2016-05-28 14:08:56,Role 1,89,1.1023185483870968,-1,{}
104,Notificacion estudiante cancelacion soli,2016-05-28 15:06:19,2016-05-28 15:06:19,Role 2,89,1.0,-1,{}
102,Notificacion estudiante cancelacion soli,2016-05-28 15:12:50,2016-05-28 15:12:50,Role 2,91,1.0,-1,{}
131,Traer informacion estudiante - banner,2016-05-28 17:01:24,2016-05-28 17:01:47,Role 1,86,1.0,-1,{}
119,Revisar curso,2016-05-28 17:13:22,2016-05-28 17:13:31,Role 2,88,1.047883064516129,-1,{}
103,Notificacion estudiante cancelacion soli,2016-05-28 18:00:35,2016-05-28 18:00:35,Role 2,87,1.0,-1,{}
132,Traer informacion estudiante - banner,2016-05-28 18:13:33,2016-05-28 18:13:56,Role 1,86,1.0,-1,{}
105,Notificacion estudiante cancelacion soli,2016-05-28 18:20:08,2016-05-28 18:20:08,Role 2,89,1.0,-1,{}
121,Cancelar Solicitud,2016-05-28 19:15:51,2016-05-28 19:15:51,Role 2,87,1.2653729838709677,-1,{}
122,Cancelar Solicitud,2016-05-28 19:19:07,2016-05-28 19:19:07,Role 2,87,1.2653729838709677,-1,{}
107,Notificacion estudiante cancelacion soli,2016-05-28 19:40:30,2016-05-28 19:40:30,Role 2,89,1.0,-1,{}
133,Traer informacion estudiante - banner,2016-05-28 20:24:02,2016-05-28 20:24:25,Role 1,85,1.0,-1,{}
120,Homologacion por grupo de cursos,2016-05-28 20:27:21,2016-05-28 20:27:27,Role 3,90,1.5632560483870968,-1,{}
131,Radicar Solicitud Homologacion,2016-05-28 20:30:10,2016-05-28 20:33:02,Role 1,86,1.1023185483870968,-1,{}
39,Homologacion por grupo de cursos,2016-05-28 20:58:55,2016-05-28 20:58:55,Role 3,77,1.5632560483870968,-1,{}
108,Notificacion estudiante cancelacion soli,2016-05-28 21:30:47,2016-05-28 21:30:47,Role 2,89,1.0,-1,{}
132,Radicar Solicitud Homologacion,2016-05-28 21:42:19,2016-05-28 21:45:03,Role 1,86,1.1023185483870968,-1,{}
123,Cancelar Solicitud,2016-05-28 22:06:50,2016-05-28 22:06:50,Role 2,88,1.2653729838709677,-1,{}
134,Traer informacion estudiante - banner,2016-05-28 22:41:08,2016-05-28 22:41:31,Role 1,85,1.0,-1,{}
133,Radicar Solicitud Homologacion,2016-05-29 00:00:46,2016-05-29 00:06:28,Role 1,85,1.1023185483870968,-1,{}
134,Radicar Solicitud Homologacion,2016-05-29 02:17:52,2016-05-29 02:23:09,Role 1,85,1.1023185483870968,-1,{}
33,Notificacion estudiante cancelacion soli,2016-05-29 02:59:41,2016-05-29 02:59:41,Role 2,76,1.0,-1,{}
135,Traer informacion estudiante - banner,2016-05-29 07:13:37,2016-05-29 07:14:01,Role 1,85,1.0,-1,{}
40,Recepcion de documentos,2016-05-29 08:33:08,2016-05-29 08:33:08,Role 2,77,1.0148689516129032,-1,{}
135,Radicar Solicitud Homologacion,2016-05-29 11:03:05,2016-05-29 11:13:42,Role 1,85,1.1023185483870968,-1,{}
43,Homologacion por grupo de cursos,2016-05-29 11:32:40,2016-05-29 11:32:40,Role 3,76,1.5632560483870968,-1,{}
111,Notificacion estudiante cancelacion soli,2016-05-29 12:05:44,2016-05-29 12:05:44,Role 2,88,1.0,-1,{}
110,Notificacion estudiante cancelacion soli,2016-05-29 12:19:17,2016-05-29 12:19:17,Role 2,89,1.0,-1,{}
35,Notificacion estudiante cancelacion soli,2016-05-29 13:28:09,2016-05-29 13:28:09,Role 2,76,1.0,-1,{}
124,Recepcion de documentos,2016-05-29 13:28:22,2016-05-29 13:28:22,Role 2,90,1.0148689516129032,-1,{}
125,Homologacion por grupo de cursos,2016-05-29 13:45:14,2016-05-29 13:45:14,Role 3,90,1.5632560483870968,-1,{}
136,Traer informacion estudiante - banner,2016-05-29 14:22:51,2016-05-29 14:23:12,Role 1,81,1.0,-1,{}
112,Notificacion estudiante cancelacion soli,2016-05-29 14:36:35,2016-05-29 14:36:35,Role 2,87,1.0,-1,{}
113,Notificacion estudiante cancelacion soli,2016-05-29 15:17:29,2016-05-29 15:17:29,Role 2,87,1.0,-1,{}
119,Homologacion por grupo de cursos,2016-05-29 16:06:37,2016-05-29 16:06:48,Role 3,86,1.5632560483870968,-1,{}
137,Traer informacion estudiante - banner,2016-05-29 16:36:07,2016-05-29 16:36:27,Role 1,79,1.0,-1,{}
138,Traer informacion estudiante - banner,2016-05-29 17:08:18,2016-05-29 17:08:39,Role 1,80,1.0,-1,{}
124,Homologacion por grupo de cursos,2016-05-29 17:42:14,2016-05-29 17:42:34,Role 3,81,1.5632560483870968,-1,{}
120,Revisar curso,2016-05-29 17:43:14,2016-05-29 17:43:27,Role 2,85,1.047883064516129,-1,{}
120,Evaluacion curso,2016-05-29 17:43:31,2016-05-29 17:43:45,Role 4,79,1.0778729838709677,-1,{}
120,Validacion final,2016-05-29 17:43:49,2016-05-29 17:43:59,Role 2,79,1.0100806451612903,-1,{}
120,Visto Bueno Cierre Proceso,2016-05-29 17:44:03,2016-05-29 17:44:16,Role 3,79,1.0327620967741935,-1,{}
139,Traer informacion estudiante - banner,2016-05-29 17:58:43,2016-05-29 17:59:03,Role 1,79,1.0,-1,{}
136,Radicar Solicitud Homologacion,2016-05-29 17:57:20,2016-05-29 18:05:25,Role 1,81,1.1023185483870968,-1,{}
140,Traer informacion estudiante - banner,2016-05-29 19:27:43,2016-05-29 19:28:03,Role 1,80,1.0,-1,{}
44,Recepcion de documentos,2016-05-29 19:55:00,2016-05-29 19:55:00,Role 2,77,1.0148689516129032,-1,{}
137,Radicar Solicitud Homologacion,2016-05-29 20:03:17,2016-05-29 20:10:52,Role 1,79,1.1023185483870968,-1,{}
141,Traer informacion estudiante - banner,2016-05-29 20:42:56,2016-05-29 20:43:17,Role 1,81,1.0,-1,{}
138,Radicar Solicitud Homologacion,2016-05-29 20:39:07,2016-05-29 20:46:41,Role 1,80,1.1023185483870968,-1,{}
139,Radicar Solicitud Homologacion,2016-05-29 21:27:21,2016-05-29 21:34:42,Role 1,79,1.1023185483870968,-1,{}
140,Radicar Solicitud Homologacion,2016-05-29 22:58:31,2016-05-29 23:05:43,Role 1,80,1.1023185483870968,-1,{}
142,Traer informacion estudiante - banner,2016-05-29 23:52:56,2016-05-29 23:53:17,Role 1,82,1.0,-1,{}
143,Traer informacion estudiante - banner,2016-05-30 00:10:03,2016-05-30 00:10:09,Role 1,83,1.0,-1,{}
141,Radicar Solicitud Homologacion,2016-05-30 00:18:55,2016-05-30 00:34:05,Role 1,81,1.1023185483870968,-1,{}
143,Radicar Solicitud Homologacion,2016-05-30 00:58:51,2016-05-30 01:05:30,Role 1,83,1.1023185483870968,-1,{}
144,Traer informacion estudiante - banner,2016-05-30 02:34:12,2016-05-30 02:34:19,Role 1,84,1.0,-1,{}
143,Validar solicitud,2016-05-30 02:57:29,2016-05-30 03:26:33,Role 2,83,1.2416834677419355,-1,{}
144,Radicar Solicitud Homologacion,2016-05-30 03:23:06,2016-05-30 03:30:00,Role 1,84,1.1023185483870968,-1,{}
142,Radicar Solicitud Homologacion,2016-05-30 03:31:07,2016-05-30 03:45:36,Role 1,82,1.1023185483870968,-1,{}
145,Traer informacion estudiante - banner,2016-05-30 04:50:05,2016-05-30 04:50:13,Role 1,85,1.0,-1,{}
145,Radicar Solicitud Homologacion,2016-05-30 05:39:05,2016-05-30 05:45:21,Role 1,85,1.1023185483870968,-1,{}
143,Recepcion de documentos,2016-05-30 05:55:38,2016-05-30 05:59:29,Role 2,84,1.0148689516129032,-1,{}
146,Traer informacion estudiante - banner,2016-05-30 06:37:51,2016-05-30 06:38:00,Role 1,86,1.0,-1,{}
144,Cancelar Solicitud,2016-05-30 07:04:23,2016-05-30 07:05:38,Role 2,84,1.2653729838709677,-1,{}
147,Traer informacion estudiante - banner,2016-05-30 07:19:44,2016-05-30 07:19:53,Role 1,87,1.0,-1,{}
146,Radicar Solicitud Homologacion,2016-05-30 07:26:57,2016-05-30 07:33:10,Role 1,86,1.1023185483870968,-1,{}
145,Validar solicitud,2016-05-30 07:39:34,2016-05-30 08:05:47,Role 2,85,1.2416834677419355,-1,{}
147,Radicar Solicitud Homologacion,2016-05-30 08:08:57,2016-05-30 08:15:09,Role 1,87,1.1023185483870968,-1,{}
143,Homologacion por grupo de cursos,2016-05-30 08:15:46,2016-05-30 08:20:39,Role 3,85,1.5632560483870968,-1,{}
148,Traer informacion estudiante - banner,2016-05-30 09:18:00,2016-05-30 09:18:10,Role 1,88,1.0,-1,{}
143,Revisar curso,2016-05-30 10:00:31,2016-05-30 10:04:17,Role 2,87,1.047883064516129,-1,{}
148,Radicar Solicitud Homologacion,2016-05-30 10:07:21,2016-05-30 10:13:25,Role 1,88,1.1023185483870968,-1,{}
147,Validar solicitud,2016-05-30 10:11:39,2016-05-30 10:36:33,Role 2,87,1.2416834677419355,-1,{}
145,Recepcion de documentos,2016-05-30 10:38:51,2016-05-30 10:41:38,Role 2,87,1.0148689516129032,-1,{}
149,Traer informacion estudiante - banner,2016-05-30 10:54:26,2016-05-30 10:54:37,Role 1,89,1.0,-1,{}
146,Cancelar Solicitud,2016-05-30 11:13:42,2016-05-30 11:14:48,Role 2,87,1.2653729838709677,-1,{}
143,Cancelar curso,2016-05-30 11:34:48,2016-05-30 11:35:34,Role 1,88,1.001008064516129,-1,{}
149,Radicar Solicitud Homologacion,2016-05-30 11:43:55,2016-05-30 11:49:52,Role 1,89,1.1023185483870968,-1,{}
150,Traer informacion estudiante - banner,2016-05-30 12:14:25,2016-05-30 12:14:36,Role 1,89,1.0,-1,{}
133,Cancelar Solicitud,2016-05-30 12:45:41,2016-05-30 12:46:38,Role 2,85,1.2653729838709677,-1,{}
145,Homologacion por grupo de cursos,2016-05-30 13:02:00,2016-05-30 13:05:38,Role 3,88,1.5632560483870968,-1,{}
150,Radicar Solicitud Homologacion,2016-05-30 13:03:54,2016-05-30 13:10:49,Role 1,89,1.1023185483870968,-1,{}
147,Recepcion de documentos,2016-05-30 13:13:17,2016-05-30 13:15:35,Role 2,88,1.0148689516129032,-1,{}
151,Traer informacion estudiante - banner,2016-05-30 13:45:44,2016-05-30 13:45:56,Role 1,90,1.0,-1,{}
126,Cancelar Solicitud,2016-05-30 13:56:13,2016-05-30 13:56:39,Role 2,90,1.2653729838709677,-1,{}
148,Cancelar Solicitud,2016-05-30 13:56:51,2016-05-30 13:57:47,Role 2,88,1.2653729838709677,-1,{}
127,Cancelar Solicitud,2016-05-30 14:07:57,2016-05-30 14:08:26,Role 2,90,1.2653729838709677,-1,{}
151,Radicar Solicitud Homologacion,2016-05-30 14:35:23,2016-05-30 14:41:10,Role 1,90,1.1023185483870968,-1,{}
145,Revisar curso,2016-05-30 14:48:58,2016-05-30 14:51:40,Role 2,89,1.047883064516129,-1,{}
152,Traer informacion estudiante - banner,2016-05-30 14:55:51,2016-05-30 14:56:03,Role 1,91,1.0,-1,{}
134,Cancelar Solicitud,2016-05-30 15:02:22,2016-05-30 15:03:08,Role 2,85,1.2653729838709677,-1,{}
153,Traer informacion estudiante - banner,2016-05-30 15:09:46,2016-05-30 15:09:59,Role 1,92,1.0,-1,{}
128,Cancelar Solicitud,2016-05-30 15:15:21,2016-05-30 15:15:51,Role 2,90,1.2653729838709677,-1,{}
150,Validar solicitud,2016-05-30 15:09:39,2016-05-30 15:33:08,Role 2,89,1.2416834677419355,-1,{}
149,Cancelar Solicitud,2016-05-30 15:37:58,2016-05-30 15:38:49,Role 2,88,1.2653729838709677,-1,{}
147,Homologacion por grupo de cursos,2016-05-30 15:39:02,2016-05-30 15:42:12,Role 3,89,1.5632560483870968,-1,{}
152,Radicar Solicitud Homologacion,2016-05-30 15:45:39,2016-05-30 15:51:26,Role 1,91,1.1023185483870968,-1,{}
154,Traer informacion estudiante - banner,2016-05-30 15:56:19,2016-05-30 15:56:32,Role 1,92,1.0,-1,{}
153,Radicar Solicitud Homologacion,2016-05-30 15:59:13,2016-05-30 16:04:56,Role 1,92,1.1023185483870968,-1,{}
129,Cancelar Solicitud,2016-05-30 16:11:53,2016-05-30 16:12:15,Role 2,90,1.2653729838709677,-1,{}
145,Cancelar curso,2016-05-30 16:25:10,2016-05-30 16:25:46,Role 1,90,1.001008064516129,-1,{}
154,Radicar Solicitud Homologacion,2016-05-30 16:46:17,2016-05-30 16:52:24,Role 1,92,1.1023185483870968,-1,{}
151,Validar solicitud,2016-05-30 16:41:12,2016-05-30 17:02:48,Role 2,90,1.2416834677419355,-1,{}
152,Validar solicitud,2016-05-30 17:52:40,2016-05-30 18:13:43,Role 2,91,1.2416834677419355,-1,{}
150,Homologacion por grupo de cursos,2016-05-30 18:13:52,2016-05-30 18:14:12,Role 3,92,1.5632560483870968,-1,{}
155,Traer informacion estudiante - banner,2016-05-30 18:16:05,2016-05-30 18:16:19,Role 1,91,1.0,-1,{}
153,Validar solicitud,2016-05-30 18:05:37,2016-05-30 18:26:27,Role 2,92,2.2416834677419355,-1,{}
156,Traer informacion estudiante - banner,2016-05-30 19:01:43,2016-05-30 19:01:57,Role 1,92,1.0,-1,{}
155,Radicar Solicitud Homologacion,2016-05-30 19:05:23,2016-05-30 19:10:42,Role 1,91,1.1023185483870968,-1,{}
151,Recepcion de documentos,2016-05-30 19:45:47,2016-05-30 19:47:18,Role 2,91,1.0148689516129032,-1,{}
156,Radicar Solicitud Homologacion,2016-05-30 19:51:42,2016-05-30 19:57:09,Role 1,92,1.1023185483870968,-1,{}
157,Traer informacion estudiante - banner,2016-05-30 20:44:51,2016-05-30 20:45:06,Role 1,93,1.0,-1,{}
154,Cancelar Solicitud,2016-05-30 20:46:58,2016-05-30 20:47:32,Role 2,91,1.2653729838709677,-1,{}
152,Homologacion por grupo de cursos,2016-05-30 20:56:32,2016-05-30 20:56:44,Role 3,91,1.5632560483870968,-1,{}
153,Recepcion de documentos,2016-05-30 21:11:07,2016-05-30 21:11:47,Role 2,91,1.0148689516129032,-1,{}
155,Validar solicitud,2016-05-30 21:10:28,2016-05-30 21:30:05,Role 2,92,1.2416834677419355,-1,{}
158,Traer informacion estudiante - banner,2016-05-30 21:34:41,2016-05-30 21:34:56,Role 1,94,1.0,-1,{}
157,Radicar Solicitud Homologacion,2016-05-30 21:35:01,2016-05-30 21:40:27,Role 1,93,1.1023185483870968,-1,{}
156,Validar solicitud,2016-05-30 21:59:35,2016-05-30 22:18:52,Role 2,92,1.2416834677419355,-1,{}
151,Homologacion por grupo de cursos,2016-05-30 22:16:51,2016-05-30 22:19:14,Role 3,92,1.5632560483870968,-1,{}
158,Radicar Solicitud Homologacion,2016-05-30 22:25:02,2016-05-30 22:30:24,Role 1,94,1.1023185483870968,-1,{}
152,Revisar curso,2016-05-30 23:18:40,2016-05-30 23:22:06,Role 2,93,1.047883064516129,-1,{}
159,Traer informacion estudiante - banner,2016-05-30 23:38:41,2016-05-30 23:38:57,Role 1,94,1.0,-1,{}
153,Homologacion por grupo de cursos,2016-05-30 23:42:46,2016-05-30 23:44:35,Role 3,93,1.5632560483870968,-1,{}
155,Homologacion por grupo de cursos,2016-05-31 00:13:22,2016-05-31 00:14:27,Role 3,93,1.5632560483870968,-1,{}
130,Cancelar Solicitud,2016-05-31 00:19:39,2016-05-31 00:21:11,Role 2,87,1.2653729838709677,-1,{}
160,Traer informacion estudiante - banner,2016-05-31 00:29:27,2016-05-31 00:30:58,Role 1,93,1.0,-1,{}
159,Radicar Solicitud Homologacion,2016-05-31 00:29:03,2016-05-31 00:44:20,Role 1,94,1.1023185483870968,-1,{}
161,Traer informacion estudiante - banner,2016-05-31 01:06:35,2016-05-31 01:08:05,Role 1,94,1.0,-1,{}
152,Homologacion por grupo de cursos,2016-05-31 01:19:09,2016-05-31 01:19:45,Role 3,93,1.5632560483870968,-1,{}
156,Recepcion de documentos,2016-05-31 01:21:29,2016-05-31 01:25:44,Role 2,94,1.0148689516129032,-1,{}
157,Cancelar Solicitud,2016-05-31 01:41:57,2016-05-31 01:44:30,Role 2,94,1.2653729838709677,-1,{}
158,Cancelar Solicitud,2016-05-31 02:33:48,2016-05-31 02:36:08,Role 2,93,1.2653729838709677,-1,{}
162,Traer informacion estudiante - banner,2016-05-31 02:35:32,2016-05-31 02:37:05,Role 1,95,1.0,-1,{}
160,Radicar Solicitud Homologacion,2016-05-31 02:12:31,2016-05-31 02:37:46,Role 1,93,1.1023185483870968,-1,{}
152,Revisar curso,2016-05-31 02:57:18,2016-05-31 03:05:44,Role 2,94,1.047883064516129,-1,{}
161,Radicar Solicitud Homologacion,2016-05-31 02:50:23,2016-05-31 03:15:35,Role 1,94,1.1023185483870968,-1,{}
163,Traer informacion estudiante - banner,2016-05-31 04:32:37,2016-05-31 04:34:06,Role 1,96,1.0,-1,{}
152,Evaluacion curso,2016-05-31 04:41:42,2016-05-31 04:42:42,Role 4,95,1.0778729838709677,-1,{}
162,Radicar Solicitud Homologacion,2016-05-31 04:20:40,2016-05-31 04:45:38,Role 1,95,1.1023185483870968,-1,{}
159,Validar solicitud,2016-05-31 04:11:32,2016-05-31 04:58:24,Role 2,93,1.2416834677419355,-1,{}
156,Homologacion por grupo de cursos,2016-05-31 06:06:53,2016-05-31 06:17:15,Role 3,94,1.5632560483870968,-1,{}
82,Notificacion estudiante cancelacion soli,2016-05-31 06:21:27,2016-05-31 06:21:27,Role 2,91,1.0,-1,{}
152,Validacion final,2016-05-31 06:41:38,2016-05-31 06:42:30,Role 2,96,1.0100806451612903,-1,{}
163,Radicar Solicitud Homologacion,2016-05-31 06:19:32,2016-05-31 06:42:40,Role 1,96,1.1023185483870968,-1,{}
131,Cancelar Solicitud,2016-05-31 06:52:38,2016-05-31 06:53:13,Role 2,85,1.2653729838709677,-1,{}
144,Notificacion estudiante cancelacion soli,2016-05-31 07:31:17,2016-05-31 07:31:17,Role 2,86,1.0,-1,{}
152,Visto Bueno Cierre Proceso,2016-05-31 08:09:53,2016-05-31 08:11:06,Role 3,94,1.0327620967741935,-1,{}
132,Cancelar Solicitud,2016-05-31 08:13:03,2016-05-31 08:13:28,Role 2,84,1.2653729838709677,-1,{}
142,Validar solicitud,2016-05-31 10:48:00,2016-05-31 11:16:03,Role 2,84,1.2416834677419355,-1,{}
146,Notificacion estudiante cancelacion soli,2016-05-31 12:32:51,2016-05-31 12:32:51,Role 2,89,1.0,-1,{}
164,Traer informacion estudiante - banner,2016-05-31 13:41:29,2016-05-31 13:42:32,Role 1,92,1.0,-1,{}
165,Traer informacion estudiante - banner,2016-05-31 15:20:33,2016-05-31 15:21:38,Role 1,93,1.0,-1,{}
148,Notificacion estudiante cancelacion soli,2016-05-31 15:23:33,2016-05-31 15:23:33,Role 2,90,1.0,-1,{}
164,Radicar Solicitud Homologacion,2016-05-31 15:20:48,2016-05-31 15:39:47,Role 1,92,1.1023185483870968,-1,{}
137,Validar solicitud,2016-05-31 15:05:32,2016-05-31 15:53:36,Role 2,80,1.2416834677419355,-1,{}
166,Traer informacion estudiante - banner,2016-05-31 16:30:17,2016-05-31 16:31:18,Role 1,93,1.0,-1,{}
165,Radicar Solicitud Homologacion,2016-05-31 17:00:16,2016-05-31 17:18:15,Role 1,93,1.1023185483870968,-1,{}
167,Traer informacion estudiante - banner,2016-05-31 17:25:21,2016-05-31 17:26:24,Role 1,94,1.0,-1,{}
139,Validar solicitud,2016-05-31 16:54:51,2016-05-31 17:41:38,Role 2,81,1.2416834677419355,-1,{}
149,Notificacion estudiante cancelacion soli,2016-05-31 17:51:30,2016-05-31 17:51:30,Role 2,92,1.0,-1,{}
166,Radicar Solicitud Homologacion,2016-05-31 18:11:34,2016-05-31 18:28:41,Role 1,93,1.1023185483870968,-1,{}
168,Traer informacion estudiante - banner,2016-05-31 18:46:56,2016-05-31 18:47:55,Role 1,94,1.0,-1,{}
169,Traer informacion estudiante - banner,2016-05-31 19:05:20,2016-05-31 19:06:19,Role 1,95,1.0,-1,{}
159,Recepcion de documentos,2016-05-31 19:16:16,2016-05-31 19:21:10,Role 2,96,1.0148689516129032,-1,{}
167,Radicar Solicitud Homologacion,2016-05-31 19:06:35,2016-05-31 19:23:18,Role 1,94,1.1023185483870968,-1,{}
170,Traer informacion estudiante - banner,2016-05-31 20:39:56,2016-05-31 20:40:55,Role 1,96,1.0,-1,{}
168,Radicar Solicitud Homologacion,2016-05-31 20:30:13,2016-05-31 20:46:43,Role 1,94,1.1023185483870968,-1,{}
169,Radicar Solicitud Homologacion,2016-05-31 20:50:41,2016-05-31 21:07:17,Role 1,95,1.1023185483870968,-1,{}
171,Traer informacion estudiante - banner,2016-05-31 21:31:58,2016-05-31 21:32:56,Role 1,97,1.0,-1,{}
172,Traer informacion estudiante - banner,2016-05-31 22:01:47,2016-05-31 22:02:45,Role 1,98,1.0,-1,{}
170,Radicar Solicitud Homologacion,2016-05-31 22:28:45,2016-05-31 22:44:59,Role 1,96,1.1023185483870968,-1,{}
154,Notificacion estudiante cancelacion soli,2016-05-31 23:34:37,2016-05-31 23:34:37,Role 2,93,1.0,-1,{}
171,Radicar Solicitud Homologacion,2016-05-31 23:21:34,2016-05-31 23:37:38,Role 1,97,1.1023185483870968,-1,{}
172,Radicar Solicitud Homologacion,2016-05-31 23:53:34,2016-06-01 00:09:29,Role 1,98,1.1023185483870968,-1,{}
173,Traer informacion estudiante - banner,2016-06-01 00:09:35,2016-06-01 00:09:56,Role 1,98,1.0,-1,{}
173,Radicar Solicitud Homologacion,2016-06-01 00:29:03,2016-06-01 00:34:13,Role 1,98,1.1023185483870968,-1,{}
174,Traer informacion estudiante - banner,2016-06-01 01:15:22,2016-06-01 01:15:43,Role 1,99,1.0,-1,{}
174,Radicar Solicitud Homologacion,2016-06-01 01:34:00,2016-06-01 01:39:06,Role 1,99,1.1023185483870968,-1,{}
175,Traer informacion estudiante - banner,2016-06-01 02:02:35,2016-06-01 02:02:56,Role 1,100,1.0,-1,{}
175,Radicar Solicitud Homologacion,2016-06-01 02:20:24,2016-06-01 02:25:29,Role 1,100,1.1023185483870968,-1,{}
173,Cancelar Solicitud,2016-06-01 03:14:02,2016-06-01 03:14:32,Role 2,98,1.2653729838709677,-1,{}
174,Cancelar Solicitud,2016-06-01 04:19:05,2016-06-01 04:19:30,Role 2,99,1.2653729838709677,-1,{}
176,Traer informacion estudiante - banner,2016-06-01 04:55:41,2016-06-01 04:56:02,Role 1,101,1.0,-1,{}
175,Cancelar Solicitud,2016-06-01 05:05:39,2016-06-01 05:06:02,Role 2,100,1.2653729838709677,-1,{}
176,Radicar Solicitud Homologacion,2016-06-01 05:12:42,2016-06-01 05:17:29,Role 1,101,1.1023185483870968,-1,{}
176,Validar solicitud,2016-06-01 05:37:06,2016-06-01 05:55:42,Role 2,101,1.2416834677419355,-1,{}
176,Homologacion por grupo de cursos,2016-06-01 05:55:46,2016-06-01 05:55:46,Role 3,101,1.5632560483870968,-1,{}
176,Revisar curso,2016-06-01 05:55:50,2016-06-01 05:56:33,Role 2,101,1.047883064516129,-1,{}
176,Evaluacion curso,2016-06-01 05:56:37,2016-06-01 05:56:37,Role 4,101,1.0778729838709677,-1,{}
176,Validar solicitud / pre-homologacion,2016-06-01 05:56:41,2016-06-01 05:56:43,Role 2,101,1.0128528225806452,-1,{}
176,Avanzar recepcion documentos,2016-06-01 05:56:47,2016-06-01 05:57:04,Role 8,101,1.002016129032258,-1,{}
176,Validacion final,2016-06-01 05:57:08,2016-06-01 05:57:28,Role 2,101,1.0100806451612903,-1,{}
176,Visto Bueno Cierre Proceso,2016-06-01 05:59:25,2016-06-01 05:59:49,Role 3,101,1.0327620967741935,-1,{}
176,Transferir Creditos,2016-06-01 06:05:35,2016-06-01 06:06:02,Role 3,101,1.0005040322580645,-1,{}
176,Transferir creditos homologables,2016-06-01 06:13:02,2016-06-01 06:13:27,Role 3,101,1.001008064516129,-1,{}
46,Notificacion estudiante cancelacion soli,2016-06-01 08:32:11,2016-06-01 08:32:11,Role 2,84,1.0,-1,{}
141,Cancelar Solicitud,2016-06-01 09:04:43,2016-06-01 09:04:43,Role 2,83,1.2653729838709677,-1,{}
160,Validar solicitud,2016-06-01 09:50:42,2016-06-01 10:28:08,Role 2,95,1.2416834677419355,-1,{}
47,Notificacion estudiante cancelacion soli,2016-06-01 10:49:46,2016-06-01 10:49:46,Role 2,84,1.0,-1,{}
177,Traer informacion estudiante - banner,2016-06-01 11:31:40,2016-06-01 11:32:01,Role 1,99,1.0,-1,{}
172,Validar solicitud,2016-06-01 11:11:40,2016-06-01 11:40:55,Role 2,97,1.2416834677419355,-1,{}
177,Radicar Solicitud Homologacion,2016-06-01 11:49:13,2016-06-01 11:52:58,Role 1,99,1.1023185483870968,-1,{}
177,Validar solicitud,2016-06-01 12:12:28,2016-06-01 12:27:09,Role 2,99,1.2416834677419355,-1,{}
177,Recepcion de documentos,2016-06-01 12:27:13,2016-06-01 12:27:18,Role 2,99,1.0148689516129032,-1,{}
177,Homologacion por grupo de cursos,2016-06-01 12:27:22,2016-06-01 12:27:22,Role 3,99,1.5632560483870968,-1,{}
177,Revisar curso,2016-06-01 12:27:26,2016-06-01 12:27:26,Role 2,99,1.047883064516129,-1,{}
177,Evaluacion curso,2016-06-01 12:27:30,2016-06-01 12:27:30,Role 4,99,1.0778729838709677,-1,{}
177,Validacion final,2016-06-01 12:27:34,2016-06-01 12:27:38,Role 2,99,1.0100806451612903,-1,{}
177,Visto Bueno Cierre Proceso,2016-06-01 12:27:42,2016-06-01 12:27:52,Role 3,99,1.0327620967741935,-1,{}
178,Traer informacion estudiante - banner,2016-06-01 12:41:14,2016-06-01 12:41:34,Role 1,99,1.0,-1,{}
178,Radicar Solicitud Homologacion,2016-06-01 12:59:51,2016-06-01 13:03:37,Role 1,99,1.1023185483870968,-1,{}
179,Traer informacion estudiante - banner,2016-06-01 13:04:26,2016-06-01 13:04:46,Role 1,100,1.0,-1,{}
48,Notificacion estudiante cancelacion soli,2016-06-01 13:16:04,2016-06-01 13:16:04,Role 2,85,1.0,-1,{}
179,Radicar Solicitud Homologacion,2016-06-01 13:22:14,2016-06-01 13:26:01,Role 1,100,1.1023185483870968,-1,{}
179,Validar solicitud,2016-06-01 13:47:45,2016-06-01 14:01:10,Role 2,99,2.2416834677419355,-1,{}
179,Homologacion por grupo de cursos,2016-06-01 14:01:14,2016-06-01 14:01:14,Role 3,99,1.5632560483870968,-1,{}
179,Revisar curso,2016-06-01 14:01:18,2016-06-01 14:01:25,Role 2,99,1.047883064516129,-1,{}
179,Evaluacion curso,2016-06-01 14:01:29,2016-06-01 14:01:29,Role 4,99,1.0778729838709677,-1,{}
179,Validar solicitud / pre-homologacion,2016-06-01 14:01:33,2016-06-01 14:01:33,Role 2,99,1.0128528225806452,-1,{}
163,Validar solicitud,2016-06-01 13:34:22,2016-06-01 14:08:28,Role 2,94,1.2416834677419355,-1,{}
180,Traer informacion estudiante - banner,2016-06-01 14:20:51,2016-06-01 14:21:11,Role 1,99,1.0,-1,{}
180,Radicar Solicitud Homologacion,2016-06-01 14:39:28,2016-06-01 14:43:06,Role 1,99,1.1023185483870968,-1,{}
181,Traer informacion estudiante - banner,2016-06-01 15:04:42,2016-06-01 15:05:03,Role 1,100,1.0,-1,{}
180,Validar solicitud,2016-06-01 15:05:43,2016-06-01 15:19:14,Role 2,99,1.2416834677419355,-1,{}
180,Homologacion por grupo de cursos,2016-06-01 15:19:18,2016-06-01 15:19:18,Role 3,100,1.5632560483870968,-1,{}
180,Revisar curso,2016-06-01 15:19:22,2016-06-01 15:19:31,Role 2,100,1.047883064516129,-1,{}
180,Homologacion por grupo de cursos,2016-06-01 15:19:35,2016-06-01 15:19:35,Role 3,100,1.5632560483870968,-1,{}
181,Radicar Solicitud Homologacion,2016-06-01 15:22:31,2016-06-01 15:26:08,Role 1,100,1.1023185483870968,-1,{}
135,Cancelar Solicitud,2016-06-01 15:31:13,2016-06-01 15:33:47,Role 2,85,1.2653729838709677,-1,{}
178,Cancelar Solicitud,2016-06-01 15:43:36,2016-06-01 15:43:36,Role 2,99,1.2653729838709677,-1,{}
181,Cancelar Solicitud,2016-06-01 18:07:13,2016-06-01 18:07:13,Role 2,99,1.2653729838709677,-1,{}
136,Cancelar Solicitud,2016-06-01 19:15:10,2016-06-01 19:16:31,Role 2,79,1.2653729838709677,-1,{}
159,Homologacion por grupo de cursos,2016-06-01 20:01:04,2016-06-01 20:05:25,Role 3,95,1.5632560483870968,-1,{}
172,Recepcion de documentos,2016-06-01 21:03:59,2016-06-01 21:04:04,Role 2,99,1.0148689516129032,-1,{}
138,Cancelar Solicitud,2016-06-01 21:35:28,2016-06-01 21:36:42,Role 2,81,1.2653729838709677,-1,{}
164,Validar solicitud,2016-06-01 21:20:36,2016-06-01 21:47:38,Role 2,92,1.2416834677419355,-1,{}
140,Cancelar Solicitud,2016-06-01 23:54:30,2016-06-01 23:55:23,Role 2,81,1.2653729838709677,-1,{}
172,Homologacion por grupo de cursos,2016-06-02 01:22:41,2016-06-02 01:23:17,Role 3,98,1.5632560483870968,-1,{}
167,Validar solicitud,2016-06-02 01:12:57,2016-06-02 01:49:50,Role 2,95,1.2416834677419355,-1,{}
169,Validar solicitud,2016-06-02 04:38:07,2016-06-02 05:13:00,Role 2,96,1.2416834677419355,-1,{}
173,Notificacion estudiante cancelacion soli,2016-06-02 05:26:12,2016-06-02 05:26:12,Role 2,100,1.0,-1,{}
174,Notificacion estudiante cancelacion soli,2016-06-02 06:42:45,2016-06-02 06:42:45,Role 2,100,1.0,-1,{}
170,Validar solicitud,2016-06-02 07:03:31,2016-06-02 07:36:57,Role 2,98,1.2416834677419355,-1,{}
175,Notificacion estudiante cancelacion soli,2016-06-02 07:37:17,2016-06-02 07:37:17,Role 2,101,1.0,-1,{}
160,Homologacion por grupo de cursos,2016-06-02 07:59:11,2016-06-02 07:59:31,Role 3,99,1.5632560483870968,-1,{}
163,Homologacion por grupo de cursos,2016-06-02 11:27:05,2016-06-02 11:27:13,Role 3,98,1.5632560483870968,-1,{}
178,Notificacion estudiante cancelacion soli,2016-06-02 18:10:25,2016-06-02 18:10:25,Role 2,99,1.0,-1,{}
164,Recepcion de documentos,2016-06-02 18:41:30,2016-06-02 18:41:45,Role 2,98,1.0148689516129032,-1,{}
181,Notificacion estudiante cancelacion soli,2016-06-02 20:43:53,2016-06-02 20:43:53,Role 2,99,1.0,-1,{}
160,Revisar curso,2016-06-03 00:17:37,2016-06-03 00:22:08,Role 2,94,1.047883064516129,-1,{}
126,Notificacion estudiante cancelacion soli,2016-06-03 00:31:13,2016-06-03 00:31:29,Role 2,90,1.0,-1,{}
128,Notificacion estudiante cancelacion soli,2016-06-03 00:51:15,2016-06-03 00:51:29,Role 2,92,1.0,-1,{}
127,Notificacion estudiante cancelacion soli,2016-06-03 00:54:19,2016-06-03 00:54:34,Role 2,90,1.0,-1,{}
157,Notificacion estudiante cancelacion soli,2016-06-03 01:14:13,2016-06-03 01:14:26,Role 2,94,1.0,-1,{}
158,Notificacion estudiante cancelacion soli,2016-06-03 02:41:58,2016-06-03 02:42:09,Role 2,95,1.0,-1,{}
129,Notificacion estudiante cancelacion soli,2016-06-03 02:51:36,2016-06-03 02:51:48,Role 2,92,1.0,-1,{}
160,Evaluacion curso,2016-06-03 07:32:24,2016-06-03 07:33:48,Role 4,91,1.0778729838709677,-1,{}
142,Recepcion de documentos,2016-06-03 09:41:53,2016-06-03 09:48:19,Role 2,92,1.0148689516129032,-1,{}
167,Homologacion por grupo de cursos,2016-06-03 10:53:46,2016-06-03 10:53:49,Role 3,97,1.5632560483870968,-1,{}
160,Validar solicitud / pre-homologacion,2016-06-03 11:03:18,2016-06-03 11:04:33,Role 2,85,1.0128528225806452,-1,{}
164,Homologacion por grupo de cursos,2016-06-03 11:08:48,2016-06-03 11:09:53,Role 3,92,1.5632560483870968,-1,{}
161,Cancelar Solicitud,2016-06-03 12:51:00,2016-06-03 12:53:32,Role 2,95,1.2653729838709677,-1,{}
115,Notificacion estudiante cancelacion soli,2016-06-03 12:57:16,2016-06-03 12:57:25,Role 2,90,1.0,-1,{}
69,Notificacion estudiante cancelacion soli,2016-06-03 13:04:55,2016-06-03 13:05:22,Role 2,89,1.0,-1,{}
162,Cancelar Solicitud,2016-06-03 13:16:59,2016-06-03 13:19:09,Role 2,96,1.2653729838709677,-1,{}
169,Homologacion por grupo de cursos,2016-06-03 15:24:47,2016-06-03 15:24:47,Role 3,97,1.5632560483870968,-1,{}
170,Homologacion por grupo de cursos,2016-06-03 18:39:18,2016-06-03 18:39:18,Role 3,95,1.5632560483870968,-1,{}
116,Notificacion estudiante cancelacion soli,2016-06-03 19:05:08,2016-06-03 19:05:08,Role 2,89,1.0,-1,{}
70,Notificacion estudiante cancelacion soli,2016-06-03 19:20:00,2016-06-03 19:20:15,Role 2,89,1.0,-1,{}
133,Notificacion estudiante cancelacion soli,2016-06-03 19:49:20,2016-06-03 19:49:21,Role 2,89,1.0,-1,{}
41,Notificacion estudiante cancelacion soli,2016-06-03 20:32:19,2016-06-03 20:32:19,Role 2,84,1.0,-1,{}
117,Notificacion estudiante cancelacion soli,2016-06-03 20:35:16,2016-06-03 20:35:16,Role 2,88,1.0,-1,{}
134,Notificacion estudiante cancelacion soli,2016-06-03 21:58:25,2016-06-03 21:58:25,Role 2,91,1.0,-1,{}
42,Notificacion estudiante cancelacion soli,2016-06-03 22:09:20,2016-06-03 22:09:20,Role 2,85,1.0,-1,{}
165,Cancelar Solicitud,2016-06-03 23:01:36,2016-06-03 23:02:14,Role 2,93,1.2653729838709677,-1,{}
166,Cancelar Solicitud,2016-06-04 03:27:03,2016-06-04 03:27:07,Role 2,93,1.2653729838709677,-1,{}
122,Notificacion estudiante cancelacion soli,2016-06-04 03:52:42,2016-06-04 03:52:42,Role 2,85,1.0,-1,{}
121,Notificacion estudiante cancelacion soli,2016-06-04 05:37:44,2016-06-04 05:37:44,Role 2,85,1.0,-1,{}
76,Notificacion estudiante cancelacion soli,2016-06-04 05:52:18,2016-06-04 05:52:18,Role 2,87,1.0,-1,{}
45,Notificacion estudiante cancelacion soli,2016-06-04 05:56:27,2016-06-04 05:56:27,Role 2,89,1.0,-1,{}
168,Cancelar Solicitud,2016-06-04 06:22:58,2016-06-04 06:22:58,Role 2,96,1.2653729838709677,-1,{}
167,Revisar curso,2016-06-04 06:24:55,2016-06-04 06:26:26,Role 2,85,1.047883064516129,-1,{}
77,Notificacion estudiante cancelacion soli,2016-06-04 06:32:05,2016-06-04 06:32:05,Role 2,87,1.0,-1,{}
123,Notificacion estudiante cancelacion soli,2016-06-04 08:31:01,2016-06-04 08:31:01,Role 2,84,1.0,-1,{}
79,Notificacion estudiante cancelacion soli,2016-06-04 10:01:47,2016-06-04 10:01:47,Role 2,87,1.0,-1,{}
171,Cancelar Solicitud,2016-06-04 11:00:15,2016-06-04 11:00:15,Role 2,97,1.2653729838709677,-1,{}
80,Notificacion estudiante cancelacion soli,2016-06-04 13:11:49,2016-06-04 13:11:49,Role 2,88,1.0,-1,{}
81,Notificacion estudiante cancelacion soli,2016-06-04 14:52:32,2016-06-04 14:52:32,Role 2,88,1.0,-1,{}
130,Notificacion estudiante cancelacion soli,2016-06-05 04:29:55,2016-06-05 04:29:55,Role 2,92,1.0,-1,{}
40,Homologacion por grupo de cursos,2016-06-05 06:04:23,2016-06-05 06:06:07,Role 3,85,1.5632560483870968,-1,{}
167,Evaluacion curso,2016-06-05 08:32:49,2016-06-05 08:33:03,Role 4,68,1.0778729838709677,-1,{}
131,Notificacion estudiante cancelacion soli,2016-06-05 10:09:20,2016-06-05 10:09:20,Role 2,94,1.0,-1,{}
132,Notificacion estudiante cancelacion soli,2016-06-05 11:47:08,2016-06-05 11:47:08,Role 2,92,1.0,-1,{}
44,Homologacion por grupo de cursos,2016-06-05 20:28:20,2016-06-05 20:29:12,Role 3,80,1.5632560483870968,-1,{}
167,Validacion final,2016-06-05 20:56:43,2016-06-05 20:56:56,Role 2,61,1.0100806451612903,-1,{}
137,Recepcion de documentos,2016-06-05 22:07:42,2016-06-05 22:07:42,Role 2,92,1.0148689516129032,-1,{}
139,Homologacion por grupo de cursos,2016-06-05 22:58:45,2016-06-05 22:58:45,Role 3,94,1.5632560483870968,-1,{}
167,Visto Bueno Cierre Proceso,2016-06-06 01:36:01,2016-06-06 01:36:12,Role 3,59,1.0327620967741935,-1,{}
142,Homologacion por grupo de cursos,2016-06-07 09:24:12,2016-06-07 09:28:13,Role 3,85,1.5632560483870968,-1,{}
39,Revisar curso,2016-06-07 15:55:17,2016-06-07 16:00:44,Role 2,85,1.047883064516129,-1,{}
141,Notificacion estudiante cancelacion soli,2016-06-08 14:20:45,2016-06-08 14:20:45,Role 2,99,1.0,-1,{}
135,Notificacion estudiante cancelacion soli,2016-06-11 04:14:42,2016-06-11 04:14:42,Role 2,99,1.0,-1,{}
136,Notificacion estudiante cancelacion soli,2016-06-11 05:01:52,2016-06-11 05:01:52,Role 2,99,1.0,-1,{}
138,Notificacion estudiante cancelacion soli,2016-06-11 06:31:24,2016-06-11 06:31:24,Role 2,98,1.0,-1,{}
161,Notificacion estudiante cancelacion soli,2016-06-11 09:02:49,2016-06-11 09:02:50,Role 2,83,1.0,-1,{}
162,Notificacion estudiante cancelacion soli,2016-06-11 09:16:16,2016-06-11 09:16:16,Role 2,81,1.0,-1,{}
140,Notificacion estudiante cancelacion soli,2016-06-11 09:25:42,2016-06-11 09:25:42,Role 2,98,1.0,-1,{}
165,Notificacion estudiante cancelacion soli,2016-06-11 18:04:06,2016-06-11 18:04:06,Role 2,72,1.0,-1,{}
139,Revisar curso,2016-06-12 20:27:43,2016-06-12 20:30:27,Role 2,59,1.047883064516129,-1,{}
137,Homologacion por grupo de cursos,2016-06-12 23:32:53,2016-06-12 23:33:43,Role 3,59,1.5632560483870968,-1,{}
166,Notificacion estudiante cancelacion soli,2016-06-13 13:58:05,2016-06-13 13:58:05,Role 2,72,1.0,-1,{}
168,Notificacion estudiante cancelacion soli,2016-06-13 17:31:14,2016-06-13 17:31:14,Role 2,68,1.0,-1,{}
171,Notificacion estudiante cancelacion soli,2016-06-13 23:04:07,2016-06-13 23:04:07,Role 2,65,1.0,-1,{}
44,Revisar curso,2016-06-15 06:40:31,2016-06-15 06:44:52,Role 2,59,1.047883064516129,-1,{}
39,Homologacion por grupo de cursos,2016-06-18 01:45:32,2016-06-18 01:45:40,Role 3,57,1.5632560483870968,-1,{}
139,Evaluacion curso,2016-06-21 12:27:08,2016-06-21 12:27:18,Role 4,49,1.0778729838709677,-1,{}
137,Revisar curso,2016-06-22 06:28:36,2016-06-22 06:34:01,Role 2,49,1.047883064516129,-1,{}
44,Evaluacion curso,2016-06-27 05:40:01,2016-06-27 05:40:11,Role 4,46,1.0778729838709677,-1,{}
139,Validar solicitud / pre-homologacion,2016-07-03 02:27:49,2016-07-03 02:27:51,Role 2,46,1.0128528225806452,-1,{}
39,Revisar curso,2016-07-03 10:23:57,2016-07-03 10:24:12,Role 2,46,1.047883064516129,-1,{}
137,Homologacion por grupo de cursos,2016-07-05 02:51:16,2016-07-05 02:51:27,Role 3,46,1.5632560483870968,-1,{}
44,Validacion final,2016-07-11 22:00:31,2016-07-11 22:00:38,Role 2,46,1.0100806451612903,-1,{}
39,Cancelar curso,2016-07-20 20:10:21,2016-07-20 20:10:51,Role 1,45,1.001008064516129,-1,{}
44,Visto Bueno Cierre Proceso,2016-07-24 00:01:49,2016-07-24 00:01:55,Role 3,44,1.0327620967741935,-1,{}
