caseid,task,start:timestamp,time:timestamp,role,st_wip,st_tsk_wip,queue,attrib
1,Traer informacion estudiante - banner,2016-05-18 22:44:49,2016-05-18 22:45:08,Role 1,43,1.0,-1,{}
2,Traer informacion estudiante - banner,2016-05-19 00:19:33,2016-05-19 00:20:03,Role 1,44,1.0,-1,{}
1,Radicar Solicitud Homologacion,2016-05-19 00:24:33,2016-05-19 00:27:33,Role 1,43,1.1023185483870968,-1,{}
3,Traer informacion estudiante - banner,2016-05-19 01:43:00,2016-05-19 01:43:28,Role 1,45,1.0,-1,{}
4,Traer informacion estudiante - banner,2016-05-19 02:26:48,2016-05-19 02:27:16,Role 1,46,1.0,-1,{}
5,Traer informacion estudiante - banner,2016-05-19 03:44:15,2016-05-19 03:44:42,Role 1,47,1.0,-1,{}
6,Traer informacion estudiante - banner,2016-05-19 04:10:48,2016-05-19 04:11:15,Role 1,48,1.0,-1,{}
1,Cancelar Solicitud,2016-05-19 06:58:03,2016-05-19 06:58:40,Role 2,44,1.2653729838709677,-1,{}
7,Traer informacion estudiante - banner,2016-05-19 12:21:49,2016-05-19 12:22:11,Role 1,49,1.0,-1,{}
2,Radicar Solicitud Homologacion,2016-05-19 14:32:47,2016-05-19 14:37:35,Role 1,44,1.1023185483870968,-1,{}
3,Radicar Solicitud Homologacion,2016-05-19 15:36:32,2016-05-19 15:41:12,Role 1,45,1.1023185483870968,-1,{}
8,Traer informacion estudiante - banner,2016-05-19 15:48:48,2016-05-19 15:49:10,Role 1,50,1.0,-1,{}
4,Radicar Solicitud Homologacion,2016-05-19 16:00:58,2016-05-19 16:05:37,Role 1,46,1.1023185483870968,-1,{}
9,Traer informacion estudiante - banner,2016-05-19 16:42:09,2016-05-19 16:42:31,Role 1,51,1.0,-1,{}
5,Radicar Solicitud Homologacion,2016-05-19 16:59:21,2016-05-19 17:03:54,Role 1,47,1.1023185483870968,-1,{}
6,Radicar Solicitud Homologacion,2016-05-19 17:07:09,2016-05-19 17:11:43,Role 1,48,1.1023185483870968,-1,{}
10,Traer informacion estudiante - banner,2016-05-19 18:13:09,2016-05-19 18:13:31,Role 1,52,1.0,-1,{}
11,Traer informacion estudiante - banner,2016-05-19 19:01:10,2016-05-19 19:01:33,Role 1,53,1.0,-1,{}
12,Traer informacion estudiante - banner,2016-05-19 20:32:22,2016-05-19 20:32:45,Role 1,54,1.0,-1,{}
13,Traer informacion estudiante - banner,2016-05-19 21:13:56,2016-05-19 21:14:19,Role 1,55,1.0,-1,{}
14,Traer informacion estudiante - banner,2016-05-19 22:25:28,2016-05-19 22:25:52,Role 1,56,1.0,-1,{}
15,Traer informacion estudiante - banner,2016-05-19 23:40:39,2016-05-19 23:41:03,Role 1,57,1.0,-1,{}
7,Radicar Solicitud Homologacion,2016-05-20 00:59:39,2016-05-20 01:05:23,Role 1,49,1.1023185483870968,-1,{}
16,Traer informacion estudiante - banner,2016-05-20 01:28:35,2016-05-20 01:29:35,Role 1,58,1.0,-1,{}
17,Traer informacion estudiante - banner,2016-05-20 02:33:33,2016-05-20 02:34:31,Role 1,59,1.0,-1,{}
16,Radicar Solicitud Homologacion,2016-05-20 03:38:09,2016-05-20 03:46:19,Role 1,58,1.1023185483870968,-1,{}
8,Radicar Solicitud Homologacion,2016-05-20 04:08:29,2016-05-20 04:13:43,Role 1,50,1.1023185483870968,-1,{}
17,Radicar Solicitud Homologacion,2016-05-20 04:39:09,2016-05-20 04:47:07,Role 1,59,1.1023185483870968,-1,{}
9,Radicar Solicitud Homologacion,2016-05-20 04:44:00,2016-05-20 04:48:19,Role 1,51,2.102318548387097,-1,{}
18,Traer informacion estudiante - banner,2016-05-20 05:53:09,2016-05-20 05:54:03,Role 1,60,1.0,-1,{}
10,Radicar Solicitud Homologacion,2016-05-20 05:57:27,2016-05-20 06:02:27,Role 1,52,1.1023185483870968,-1,{}
11,Radicar Solicitud Homologacion,2016-05-20 06:28:13,2016-05-20 06:33:10,Role 1,53,1.1023185483870968,-1,{}
12,Radicar Solicitud Homologacion,2016-05-20 07:42:27,2016-05-20 07:47:14,Role 1,54,1.1023185483870968,-1,{}
18,Radicar Solicitud Homologacion,2016-05-20 07:54:50,2016-05-20 08:02:07,Role 1,60,1.1023185483870968,-1,{}
13,Radicar Solicitud Homologacion,2016-05-20 08:07:20,2016-05-20 08:12:06,Role 1,55,1.1023185483870968,-1,{}
19,Traer informacion estudiante - banner,2016-05-20 08:14:31,2016-05-20 08:15:23,Role 1,61,1.0,-1,{}
14,Radicar Solicitud Homologacion,2016-05-20 09:02:29,2016-05-20 09:07:10,Role 1,56,1.1023185483870968,-1,{}
20,Traer informacion estudiante - banner,2016-05-20 09:33:05,2016-05-20 09:33:56,Role 1,62,1.0,-1,{}
15,Radicar Solicitud Homologacion,2016-05-20 10:01:33,2016-05-20 10:06:08,Role 1,57,1.1023185483870968,-1,{}
19,Radicar Solicitud Homologacion,2016-05-20 10:12:24,2016-05-20 10:19:17,Role 1,61,1.1023185483870968,-1,{}
16,Validar solicitud,2016-05-20 10:42:16,2016-05-20 10:55:21,Role 2,59,1.2416834677419355,-1,{}
21,Traer informacion estudiante - banner,2016-05-20 11:07:23,2016-05-20 11:08:13,Role 1,63,1.0,-1,{}
20,Radicar Solicitud Homologacion,2016-05-20 11:27:17,2016-05-20 11:34:00,Role 1,62,1.1023185483870968,-1,{}
17,Validar solicitud,2016-05-20 11:42:32,2016-05-20 11:55:03,Role 2,59,1.2416834677419355,-1,{}
7,Validar solicitud,2016-05-20 12:45:45,2016-05-20 13:00:17,Role 2,57,1.2416834677419355,-1,{}
21,Radicar Solicitud Homologacion,2016-05-20 12:57:58,2016-05-20 13:04:40,Role 1,63,1.1023185483870968,-1,{}
22,Traer informacion estudiante - banner,2016-05-20 13:08:57,2016-05-20 13:09:45,Role 1,64,1.0,-1,{}
23,Traer informacion estudiante - banner,2016-05-20 14:54:55,2016-05-20 14:55:42,Role 1,65,1.0,-1,{}
22,Radicar Solicitud Homologacion,2016-05-20 14:55:58,2016-05-20 15:02:09,Role 1,64,1.1023185483870968,-1,{}
8,Validar solicitud,2016-05-20 15:21:22,2016-05-20 15:34:24,Role 2,59,1.2416834677419355,-1,{}
9,Validar solicitud,2016-05-20 15:39:41,2016-05-20 15:49:44,Role 2,59,1.2416834677419355,-1,{}
24,Traer informacion estudiante - banner,2016-05-20 16:25:53,2016-05-20 16:26:39,Role 1,66,1.0,-1,{}
23,Radicar Solicitud Homologacion,2016-05-20 16:38:29,2016-05-20 16:44:26,Role 1,65,1.1023185483870968,-1,{}
11,Validar solicitud,2016-05-20 16:45:30,2016-05-20 16:57:27,Role 2,60,1.2416834677419355,-1,{}
19,Validar solicitud,2016-05-20 17:00:16,2016-05-20 17:10:15,Role 2,62,1.2416834677419355,-1,{}
25,Traer informacion estudiante - banner,2016-05-20 17:35:58,2016-05-20 17:36:48,Role 1,67,1.0,-1,{}
6,Validar solicitud,2016-05-20 17:24:42,2016-05-20 17:38:44,Role 2,51,1.2416834677419355,-1,{}
2,Validar solicitud,2016-05-20 17:28:43,2016-05-20 17:42:40,Role 2,49,2.2416834677419355,-1,{}
4,Validar solicitud,2016-05-20 17:36:09,2016-05-20 17:48:44,Role 2,50,3.2416834677419355,-1,{}
12,Validar solicitud,2016-05-20 17:44:21,2016-05-20 17:55:02,Role 2,60,2.2416834677419355,-1,{}
24,Radicar Solicitud Homologacion,2016-05-20 18:06:03,2016-05-20 18:12:02,Role 1,66,1.1023185483870968,-1,{}
3,Validar solicitud,2016-05-20 17:58:56,2016-05-20 18:13:17,Role 2,49,1.2416834677419355,-1,{}
16,Homologacion por grupo de cursos,2016-05-20 18:35:48,2016-05-20 18:35:59,Role 3,62,1.5632560483870968,-1,{}
25,Radicar Solicitud Homologacion,2016-05-20 18:50:14,2016-05-20 18:55:38,Role 1,67,1.1023185483870968,-1,{}
1,Notificacion estudiante cancelacion soli,2016-05-20 19:01:53,2016-05-20 19:01:53,Role 2,48,1.0,-1,{}
21,Validar solicitud,2016-05-20 19:39:10,2016-05-20 19:47:43,Role 2,63,1.2416834677419355,-1,{}
17,Recepcion de documentos,2016-05-20 19:55:16,2016-05-20 19:55:52,Role 2,63,1.0148689516129032,-1,{}
10,Cancelar Solicitud,2016-05-20 20:28:26,2016-05-20 20:28:39,Role 2,60,1.2653729838709677,-1,{}
7,Recepcion de documentos,2016-05-20 20:46:27,2016-05-20 20:46:57,Role 2,63,1.0148689516129032,-1,{}
26,Traer informacion estudiante - banner,2016-05-20 20:49:06,2016-05-20 20:49:49,Role 1,66,1.0,-1,{}
22,Validar solicitud,2016-05-20 21:29:30,2016-05-20 21:37:38,Role 2,65,1.2416834677419355,-1,{}
27,Traer informacion estudiante - banner,2016-05-20 21:43:52,2016-05-20 21:44:35,Role 1,67,1.0,-1,{}
13,Cancelar Solicitud,2016-05-20 21:48:44,2016-05-20 21:48:49,Role 2,60,1.2653729838709677,-1,{}
14,Cancelar Solicitud,2016-05-20 22:19:03,2016-05-20 22:19:05,Role 2,61,1.2653729838709677,-1,{}
26,Radicar Solicitud Homologacion,2016-05-20 22:29:13,2016-05-20 22:34:16,Role 1,66,1.1023185483870968,-1,{}
9,Recepcion de documentos,2016-05-20 22:53:27,2016-05-20 22:53:39,Role 2,65,1.0148689516129032,-1,{}
15,Cancelar Solicitud,2016-05-20 22:53:58,2016-05-20 22:53:58,Role 2,62,1.2653729838709677,-1,{}
17,Homologacion por grupo de cursos,2016-05-20 23:00:37,2016-05-20 23:01:01,Role 3,65,1.5632560483870968,-1,{}
8,Homologacion por grupo de cursos,2016-05-20 23:01:07,2016-05-20 23:01:07,Role 3,65,1.5632560483870968,-1,{}
5,Cancelar Solicitud,2016-05-20 23:08:28,2016-05-20 23:08:28,Role 2,51,1.2653729838709677,-1,{}
23,Validar solicitud,2016-05-20 23:07:31,2016-05-20 23:15:04,Role 2,66,1.2416834677419355,-1,{}
27,Radicar Solicitud Homologacion,2016-05-20 23:20:42,2016-05-20 23:25:38,Role 1,67,1.1023185483870968,-1,{}
11,Recepcion de documentos,2016-05-20 23:33:23,2016-05-20 23:33:30,Role 2,66,1.0148689516129032,-1,{}
28,Traer informacion estudiante - banner,2016-05-20 23:53:26,2016-05-20 23:54:08,Role 1,67,1.0,-1,{}
12,Recepcion de documentos,2016-05-21 00:17:46,2016-05-21 00:17:46,Role 2,67,1.0148689516129032,-1,{}
7,Homologacion por grupo de cursos,2016-05-21 00:29:35,2016-05-21 00:29:48,Role 3,65,1.5632560483870968,-1,{}
19,Recepcion de documentos,2016-05-21 00:43:29,2016-05-21 00:43:45,Role 2,66,1.0148689516129032,-1,{}
29,Traer informacion estudiante - banner,2016-05-21 00:43:37,2016-05-21 00:44:01,Role 1,67,1.0,-1,{}
28,Radicar Solicitud Homologacion,2016-05-21 01:30:15,2016-05-21 01:35:24,Role 1,67,1.1023185483870968,-1,{}
9,Homologacion por grupo de cursos,2016-05-21 02:03:13,2016-05-21 02:03:17,Role 3,67,1.5632560483870968,-1,{}
8,Revisar curso,2016-05-21 02:12:05,2016-05-21 02:12:19,Role 2,66,1.047883064516129,-1,{}
30,Traer informacion estudiante - banner,2016-05-21 02:20:17,2016-05-21 02:20:40,Role 1,67,1.0,-1,{}
11,Homologacion por grupo de cursos,2016-05-21 02:30:22,2016-05-21 02:30:24,Role 3,66,1.5632560483870968,-1,{}
21,Recepcion de documentos,2016-05-21 03:16:54,2016-05-21 03:17:00,Role 2,65,1.0148689516129032,-1,{}
31,Traer informacion estudiante - banner,2016-05-21 03:36:47,2016-05-21 03:37:09,Role 1,67,1.0,-1,{}
22,Recepcion de documentos,2016-05-21 04:56:07,2016-05-21 04:56:09,Role 2,66,1.0148689516129032,-1,{}
26,Validar solicitud,2016-05-21 04:53:12,2016-05-21 05:01:17,Role 2,67,1.2416834677419355,-1,{}
27,Validar solicitud,2016-05-21 05:45:44,2016-05-21 05:53:27,Role 2,66,1.2416834677419355,-1,{}
23,Homologacion por grupo de cursos,2016-05-21 06:02:59,2016-05-21 06:02:59,Role 3,66,1.5632560483870968,-1,{}
32,Traer informacion estudiante - banner,2016-05-21 06:07:12,2016-05-21 06:07:34,Role 1,68,1.0,-1,{}
18,Cancelar Solicitud,2016-05-21 06:42:35,2016-05-21 06:42:46,Role 2,60,1.2653729838709677,-1,{}
29,Radicar Solicitud Homologacion,2016-05-21 07:01:16,2016-05-21 07:04:28,Role 1,67,1.1023185483870968,-1,{}
30,Radicar Solicitud Homologacion,2016-05-21 08:47:41,2016-05-21 08:50:46,Role 1,67,1.1023185483870968,-1,{}
6,Homologacion por grupo de cursos,2016-05-21 08:55:45,2016-05-21 08:55:45,Role 3,67,1.5632560483870968,-1,{}
31,Radicar Solicitud Homologacion,2016-05-21 10:04:10,2016-05-21 10:07:05,Role 1,67,1.1023185483870968,-1,{}
20,Cancelar Solicitud,2016-05-21 10:11:32,2016-05-21 10:11:32,Role 2,63,1.2653729838709677,-1,{}
4,Homologacion por grupo de cursos,2016-05-21 10:20:38,2016-05-21 10:20:38,Role 3,67,1.5632560483870968,-1,{}
2,Homologacion por grupo de cursos,2016-05-21 11:08:22,2016-05-21 11:08:22,Role 3,67,1.5632560483870968,-1,{}
3,Recepcion de documentos,2016-05-21 11:10:01,2016-05-21 11:10:15,Role 2,67,1.0148689516129032,-1,{}
32,Radicar Solicitud Homologacion,2016-05-21 12:23:39,2016-05-21 12:26:20,Role 1,68,1.1023185483870968,-1,{}
25,Cancelar Solicitud,2016-05-21 14:12:08,2016-05-21 14:12:08,Role 2,66,1.2653729838709677,-1,{}
33,Traer informacion estudiante - banner,2016-05-21 15:02:43,2016-05-21 15:03:04,Role 1,67,1.0,-1,{}
12,Homologacion por grupo de cursos,2016-05-21 15:20:29,2016-05-21 15:20:29,Role 3,67,1.5632560483870968,-1,{}
24,Cancelar Solicitud,2016-05-21 16:01:14,2016-05-21 16:01:14,Role 2,67,1.2653729838709677,-1,{}
8,Cancelar curso,2016-05-21 17:58:13,2016-05-21 17:58:15,Role 1,66,1.001008064516129,-1,{}
34,Traer informacion estudiante - banner,2016-05-21 18:37:11,2016-05-21 18:37:32,Role 1,66,1.0,-1,{}
35,Traer informacion estudiante - banner,2016-05-21 20:07:32,2016-05-21 20:07:53,Role 1,67,1.0,-1,{}
33,Radicar Solicitud Homologacion,2016-05-21 21:30:05,2016-05-21 21:32:04,Role 1,67,1.1023185483870968,-1,{}
36,Traer informacion estudiante - banner,2016-05-21 21:45:48,2016-05-21 21:46:10,Role 1,68,1.0,-1,{}
37,Traer informacion estudiante - banner,2016-05-21 23:08:51,2016-05-21 23:09:13,Role 1,69,1.0,-1,{}
28,Validar solicitud,2016-05-21 23:13:14,2016-05-21 23:17:09,Role 2,67,1.2416834677419355,-1,{}
19,Homologacion por grupo de cursos,2016-05-22 00:02:13,2016-05-22 00:02:13,Role 3,67,1.5632560483870968,-1,{}
19,Revisar curso,2016-05-22 00:02:17,2016-05-22 00:02:41,Role 2,69,1.047883064516129,-1,{}
19,Homologacion por grupo de cursos,2016-05-22 00:02:45,2016-05-22 00:02:45,Role 3,69,1.5632560483870968,-1,{}
19,Revisar curso,2016-05-22 00:02:49,2016-05-22 00:02:54,Role 2,69,1.047883064516129,-1,{}
19,Homologacion por grupo de cursos,2016-05-22 00:02:58,2016-05-22 00:02:58,Role 3,69,1.5632560483870968,-1,{}
19,Revisar curso,2016-05-22 00:03:02,2016-05-22 00:03:02,Role 2,69,1.047883064516129,-1,{}
34,Radicar Solicitud Homologacion,2016-05-22 01:15:40,2016-05-22 01:19:37,Role 1,66,1.1023185483870968,-1,{}
38,Traer informacion estudiante - banner,2016-05-22 02:07:27,2016-05-22 02:07:50,Role 1,70,1.0,-1,{}
21,Homologacion por grupo de cursos,2016-05-22 02:32:39,2016-05-22 02:32:39,Role 3,66,1.5632560483870968,-1,{}
35,Radicar Solicitud Homologacion,2016-05-22 02:34:54,2016-05-22 02:38:43,Role 1,67,1.1023185483870968,-1,{}
22,Homologacion por grupo de cursos,2016-05-22 02:57:49,2016-05-22 02:57:49,Role 3,67,1.5632560483870968,-1,{}
22,Revisar curso,2016-05-22 02:57:53,2016-05-22 02:58:06,Role 2,69,1.047883064516129,-1,{}
22,Evaluacion curso,2016-05-22 02:58:10,2016-05-22 02:58:10,Role 4,69,1.0778729838709677,-1,{}
22,Validar solicitud / pre-homologacion,2016-05-22 02:58:14,2016-05-22 02:58:14,Role 2,69,1.0128528225806452,-1,{}
39,Traer informacion estudiante - banner,2016-05-22 03:38:15,2016-05-22 03:38:37,Role 1,69,1.0,-1,{}
36,Radicar Solicitud Homologacion,2016-05-22 04:02:15,2016-05-22 04:05:55,Role 1,68,1.1023185483870968,-1,{}
23,Revisar curso,2016-05-22 04:17:58,2016-05-22 04:17:58,Role 2,67,1.047883064516129,-1,{}
40,Traer informacion estudiante - banner,2016-05-22 05:01:51,2016-05-22 05:02:13,Role 1,70,1.0,-1,{}
38,Radicar Solicitud Homologacion,2016-05-22 05:03:09,2016-05-22 05:12:56,Role 1,70,1.1023185483870968,-1,{}
37,Radicar Solicitud Homologacion,2016-05-22 05:14:33,2016-05-22 05:18:09,Role 1,69,1.1023185483870968,-1,{}
4,Revisar curso,2016-05-22 05:54:44,2016-05-22 05:54:44,Role 2,67,1.047883064516129,-1,{}
23,Cancelar curso,2016-05-22 06:05:20,2016-05-22 06:05:27,Role 1,69,1.001008064516129,-1,{}
41,Traer informacion estudiante - banner,2016-05-22 06:09:24,2016-05-22 06:09:45,Role 1,70,1.0,-1,{}
39,Radicar Solicitud Homologacion,2016-05-22 06:30:33,2016-05-22 06:39:48,Role 1,69,1.1023185483870968,-1,{}
3,Homologacion por grupo de cursos,2016-05-22 07:14:52,2016-05-22 07:14:52,Role 3,66,1.5632560483870968,-1,{}
40,Radicar Solicitud Homologacion,2016-05-22 07:57:32,2016-05-22 08:06:26,Role 1,70,1.1023185483870968,-1,{}
42,Traer informacion estudiante - banner,2016-05-22 08:06:51,2016-05-22 08:07:11,Role 1,70,1.0,-1,{}
41,Radicar Solicitud Homologacion,2016-05-22 09:05:04,2016-05-22 09:13:44,Role 1,70,1.1023185483870968,-1,{}
42,Radicar Solicitud Homologacion,2016-05-22 11:02:30,2016-05-22 11:10:42,Role 1,70,1.1023185483870968,-1,{}
4,Homologacion por grupo de cursos,2016-05-22 11:36:41,2016-05-22 11:36:41,Role 3,70,1.5632560483870968,-1,{}
43,Traer informacion estudiante - banner,2016-05-22 13:56:41,2016-05-22 13:57:00,Role 1,70,1.0,-1,{}
26,Homologacion por grupo de cursos,2016-05-22 15:20:42,2016-05-22 15:20:42,Role 3,67,1.5632560483870968,-1,{}
44,Traer informacion estudiante - banner,2016-05-22 15:32:48,2016-05-22 15:33:07,Role 1,71,1.0,-1,{}
27,Homologacion por grupo de cursos,2016-05-22 16:17:55,2016-05-22 16:17:55,Role 3,67,1.5632560483870968,-1,{}
45,Traer informacion estudiante - banner,2016-05-22 16:56:02,2016-05-22 16:56:21,Role 1,72,1.0,-1,{}
43,Radicar Solicitud Homologacion,2016-05-22 16:52:19,2016-05-22 16:59:22,Role 1,70,1.1023185483870968,-1,{}
46,Traer informacion estudiante - banner,2016-05-22 18:36:55,2016-05-22 18:37:15,Role 1,73,1.0,-1,{}
44,Radicar Solicitud Homologacion,2016-05-22 18:31:49,2016-05-22 18:38:42,Role 1,71,1.1023185483870968,-1,{}
19,Evaluacion curso,2016-05-22 19:21:48,2016-05-22 19:21:48,Role 4,69,1.0778729838709677,-1,{}
47,Traer informacion estudiante - banner,2016-05-22 19:33:33,2016-05-22 19:33:53,Role 1,74,1.0,-1,{}
45,Radicar Solicitud Homologacion,2016-05-22 19:59:48,2016-05-22 20:06:34,Role 1,72,1.1023185483870968,-1,{}
48,Traer informacion estudiante - banner,2016-05-22 20:13:56,2016-05-22 20:14:16,Role 1,75,1.0,-1,{}
49,Traer informacion estudiante - banner,2016-05-22 21:19:17,2016-05-22 21:19:37,Role 1,76,1.0,-1,{}
46,Radicar Solicitud Homologacion,2016-05-22 21:44:10,2016-05-22 21:50:48,Role 1,73,1.1023185483870968,-1,{}
47,Radicar Solicitud Homologacion,2016-05-22 22:42:56,2016-05-22 22:49:31,Role 1,74,1.1023185483870968,-1,{}
26,Revisar curso,2016-05-22 23:12:43,2016-05-22 23:13:21,Role 2,70,1.047883064516129,-1,{}
26,Evaluacion curso,2016-05-22 23:13:25,2016-05-22 23:13:26,Role 4,76,1.0778729838709677,-1,{}
26,Validacion final,2016-05-22 23:13:30,2016-05-22 23:13:32,Role 2,76,1.0100806451612903,-1,{}
48,Radicar Solicitud Homologacion,2016-05-22 23:26:49,2016-05-22 23:33:22,Role 1,75,1.1023185483870968,-1,{}
26,Visto Bueno Cierre Proceso,2016-05-22 23:45:44,2016-05-22 23:45:53,Role 3,76,1.0327620967741935,-1,{}
27,Revisar curso,2016-05-23 00:04:06,2016-05-23 00:06:17,Role 2,71,1.047883064516129,-1,{}
27,Evaluacion curso,2016-05-23 00:06:21,2016-05-23 00:06:21,Role 4,75,1.0778729838709677,-1,{}
27,Validacion final,2016-05-23 00:06:25,2016-05-23 00:06:25,Role 2,75,1.0100806451612903,-1,{}
27,Visto Bueno Cierre Proceso,2016-05-23 00:06:29,2016-05-23 00:06:36,Role 3,75,1.0327620967741935,-1,{}
49,Radicar Solicitud Homologacion,2016-05-23 00:35:42,2016-05-23 00:49:26,Role 1,76,1.1023185483870968,-1,{}
50,Traer informacion estudiante - banner,2016-05-23 01:16:08,2016-05-23 01:16:13,Role 1,75,1.0,-1,{}
29,Validar solicitud,2016-05-23 01:47:53,2016-05-23 02:07:51,Role 2,68,1.2416834677419355,-1,{}
50,Radicar Solicitud Homologacion,2016-05-23 02:04:51,2016-05-23 02:10:41,Role 1,75,1.1023185483870968,-1,{}
50,Validar solicitud,2016-05-23 03:54:19,2016-05-23 04:20:31,Role 2,75,1.2416834677419355,-1,{}
51,Traer informacion estudiante - banner,2016-05-23 05:01:42,2016-05-23 05:01:48,Role 1,76,1.0,-1,{}
51,Radicar Solicitud Homologacion,2016-05-23 05:50:23,2016-05-23 05:55:28,Role 1,76,1.1023185483870968,-1,{}
52,Traer informacion estudiante - banner,2016-05-23 05:57:54,2016-05-23 05:58:01,Role 1,77,1.0,-1,{}
50,Homologacion por grupo de cursos,2016-05-23 06:34:11,2016-05-23 06:34:49,Role 3,75,1.5632560483870968,-1,{}
10,Notificacion estudiante cancelacion soli,2016-05-23 06:48:41,2016-05-23 06:48:41,Role 2,65,1.0,-1,{}
52,Radicar Solicitud Homologacion,2016-05-23 06:46:35,2016-05-23 06:51:38,Role 1,77,1.1023185483870968,-1,{}
13,Notificacion estudiante cancelacion soli,2016-05-23 07:29:36,2016-05-23 07:29:36,Role 2,67,1.0,-1,{}
29,Homologacion por grupo de cursos,2016-05-23 07:35:18,2016-05-23 07:35:18,Role 3,75,1.5632560483870968,-1,{}
29,Revisar curso,2016-05-23 07:35:22,2016-05-23 07:38:12,Role 2,74,1.047883064516129,-1,{}
29,Cancelar curso,2016-05-23 07:38:16,2016-05-23 07:38:40,Role 1,74,1.001008064516129,-1,{}
14,Notificacion estudiante cancelacion soli,2016-05-23 07:49:45,2016-05-23 07:49:45,Role 2,67,1.0,-1,{}
51,Validar solicitud,2016-05-23 07:40:05,2016-05-23 08:04:02,Role 2,76,1.2416834677419355,-1,{}
32,Validar solicitud,2016-05-23 07:56:56,2016-05-23 08:12:57,Role 2,66,2.2416834677419355,-1,{}
15,Notificacion estudiante cancelacion soli,2016-05-23 08:15:15,2016-05-23 08:15:15,Role 2,67,1.0,-1,{}
53,Traer informacion estudiante - banner,2016-05-23 08:49:36,2016-05-23 08:49:43,Role 1,72,1.0,-1,{}
52,Validar solicitud,2016-05-23 08:36:49,2016-05-23 09:00:01,Role 2,75,1.2416834677419355,-1,{}
53,Radicar Solicitud Homologacion,2016-05-23 09:37:44,2016-05-23 09:41:53,Role 1,72,1.1023185483870968,-1,{}
54,Traer informacion estudiante - banner,2016-05-23 09:56:30,2016-05-23 09:56:37,Role 1,73,1.0,-1,{}
5,Notificacion estudiante cancelacion soli,2016-05-23 10:02:37,2016-05-23 10:02:37,Role 2,66,1.0,-1,{}
51,Recepcion de documentos,2016-05-23 10:16:48,2016-05-23 10:18:44,Role 2,72,1.0148689516129032,-1,{}
54,Radicar Solicitud Homologacion,2016-05-23 10:45:23,2016-05-23 10:49:37,Role 1,73,1.1023185483870968,-1,{}
52,Homologacion por grupo de cursos,2016-05-23 11:14:25,2016-05-23 11:14:39,Role 3,72,1.5632560483870968,-1,{}
51,Homologacion por grupo de cursos,2016-05-23 12:16:02,2016-05-23 12:18:19,Role 3,72,1.5632560483870968,-1,{}
53,Cancelar Solicitud,2016-05-23 12:42:16,2016-05-23 12:42:54,Role 2,72,1.2653729838709677,-1,{}
54,Validar solicitud,2016-05-23 12:31:06,2016-05-23 12:51:40,Role 2,72,1.2416834677419355,-1,{}
52,Revisar curso,2016-05-23 13:04:31,2016-05-23 13:08:07,Role 2,72,1.047883064516129,-1,{}
51,Revisar curso,2016-05-23 13:40:48,2016-05-23 13:42:26,Role 2,72,1.047883064516129,-1,{}
32,Homologacion por grupo de cursos,2016-05-23 14:05:29,2016-05-23 14:05:29,Role 3,72,1.5632560483870968,-1,{}
34,Cancelar Solicitud,2016-05-23 14:10:15,2016-05-23 14:10:45,Role 2,69,1.2653729838709677,-1,{}
52,Evaluacion curso,2016-05-23 14:20:57,2016-05-23 14:21:04,Role 4,72,1.0778729838709677,-1,{}
51,Evaluacion curso,2016-05-23 14:34:39,2016-05-23 14:34:48,Role 4,72,1.0778729838709677,-1,{}
55,Traer informacion estudiante - banner,2016-05-23 14:42:38,2016-05-23 14:42:47,Role 1,72,1.0,-1,{}
54,Homologacion por grupo de cursos,2016-05-23 15:01:02,2016-05-23 15:01:10,Role 3,72,1.5632560483870968,-1,{}
51,Validar solicitud / pre-homologacion,2016-05-23 15:12:51,2016-05-23 15:13:03,Role 2,71,1.0128528225806452,-1,{}
52,Validar solicitud / pre-homologacion,2016-05-23 15:15:37,2016-05-23 15:15:49,Role 2,71,1.0128528225806452,-1,{}
35,Cancelar Solicitud,2016-05-23 15:31:20,2016-05-23 15:31:43,Role 2,69,1.2653729838709677,-1,{}
55,Radicar Solicitud Homologacion,2016-05-23 15:31:38,2016-05-23 15:35:38,Role 1,72,1.1023185483870968,-1,{}
56,Traer informacion estudiante - banner,2016-05-23 15:53:52,2016-05-23 15:54:02,Role 1,70,1.0,-1,{}
57,Traer informacion estudiante - banner,2016-05-23 15:56:38,2016-05-23 15:56:48,Role 1,71,1.0,-1,{}
56,Radicar Solicitud Homologacion,2016-05-23 16:43:07,2016-05-23 16:46:43,Role 1,70,1.1023185483870968,-1,{}
57,Radicar Solicitud Homologacion,2016-05-23 16:45:45,2016-05-23 16:48:57,Role 1,71,2.102318548387097,-1,{}
36,Cancelar Solicitud,2016-05-23 17:00:42,2016-05-23 17:01:05,Role 2,69,1.2653729838709677,-1,{}
58,Traer informacion estudiante - banner,2016-05-23 17:05:06,2016-05-23 17:05:17,Role 1,72,1.0,-1,{}
33,Validar solicitud,2016-05-23 16:57:47,2016-05-23 17:10:54,Role 2,67,1.2416834677419355,-1,{}
55,Validar solicitud,2016-05-23 17:15:48,2016-05-23 17:33:23,Role 2,69,1.2416834677419355,-1,{}
58,Radicar Solicitud Homologacion,2016-05-23 17:53:18,2016-05-23 17:56:51,Role 1,72,1.1023185483870968,-1,{}
37,Cancelar Solicitud,2016-05-23 18:09:17,2016-05-23 18:09:33,Role 2,70,1.2653729838709677,-1,{}
59,Traer informacion estudiante - banner,2016-05-23 18:21:21,2016-05-23 18:21:32,Role 1,73,1.0,-1,{}
60,Traer informacion estudiante - banner,2016-05-23 18:59:25,2016-05-23 18:59:37,Role 1,74,1.0,-1,{}
59,Radicar Solicitud Homologacion,2016-05-23 19:10:18,2016-05-23 19:14:00,Role 1,73,1.1023185483870968,-1,{}
55,Homologacion por grupo de cursos,2016-05-23 19:40:21,2016-05-23 19:40:28,Role 3,72,1.5632560483870968,-1,{}
56,Cancelar Solicitud,2016-05-23 19:47:41,2016-05-23 19:48:03,Role 2,71,1.2653729838709677,-1,{}
57,Cancelar Solicitud,2016-05-23 19:51:06,2016-05-23 19:51:07,Role 2,71,1.2653729838709677,-1,{}
60,Radicar Solicitud Homologacion,2016-05-23 19:48:18,2016-05-23 19:52:15,Role 1,74,1.1023185483870968,-1,{}
38,Validar solicitud,2016-05-23 19:15:35,2016-05-23 19:53:46,Role 2,70,1.2416834677419355,-1,{}
39,Validar solicitud,2016-05-23 20:17:25,2016-05-23 20:54:53,Role 2,70,1.2416834677419355,-1,{}
58,Cancelar Solicitud,2016-05-23 20:57:14,2016-05-23 20:57:35,Role 2,72,1.2653729838709677,-1,{}
59,Validar solicitud,2016-05-23 20:55:54,2016-05-23 21:12:50,Role 2,74,1.2416834677419355,-1,{}
30,Cancelar Solicitud,2016-05-23 21:58:09,2016-05-23 21:58:11,Role 2,68,1.2653729838709677,-1,{}
61,Traer informacion estudiante - banner,2016-05-23 22:05:42,2016-05-23 22:05:55,Role 1,74,1.0,-1,{}
40,Validar solicitud,2016-05-23 22:02:18,2016-05-23 22:38:38,Role 2,69,1.2416834677419355,-1,{}
61,Radicar Solicitud Homologacion,2016-05-23 22:53:49,2016-05-23 22:57:14,Role 1,74,1.1023185483870968,-1,{}
60,Cancelar Solicitud,2016-05-23 22:59:18,2016-05-23 22:59:31,Role 2,73,1.2653729838709677,-1,{}
33,Recepcion de documentos,2016-05-23 23:18:21,2016-05-23 23:18:25,Role 2,72,1.0148689516129032,-1,{}
33,Homologacion por grupo de cursos,2016-05-23 23:18:29,2016-05-23 23:19:03,Role 3,74,1.5632560483870968,-1,{}
33,Revisar curso,2016-05-23 23:19:07,2016-05-23 23:19:34,Role 2,74,1.047883064516129,-1,{}
33,Cancelar curso,2016-05-23 23:19:38,2016-05-23 23:19:49,Role 1,74,1.001008064516129,-1,{}
59,Homologacion por grupo de cursos,2016-05-23 23:23:35,2016-05-23 23:23:39,Role 3,73,1.5632560483870968,-1,{}
31,Cancelar Solicitud,2016-05-23 23:25:18,2016-05-23 23:25:18,Role 2,67,1.2653729838709677,-1,{}
61,Cancelar Solicitud,2016-05-24 02:02:04,2016-05-24 02:03:19,Role 2,74,1.2653729838709677,-1,{}
62,Traer informacion estudiante - banner,2016-05-24 03:51:56,2016-05-24 03:53:00,Role 1,73,1.0,-1,{}
63,Traer informacion estudiante - banner,2016-05-24 04:11:05,2016-05-24 04:12:10,Role 1,74,1.0,-1,{}
62,Radicar Solicitud Homologacion,2016-05-24 05:01:11,2016-05-24 05:19:29,Role 1,73,1.1023185483870968,-1,{}
63,Radicar Solicitud Homologacion,2016-05-24 05:21:33,2016-05-24 05:39:50,Role 1,74,1.1023185483870968,-1,{}
49,Validar solicitud,2016-05-24 05:34:30,2016-05-24 06:03:32,Role 2,74,1.2416834677419355,-1,{}
64,Traer informacion estudiante - banner,2016-05-24 07:47:00,2016-05-24 07:47:59,Role 1,75,1.0,-1,{}
53,Notificacion estudiante cancelacion soli,2016-05-24 07:53:04,2016-05-24 07:53:04,Role 2,72,1.0,-1,{}
65,Traer informacion estudiante - banner,2016-05-24 08:26:06,2016-05-24 08:27:04,Role 1,75,1.0,-1,{}
64,Radicar Solicitud Homologacion,2016-05-24 08:58:36,2016-05-24 09:15:25,Role 1,75,1.1023185483870968,-1,{}
65,Radicar Solicitud Homologacion,2016-05-24 09:37:41,2016-05-24 09:54:56,Role 1,75,1.1023185483870968,-1,{}
66,Traer informacion estudiante - banner,2016-05-24 09:55:52,2016-05-24 09:56:53,Role 1,76,1.0,-1,{}
44,Validar solicitud,2016-05-24 09:26:38,2016-05-24 10:18:05,Role 2,73,1.2416834677419355,-1,{}
66,Radicar Solicitud Homologacion,2016-05-24 11:08:07,2016-05-24 11:23:54,Role 1,76,1.1023185483870968,-1,{}
67,Traer informacion estudiante - banner,2016-05-24 11:31:27,2016-05-24 11:32:23,Role 1,77,1.0,-1,{}
28,Homologacion por grupo de cursos,2016-05-24 12:09:12,2016-05-24 12:09:12,Role 3,69,1.5632560483870968,-1,{}
67,Radicar Solicitud Homologacion,2016-05-24 12:45:37,2016-05-24 13:01:11,Role 1,77,1.1023185483870968,-1,{}
56,Notificacion estudiante cancelacion soli,2016-05-24 15:15:38,2016-05-24 15:15:38,Role 2,73,1.0,-1,{}
57,Notificacion estudiante cancelacion soli,2016-05-24 15:26:54,2016-05-24 15:26:54,Role 2,73,1.0,-1,{}
68,Traer informacion estudiante - banner,2016-05-24 15:33:48,2016-05-24 15:34:39,Role 1,75,1.0,-1,{}
58,Notificacion estudiante cancelacion soli,2016-05-24 16:09:30,2016-05-24 16:09:30,Role 2,73,1.0,-1,{}
69,Traer informacion estudiante - banner,2016-05-24 16:46:41,2016-05-24 16:47:31,Role 1,75,1.0,-1,{}
68,Radicar Solicitud Homologacion,2016-05-24 16:45:16,2016-05-24 16:58:51,Role 1,75,1.1023185483870968,-1,{}
70,Traer informacion estudiante - banner,2016-05-24 17:40:00,2016-05-24 17:40:50,Role 1,76,1.0,-1,{}
69,Radicar Solicitud Homologacion,2016-05-24 17:59:01,2016-05-24 18:12:18,Role 1,75,1.1023185483870968,-1,{}
70,Radicar Solicitud Homologacion,2016-05-24 18:52:45,2016-05-24 19:05:53,Role 1,76,1.1023185483870968,-1,{}
71,Traer informacion estudiante - banner,2016-05-24 19:21:36,2016-05-24 19:22:25,Role 1,77,1.0,-1,{}
60,Notificacion estudiante cancelacion soli,2016-05-24 19:22:36,2016-05-24 19:22:36,Role 2,74,1.0,-1,{}
72,Traer informacion estudiante - banner,2016-05-24 20:08:13,2016-05-24 20:09:02,Role 1,77,1.0,-1,{}
71,Radicar Solicitud Homologacion,2016-05-24 20:35:39,2016-05-24 20:48:25,Role 1,77,1.1023185483870968,-1,{}
72,Radicar Solicitud Homologacion,2016-05-24 21:22:16,2016-05-24 21:34:46,Role 1,77,1.1023185483870968,-1,{}
73,Traer informacion estudiante - banner,2016-05-24 23:11:13,2016-05-24 23:12:01,Role 1,78,1.0,-1,{}
74,Traer informacion estudiante - banner,2016-05-25 00:21:17,2016-05-25 00:21:31,Role 1,79,1.0,-1,{}
73,Radicar Solicitud Homologacion,2016-05-25 00:26:38,2016-05-25 00:38:24,Role 1,78,1.1023185483870968,-1,{}
74,Radicar Solicitud Homologacion,2016-05-25 00:59:12,2016-05-25 01:02:44,Role 1,79,1.1023185483870968,-1,{}
74,Validar solicitud,2016-05-25 01:55:21,2016-05-25 02:12:48,Role 2,79,1.2416834677419355,-1,{}
74,Homologacion por grupo de cursos,2016-05-25 02:19:40,2016-05-25 02:19:40,Role 3,79,1.5632560483870968,-1,{}
41,Cancelar Solicitud,2016-05-25 02:39:46,2016-05-25 02:43:13,Role 2,70,1.2653729838709677,-1,{}
75,Traer informacion estudiante - banner,2016-05-25 02:43:45,2016-05-25 02:43:59,Role 1,79,1.0,-1,{}
76,Traer informacion estudiante - banner,2016-05-25 03:10:05,2016-05-25 03:10:19,Role 1,80,1.0,-1,{}
75,Radicar Solicitud Homologacion,2016-05-25 03:21:40,2016-05-25 03:24:59,Role 1,79,1.1023185483870968,-1,{}
76,Radicar Solicitud Homologacion,2016-05-25 03:46:52,2016-05-25 03:50:11,Role 1,80,1.1023185483870968,-1,{}
77,Traer informacion estudiante - banner,2016-05-25 03:57:36,2016-05-25 03:57:50,Role 1,81,1.0,-1,{}
75,Validar solicitud,2016-05-25 04:16:55,2016-05-25 04:33:16,Role 2,80,1.2416834677419355,-1,{}
77,Radicar Solicitud Homologacion,2016-05-25 04:33:15,2016-05-25 04:36:46,Role 1,81,1.1023185483870968,-1,{}
75,Homologacion por grupo de cursos,2016-05-25 04:38:02,2016-05-25 04:38:02,Role 3,81,1.5632560483870968,-1,{}
42,Cancelar Solicitud,2016-05-25 04:36:44,2016-05-25 04:39:42,Role 2,70,1.2653729838709677,-1,{}
76,Validar solicitud,2016-05-25 04:41:13,2016-05-25 04:57:18,Role 2,80,1.2416834677419355,-1,{}
76,Homologacion por grupo de cursos,2016-05-25 05:01:21,2016-05-25 05:01:21,Role 3,80,1.5632560483870968,-1,{}
76,Revisar curso,2016-05-25 05:01:25,2016-05-25 05:01:41,Role 2,80,1.047883064516129,-1,{}
76,Homologacion por grupo de cursos,2016-05-25 05:01:45,2016-05-25 05:01:45,Role 3,80,1.5632560483870968,-1,{}
78,Traer informacion estudiante - banner,2016-05-25 05:17:17,2016-05-25 05:17:32,Role 1,80,1.0,-1,{}
62,Validar solicitud,2016-05-25 05:16:49,2016-05-25 05:51:35,Role 2,74,1.2416834677419355,-1,{}
78,Radicar Solicitud Homologacion,2016-05-25 05:51:58,2016-05-25 05:55:00,Role 1,80,1.1023185483870968,-1,{}
78,Validar solicitud,2016-05-25 06:42:08,2016-05-25 06:57:11,Role 2,80,1.2416834677419355,-1,{}
78,Homologacion por grupo de cursos,2016-05-25 06:59:06,2016-05-25 06:59:06,Role 3,80,1.5632560483870968,-1,{}
78,Revisar curso,2016-05-25 06:59:10,2016-05-25 06:59:21,Role 2,80,1.047883064516129,-1,{}
78,Cancelar curso,2016-05-25 06:59:25,2016-05-25 06:59:25,Role 1,80,1.001008064516129,-1,{}
79,Traer informacion estudiante - banner,2016-05-25 07:02:54,2016-05-25 07:03:08,Role 1,80,1.0,-1,{}
77,Cancelar Solicitud,2016-05-25 07:11:49,2016-05-25 07:11:57,Role 2,81,1.2653729838709677,-1,{}
79,Radicar Solicitud Homologacion,2016-05-25 07:39:41,2016-05-25 07:42:39,Role 1,80,1.1023185483870968,-1,{}
79,Validar solicitud,2016-05-25 08:33:41,2016-05-25 08:48:01,Role 2,80,1.2416834677419355,-1,{}
79,Homologacion por grupo de cursos,2016-05-25 08:52:04,2016-05-25 08:52:04,Role 3,80,1.5632560483870968,-1,{}
73,Validar solicitud,2016-05-25 09:43:38,2016-05-25 09:53:23,Role 2,79,1.2416834677419355,-1,{}
80,Traer informacion estudiante - banner,2016-05-25 10:04:44,2016-05-25 10:04:59,Role 1,80,1.0,-1,{}
43,Cancelar Solicitud,2016-05-25 10:41:03,2016-05-25 10:42:53,Role 2,72,1.2653729838709677,-1,{}
80,Radicar Solicitud Homologacion,2016-05-25 10:41:32,2016-05-25 10:44:28,Role 1,80,1.1023185483870968,-1,{}
81,Traer informacion estudiante - banner,2016-05-25 11:11:11,2016-05-25 11:11:27,Role 1,81,1.0,-1,{}
66,Validar solicitud,2016-05-25 11:09:57,2016-05-25 11:40:23,Role 2,76,1.2416834677419355,-1,{}
81,Radicar Solicitud Homologacion,2016-05-25 11:44:50,2016-05-25 11:47:29,Role 1,81,1.1023185483870968,-1,{}
82,Traer informacion estudiante - banner,2016-05-25 12:18:30,2016-05-25 12:18:46,Role 1,82,1.0,-1,{}
82,Radicar Solicitud Homologacion,2016-05-25 12:53:05,2016-05-25 12:55:49,Role 1,82,1.1023185483870968,-1,{}
83,Traer informacion estudiante - banner,2016-05-25 13:21:20,2016-05-25 13:21:36,Role 1,83,1.0,-1,{}
80,Cancelar Solicitud,2016-05-25 13:26:38,2016-05-25 13:26:38,Role 2,80,1.2653729838709677,-1,{}
83,Radicar Solicitud Homologacion,2016-05-25 13:54:51,2016-05-25 13:57:34,Role 1,83,1.1023185483870968,-1,{}
81,Cancelar Solicitud,2016-05-25 14:17:58,2016-05-25 14:17:58,Role 2,81,1.2653729838709677,-1,{}
83,Validar solicitud,2016-05-25 14:43:58,2016-05-25 14:56:26,Role 2,83,1.2416834677419355,-1,{}
83,Homologacion por grupo de cursos,2016-05-25 14:56:30,2016-05-25 14:56:30,Role 3,83,1.5632560483870968,-1,{}
83,Revisar curso,2016-05-25 14:56:34,2016-05-25 14:56:40,Role 2,83,1.047883064516129,-1,{}
83,Homologacion por grupo de cursos,2016-05-25 14:56:44,2016-05-25 14:56:44,Role 3,83,1.5632560483870968,-1,{}
82,Cancelar Solicitud,2016-05-25 15:37:06,2016-05-25 15:37:06,Role 2,82,1.2653729838709677,-1,{}
45,Cancelar Solicitud,2016-05-25 15:41:09,2016-05-25 15:42:31,Role 2,74,1.2653729838709677,-1,{}
84,Traer informacion estudiante - banner,2016-05-25 16:32:42,2016-05-25 16:32:59,Role 1,83,1.0,-1,{}
84,Radicar Solicitud Homologacion,2016-05-25 17:06:14,2016-05-25 17:08:48,Role 1,83,1.1023185483870968,-1,{}
85,Traer informacion estudiante - banner,2016-05-25 17:47:32,2016-05-25 17:47:50,Role 1,84,1.0,-1,{}
73,Recepcion de documentos,2016-05-25 17:56:54,2016-05-25 17:57:06,Role 2,79,1.0148689516129032,-1,{}
68,Validar solicitud,2016-05-25 17:33:50,2016-05-25 18:00:38,Role 2,75,1.2416834677419355,-1,{}
86,Traer informacion estudiante - banner,2016-05-25 18:02:51,2016-05-25 18:03:09,Role 1,85,1.0,-1,{}
84,Validar solicitud,2016-05-25 17:55:12,2016-05-25 18:06:29,Role 2,83,2.2416834677419355,-1,{}
84,Homologacion por grupo de cursos,2016-05-25 18:06:33,2016-05-25 18:06:33,Role 3,85,1.5632560483870968,-1,{}
46,Cancelar Solicitud,2016-05-25 18:16:48,2016-05-25 18:17:59,Role 2,76,1.2653729838709677,-1,{}
85,Radicar Solicitud Homologacion,2016-05-25 18:18:10,2016-05-25 18:20:38,Role 1,84,1.1023185483870968,-1,{}
86,Radicar Solicitud Homologacion,2016-05-25 18:32:30,2016-05-25 18:34:59,Role 1,85,1.1023185483870968,-1,{}
86,Validar solicitud,2016-05-25 19:15:19,2016-05-25 19:26:41,Role 2,84,1.2416834677419355,-1,{}
47,Cancelar Solicitud,2016-05-25 19:25:31,2016-05-25 19:26:44,Role 2,76,1.2653729838709677,-1,{}
86,Homologacion por grupo de cursos,2016-05-25 19:26:45,2016-05-25 19:26:45,Role 3,84,1.5632560483870968,-1,{}
87,Traer informacion estudiante - banner,2016-05-25 19:44:49,2016-05-25 19:45:08,Role 1,84,1.0,-1,{}
87,Radicar Solicitud Homologacion,2016-05-25 20:17:19,2016-05-25 20:19:47,Role 1,84,1.1023185483870968,-1,{}
48,Cancelar Solicitud,2016-05-25 20:45:13,2016-05-25 20:46:14,Role 2,76,1.2653729838709677,-1,{}
85,Cancelar Solicitud,2016-05-25 20:49:56,2016-05-25 20:49:56,Role 2,84,1.2653729838709677,-1,{}
88,Traer informacion estudiante - banner,2016-05-25 21:40:10,2016-05-25 21:40:30,Role 1,85,1.0,-1,{}
73,Homologacion por grupo de cursos,2016-05-25 21:48:07,2016-05-25 21:48:12,Role 3,84,1.5632560483870968,-1,{}
88,Radicar Solicitud Homologacion,2016-05-25 22:11:39,2016-05-25 22:14:13,Role 1,85,1.1023185483870968,-1,{}
89,Traer informacion estudiante - banner,2016-05-25 22:22:02,2016-05-25 22:22:22,Role 1,85,1.0,-1,{}
71,Validar solicitud,2016-05-25 22:02:47,2016-05-25 22:27:46,Role 2,77,1.2416834677419355,-1,{}
89,Radicar Solicitud Homologacion,2016-05-25 22:51:43,2016-05-25 22:54:03,Role 1,85,1.1023185483870968,-1,{}
87,Cancelar Solicitud,2016-05-25 23:00:22,2016-05-25 23:00:22,Role 2,84,1.2653729838709677,-1,{}
62,Recepcion de documentos,2016-05-25 23:38:52,2016-05-25 23:39:10,Role 2,80,1.0148689516129032,-1,{}
90,Traer informacion estudiante - banner,2016-05-26 00:21:58,2016-05-26 00:22:52,Role 1,86,1.0,-1,{}
88,Cancelar Solicitud,2016-05-26 00:48:36,2016-05-26 00:48:41,Role 2,84,1.2653729838709677,-1,{}
89,Cancelar Solicitud,2016-05-26 01:23:02,2016-05-26 01:23:07,Role 2,85,1.2653729838709677,-1,{}
91,Traer informacion estudiante - banner,2016-05-26 01:39:48,2016-05-26 01:40:40,Role 1,87,1.0,-1,{}
92,Traer informacion estudiante - banner,2016-05-26 01:59:28,2016-05-26 02:00:20,Role 1,88,1.0,-1,{}
90,Radicar Solicitud Homologacion,2016-05-26 04:43:45,2016-05-26 04:53:57,Role 1,86,1.1023185483870968,-1,{}
66,Recepcion de documentos,2016-05-26 05:26:19,2016-05-26 05:26:47,Role 2,81,1.0148689516129032,-1,{}
93,Traer informacion estudiante - banner,2016-05-26 05:39:58,2016-05-26 05:40:44,Role 1,89,1.0,-1,{}
91,Radicar Solicitud Homologacion,2016-05-26 05:52:22,2016-05-26 06:02:17,Role 1,87,1.1023185483870968,-1,{}
94,Traer informacion estudiante - banner,2016-05-26 06:08:17,2016-05-26 06:09:03,Role 1,90,1.0,-1,{}
19,Validacion final,2016-05-26 06:12:24,2016-05-26 06:12:53,Role 2,73,1.0100806451612903,-1,{}
92,Radicar Solicitud Homologacion,2016-05-26 06:03:01,2016-05-26 06:12:57,Role 1,88,1.1023185483870968,-1,{}
77,Notificacion estudiante cancelacion soli,2016-05-26 06:35:27,2016-05-26 06:35:27,Role 2,80,1.0,-1,{}
95,Traer informacion estudiante - banner,2016-05-26 07:34:12,2016-05-26 07:34:56,Role 1,90,1.0,-1,{}
62,Homologacion por grupo de cursos,2016-05-26 08:10:41,2016-05-26 08:11:40,Role 3,85,1.5632560483870968,-1,{}
96,Traer informacion estudiante - banner,2016-05-26 08:45:17,2016-05-26 08:46:00,Role 1,91,1.0,-1,{}
61,Notificacion estudiante cancelacion soli,2016-05-26 09:21:03,2016-05-26 09:21:03,Role 2,72,1.0,-1,{}
93,Radicar Solicitud Homologacion,2016-05-26 09:34:35,2016-05-26 09:43:30,Role 1,89,1.1023185483870968,-1,{}
94,Radicar Solicitud Homologacion,2016-05-26 09:56:40,2016-05-26 10:05:32,Role 1,90,1.1023185483870968,-1,{}
97,Traer informacion estudiante - banner,2016-05-26 10:45:05,2016-05-26 10:45:46,Role 1,91,1.0,-1,{}
90,Validar solicitud,2016-05-26 10:55:49,2016-05-26 11:28:46,Role 2,88,1.2416834677419355,-1,{}
95,Radicar Solicitud Homologacion,2016-05-26 11:20:08,2016-05-26 11:29:04,Role 1,90,1.1023185483870968,-1,{}
68,Recepcion de documentos,2016-05-26 11:44:50,2016-05-26 11:45:01,Role 2,84,1.0148689516129032,-1,{}
98,Traer informacion estudiante - banner,2016-05-26 11:53:11,2016-05-26 11:53:53,Role 1,92,1.0,-1,{}
92,Validar solicitud,2016-05-26 11:42:24,2016-05-26 12:14:20,Role 2,90,1.2416834677419355,-1,{}
99,Traer informacion estudiante - banner,2016-05-26 12:24:23,2016-05-26 12:25:03,Role 1,93,1.0,-1,{}
96,Radicar Solicitud Homologacion,2016-05-26 12:22:42,2016-05-26 12:31:03,Role 1,91,1.1023185483870968,-1,{}
80,Notificacion estudiante cancelacion soli,2016-05-26 13:11:06,2016-05-26 13:11:06,Role 2,83,1.0,-1,{}
81,Notificacion estudiante cancelacion soli,2016-05-26 13:12:47,2016-05-26 13:12:47,Role 2,83,1.0,-1,{}
100,Traer informacion estudiante - banner,2016-05-26 13:18:44,2016-05-26 13:19:23,Role 1,92,1.0,-1,{}
62,Revisar curso,2016-05-26 14:26:11,2016-05-26 14:27:00,Role 2,90,1.047883064516129,-1,{}
97,Radicar Solicitud Homologacion,2016-05-26 14:22:28,2016-05-26 14:30:19,Role 1,91,1.1023185483870968,-1,{}
91,Cancelar Solicitud,2016-05-26 14:50:36,2016-05-26 14:51:32,Role 2,89,1.2653729838709677,-1,{}
101,Traer informacion estudiante - banner,2016-05-26 15:05:07,2016-05-26 15:05:45,Role 1,93,1.0,-1,{}
98,Radicar Solicitud Homologacion,2016-05-26 15:08:18,2016-05-26 15:15:52,Role 1,92,1.1023185483870968,-1,{}
82,Notificacion estudiante cancelacion soli,2016-05-26 15:47:45,2016-05-26 15:47:45,Role 2,82,1.0,-1,{}
94,Validar solicitud,2016-05-26 15:20:31,2016-05-26 15:49:17,Role 2,90,1.2416834677419355,-1,{}
99,Radicar Solicitud Homologacion,2016-05-26 15:47:34,2016-05-26 15:55:36,Role 1,93,1.1023185483870968,-1,{}
102,Traer informacion estudiante - banner,2016-05-26 16:44:40,2016-05-26 16:45:16,Role 1,93,1.0,-1,{}
100,Radicar Solicitud Homologacion,2016-05-26 16:47:46,2016-05-26 16:55:09,Role 1,92,1.1023185483870968,-1,{}
71,Recepcion de documentos,2016-05-26 16:55:40,2016-05-26 16:55:44,Role 2,85,1.0148689516129032,-1,{}
96,Validar solicitud,2016-05-26 17:15:08,2016-05-26 17:42:36,Role 2,93,1.2416834677419355,-1,{}
93,Cancelar Solicitud,2016-05-26 18:03:20,2016-05-26 18:03:46,Role 2,90,1.2653729838709677,-1,{}
92,Recepcion de documentos,2016-05-26 18:12:16,2016-05-26 18:13:19,Role 2,92,1.0148689516129032,-1,{}
90,Homologacion por grupo de cursos,2016-05-26 18:14:27,2016-05-26 18:14:27,Role 3,91,1.5632560483870968,-1,{}
103,Traer informacion estudiante - banner,2016-05-26 18:22:28,2016-05-26 18:23:04,Role 1,94,1.0,-1,{}
101,Radicar Solicitud Homologacion,2016-05-26 18:25:59,2016-05-26 18:33:07,Role 1,93,1.1023185483870968,-1,{}
62,Homologacion por grupo de cursos,2016-05-26 18:58:56,2016-05-26 18:59:16,Role 3,92,1.5632560483870968,-1,{}
104,Traer informacion estudiante - banner,2016-05-26 19:30:56,2016-05-26 19:31:33,Role 1,94,1.0,-1,{}
95,Cancelar Solicitud,2016-05-26 19:31:56,2016-05-26 19:32:10,Role 2,91,1.2653729838709677,-1,{}
97,Validar solicitud,2016-05-26 19:19:18,2016-05-26 19:45:34,Role 2,92,1.2416834677419355,-1,{}
66,Homologacion por grupo de cursos,2016-05-26 19:58:09,2016-05-26 19:59:08,Role 3,88,1.5632560483870968,-1,{}
102,Radicar Solicitud Homologacion,2016-05-26 20:05:30,2016-05-26 20:12:16,Role 1,93,1.1023185483870968,-1,{}
85,Notificacion estudiante cancelacion soli,2016-05-26 20:14:47,2016-05-26 20:14:47,Role 2,84,1.0,-1,{}
105,Traer informacion estudiante - banner,2016-05-26 20:57:52,2016-05-26 20:58:26,Role 1,93,1.0,-1,{}
103,Radicar Solicitud Homologacion,2016-05-26 21:35:18,2016-05-26 21:42:11,Role 1,94,1.1023185483870968,-1,{}
94,Homologacion por grupo de cursos,2016-05-26 21:51:35,2016-05-26 21:51:35,Role 3,92,1.5632560483870968,-1,{}
100,Validar solicitud,2016-05-26 21:29:43,2016-05-26 21:54:48,Role 2,93,1.2416834677419355,-1,{}
98,Cancelar Solicitud,2016-05-26 22:17:01,2016-05-26 22:17:01,Role 2,93,1.2653729838709677,-1,{}
49,Recepcion de documentos,2016-05-26 22:19:10,2016-05-26 22:24:13,Role 2,74,1.0148689516129032,-1,{}
92,Homologacion por grupo de cursos,2016-05-26 22:23:23,2016-05-26 22:24:26,Role 3,93,1.5632560483870968,-1,{}
104,Radicar Solicitud Homologacion,2016-05-26 22:30:26,2016-05-26 22:36:37,Role 1,94,1.1023185483870968,-1,{}
96,Recepcion de documentos,2016-05-26 22:56:25,2016-05-26 22:56:40,Role 2,93,1.0148689516129032,-1,{}
90,Revisar curso,2016-05-26 22:57:53,2016-05-26 23:00:03,Role 2,93,1.047883064516129,-1,{}
87,Notificacion estudiante cancelacion soli,2016-05-26 23:23:18,2016-05-26 23:23:18,Role 2,85,1.0,-1,{}
99,Cancelar Solicitud,2016-05-26 23:32:20,2016-05-26 23:32:20,Role 2,92,1.2653729838709677,-1,{}
106,Traer informacion estudiante - banner,2016-05-26 23:55:19,2016-05-26 23:55:52,Role 1,92,1.0,-1,{}
105,Radicar Solicitud Homologacion,2016-05-27 00:18:40,2016-05-27 00:28:09,Role 1,93,1.1023185483870968,-1,{}
107,Traer informacion estudiante - banner,2016-05-27 00:37:24,2016-05-27 00:38:47,Role 1,93,1.0,-1,{}
39,Homologacion por grupo de cursos,2016-05-27 00:45:18,2016-05-27 00:46:20,Role 3,73,1.5632560483870968,-1,{}
108,Traer informacion estudiante - banner,2016-05-27 00:48:38,2016-05-27 00:50:01,Role 1,94,1.0,-1,{}
97,Homologacion por grupo de cursos,2016-05-27 01:07:29,2016-05-27 01:07:38,Role 3,94,1.5632560483870968,-1,{}
107,Radicar Solicitud Homologacion,2016-05-27 01:10:03,2016-05-27 01:22:49,Role 1,93,1.1023185483870968,-1,{}
108,Radicar Solicitud Homologacion,2016-05-27 01:19:26,2016-05-27 01:30:56,Role 1,94,2.102318548387097,-1,{}
63,Cancelar Solicitud,2016-05-27 01:42:38,2016-05-27 01:45:37,Role 2,74,1.2653729838709677,-1,{}
101,Cancelar Solicitud,2016-05-27 01:48:03,2016-05-27 01:49:00,Role 2,94,1.2653729838709677,-1,{}
94,Revisar curso,2016-05-27 01:50:13,2016-05-27 01:52:33,Role 2,93,1.047883064516129,-1,{}
68,Homologacion por grupo de cursos,2016-05-27 02:03:26,2016-05-27 02:04:48,Role 3,91,1.5632560483870968,-1,{}
94,Cancelar curso,2016-05-27 02:06:48,2016-05-27 02:07:56,Role 1,93,1.001008064516129,-1,{}
105,Validar solicitud,2016-05-27 01:53:39,2016-05-27 02:15:16,Role 2,92,1.2416834677419355,-1,{}
105,Recepcion de documentos,2016-05-27 02:15:20,2016-05-27 02:17:46,Role 2,92,1.0148689516129032,-1,{}
105,Homologacion por grupo de cursos,2016-05-27 02:17:50,2016-05-27 02:20:16,Role 3,92,1.5632560483870968,-1,{}
90,Cancelar curso,2016-05-27 02:33:43,2016-05-27 02:34:29,Role 1,92,1.001008064516129,-1,{}
38,Recepcion de documentos,2016-05-27 02:36:43,2016-05-27 02:39:57,Role 2,73,1.0148689516129032,-1,{}
96,Homologacion por grupo de cursos,2016-05-27 02:40:08,2016-05-27 02:41:26,Role 3,92,1.5632560483870968,-1,{}
96,Revisar curso,2016-05-27 02:41:30,2016-05-27 02:43:01,Role 2,90,1.047883064516129,-1,{}
96,Evaluacion curso,2016-05-27 02:43:05,2016-05-27 02:43:55,Role 4,90,1.0778729838709677,-1,{}
96,Validacion final,2016-05-27 02:43:59,2016-05-27 02:44:51,Role 2,90,1.0100806451612903,-1,{}
96,Visto Bueno Cierre Proceso,2016-05-27 02:44:55,2016-05-27 02:45:39,Role 3,90,1.0327620967741935,-1,{}
100,Recepcion de documentos,2016-05-27 03:01:24,2016-05-27 03:02:22,Role 2,93,1.0148689516129032,-1,{}
106,Radicar Solicitud Homologacion,2016-05-27 03:24:15,2016-05-27 03:32:43,Role 1,92,1.1023185483870968,-1,{}
102,Cancelar Solicitud,2016-05-27 03:33:25,2016-05-27 03:34:07,Role 2,93,1.2653729838709677,-1,{}
100,Homologacion por grupo de cursos,2016-05-27 03:38:42,2016-05-27 03:40:29,Role 3,89,1.5632560483870968,-1,{}
100,Revisar curso,2016-05-27 03:40:33,2016-05-27 03:41:55,Role 2,89,1.047883064516129,-1,{}
100,Cancelar curso,2016-05-27 03:41:59,2016-05-27 03:42:56,Role 1,89,1.001008064516129,-1,{}
103,Cancelar Solicitud,2016-05-27 04:40:17,2016-05-27 04:40:46,Role 2,93,1.2653729838709677,-1,{}
40,Recepcion de documentos,2016-05-27 05:16:37,2016-05-27 05:19:05,Role 2,74,1.0148689516129032,-1,{}
104,Cancelar Solicitud,2016-05-27 05:26:11,2016-05-27 05:26:40,Role 2,92,1.2653729838709677,-1,{}
106,Validar solicitud,2016-05-27 05:12:33,2016-05-27 05:31:04,Role 2,89,1.2416834677419355,-1,{}
106,Homologacion por grupo de cursos,2016-05-27 05:32:57,2016-05-27 05:33:36,Role 3,88,1.5632560483870968,-1,{}
106,Revisar curso,2016-05-27 05:33:40,2016-05-27 05:35:43,Role 2,88,1.047883064516129,-1,{}
106,Homologacion por grupo de cursos,2016-05-27 05:35:47,2016-05-27 05:36:33,Role 3,88,1.5632560483870968,-1,{}
106,Revisar curso,2016-05-27 05:36:37,2016-05-27 05:37:54,Role 2,88,1.047883064516129,-1,{}
106,Cancelar curso,2016-05-27 05:37:58,2016-05-27 05:38:54,Role 1,88,1.001008064516129,-1,{}
65,Cancelar Solicitud,2016-05-27 06:35:11,2016-05-27 06:37:10,Role 2,75,1.2653729838709677,-1,{}
108,Validar solicitud,2016-05-27 06:34:15,2016-05-27 06:50:48,Role 2,93,1.2416834677419355,-1,{}
64,Cancelar Solicitud,2016-05-27 07:06:30,2016-05-27 07:08:30,Role 2,75,1.2653729838709677,-1,{}
88,Notificacion estudiante cancelacion soli,2016-05-27 07:15:37,2016-05-27 07:15:37,Role 2,86,1.0,-1,{}
89,Notificacion estudiante cancelacion soli,2016-05-27 07:25:57,2016-05-27 07:25:57,Role 2,86,1.0,-1,{}
71,Homologacion por grupo de cursos,2016-05-27 07:48:10,2016-05-27 07:48:59,Role 3,93,1.5632560483870968,-1,{}
109,Traer informacion estudiante - banner,2016-05-27 09:14:09,2016-05-27 09:15:12,Role 1,86,1.0,-1,{}
68,Revisar curso,2016-05-27 09:22:47,2016-05-27 09:24:05,Role 2,93,1.047883064516129,-1,{}
30,Notificacion estudiante cancelacion soli,2016-05-27 09:45:20,2016-05-27 09:45:20,Role 2,73,1.0,-1,{}
109,Radicar Solicitud Homologacion,2016-05-27 10:00:34,2016-05-27 10:09:50,Role 1,86,1.1023185483870968,-1,{}
108,Recepcion de documentos,2016-05-27 10:43:12,2016-05-27 10:45:09,Role 2,87,1.0148689516129032,-1,{}
108,Homologacion por grupo de cursos,2016-05-27 10:45:13,2016-05-27 10:46:58,Role 3,85,1.5632560483870968,-1,{}
108,Revisar curso,2016-05-27 10:47:02,2016-05-27 10:48:25,Role 2,85,1.047883064516129,-1,{}
108,Cancelar curso,2016-05-27 10:48:29,2016-05-27 10:49:32,Role 1,85,1.001008064516129,-1,{}
31,Notificacion estudiante cancelacion soli,2016-05-27 11:29:30,2016-05-27 11:29:30,Role 2,72,1.0,-1,{}
110,Traer informacion estudiante - banner,2016-05-27 11:51:58,2016-05-27 11:52:56,Role 1,84,1.0,-1,{}
67,Cancelar Solicitud,2016-05-27 12:06:22,2016-05-27 12:07:41,Role 2,76,1.2653729838709677,-1,{}
110,Radicar Solicitud Homologacion,2016-05-27 12:42:43,2016-05-27 12:51:08,Role 1,84,1.1023185483870968,-1,{}
68,Cancelar curso,2016-05-27 14:10:31,2016-05-27 14:11:07,Role 1,86,1.001008064516129,-1,{}
111,Traer informacion estudiante - banner,2016-05-27 14:29:10,2016-05-27 14:30:05,Role 1,84,1.0,-1,{}
111,Radicar Solicitud Homologacion,2016-05-27 15:19:52,2016-05-27 15:27:41,Role 1,84,1.1023185483870968,-1,{}
71,Revisar curso,2016-05-27 15:31:46,2016-05-27 15:32:33,Role 2,85,1.047883064516129,-1,{}
34,Notificacion estudiante cancelacion soli,2016-05-27 15:54:40,2016-05-27 15:54:40,Role 2,71,1.0,-1,{}
69,Cancelar Solicitud,2016-05-27 16:42:24,2016-05-27 16:43:10,Role 2,76,1.2653729838709677,-1,{}
112,Traer informacion estudiante - banner,2016-05-27 16:56:18,2016-05-27 16:57:11,Role 1,84,1.0,-1,{}
70,Cancelar Solicitud,2016-05-27 17:34:34,2016-05-27 17:35:15,Role 2,76,1.2653729838709677,-1,{}
35,Notificacion estudiante cancelacion soli,2016-05-27 17:50:37,2016-05-27 17:50:37,Role 2,69,1.0,-1,{}
112,Radicar Solicitud Homologacion,2016-05-27 17:46:58,2016-05-27 17:54:15,Role 1,84,1.1023185483870968,-1,{}
36,Notificacion estudiante cancelacion soli,2016-05-27 18:10:42,2016-05-27 18:10:42,Role 2,71,1.0,-1,{}
110,Validar solicitud,2016-05-27 18:14:53,2016-05-27 18:26:15,Role 2,84,1.2416834677419355,-1,{}
113,Traer informacion estudiante - banner,2016-05-27 18:35:46,2016-05-27 18:36:37,Role 1,83,1.0,-1,{}
71,Evaluacion curso,2016-05-27 18:37:19,2016-05-27 18:37:41,Role 4,84,1.0778729838709677,-1,{}
113,Radicar Solicitud Homologacion,2016-05-27 19:28:41,2016-05-27 19:35:32,Role 1,83,1.1023185483870968,-1,{}
71,Validar solicitud / pre-homologacion,2016-05-27 20:05:33,2016-05-27 20:05:58,Role 2,83,1.0128528225806452,-1,{}
37,Notificacion estudiante cancelacion soli,2016-05-27 20:39:41,2016-05-27 20:39:41,Role 2,72,1.0,-1,{}
72,Cancelar Solicitud,2016-05-27 20:41:01,2016-05-27 20:41:28,Role 2,77,1.2653729838709677,-1,{}
114,Traer informacion estudiante - banner,2016-05-27 21:00:26,2016-05-27 21:01:15,Role 1,82,1.0,-1,{}
18,Notificacion estudiante cancelacion soli,2016-05-27 21:15:08,2016-05-27 21:15:08,Role 2,68,1.0,-1,{}
114,Radicar Solicitud Homologacion,2016-05-27 21:55:39,2016-05-27 22:01:55,Role 1,82,1.1023185483870968,-1,{}
110,Homologacion por grupo de cursos,2016-05-27 22:44:42,2016-05-27 22:44:47,Role 3,82,1.5632560483870968,-1,{}
110,Revisar curso,2016-05-27 22:44:51,2016-05-27 22:45:31,Role 2,81,1.047883064516129,-1,{}
110,Evaluacion curso,2016-05-27 22:45:35,2016-05-27 22:45:58,Role 4,81,1.0778729838709677,-1,{}
110,Validar solicitud / pre-homologacion,2016-05-27 22:46:02,2016-05-27 22:46:33,Role 2,81,1.0128528225806452,-1,{}
110,Avanzar recepcion documentos,2016-05-27 22:46:37,2016-05-27 22:47:08,Role 8,81,1.002016129032258,-1,{}
110,Validacion final,2016-05-27 22:47:12,2016-05-27 22:47:40,Role 2,81,1.0100806451612903,-1,{}
110,Visto Bueno Cierre Proceso,2016-05-27 22:47:44,2016-05-27 22:48:09,Role 3,81,1.0327620967741935,-1,{}
110,Transferir Creditos,2016-05-27 22:48:13,2016-05-27 22:48:41,Role 3,81,1.0005040322580645,-1,{}
110,Transferir creditos homologables,2016-05-27 22:48:45,2016-05-27 22:49:09,Role 3,81,1.001008064516129,-1,{}
25,Notificacion estudiante cancelacion soli,2016-05-27 23:01:03,2016-05-27 23:01:03,Role 2,66,1.0,-1,{}
115,Traer informacion estudiante - banner,2016-05-27 23:19:31,2016-05-27 23:20:17,Role 1,80,1.0,-1,{}
112,Validar solicitud,2016-05-27 23:20:09,2016-05-27 23:29:04,Role 2,83,1.2416834677419355,-1,{}
116,Traer informacion estudiante - banner,2016-05-28 00:01:54,2016-05-28 00:02:21,Role 1,81,1.0,-1,{}
115,Radicar Solicitud Homologacion,2016-05-28 00:16:09,2016-05-28 00:22:46,Role 1,80,1.1023185483870968,-1,{}
20,Notificacion estudiante cancelacion soli,2016-05-28 00:42:47,2016-05-28 00:42:47,Role 2,67,1.0,-1,{}
113,Validar solicitud,2016-05-28 01:01:49,2016-05-28 01:12:47,Role 2,83,1.2416834677419355,-1,{}
117,Traer informacion estudiante - banner,2016-05-28 01:19:53,2016-05-28 01:20:19,Role 1,81,1.0,-1,{}
107,Cancelar Solicitud,2016-05-28 01:58:55,2016-05-28 01:59:56,Role 2,93,1.2653729838709677,-1,{}
118,Traer informacion estudiante - banner,2016-05-28 02:18:11,2016-05-28 02:18:37,Role 1,82,1.0,-1,{}
119,Traer informacion estudiante - banner,2016-05-28 03:00:47,2016-05-28 03:01:13,Role 1,83,1.0,-1,{}
116,Radicar Solicitud Homologacion,2016-05-28 04:12:05,2016-05-28 04:16:47,Role 1,81,1.1023185483870968,-1,{}
112,Recepcion de documentos,2016-05-28 04:32:00,2016-05-28 04:32:09,Role 2,80,1.0148689516129032,-1,{}
120,Traer informacion estudiante - banner,2016-05-28 04:40:15,2016-05-28 04:40:41,Role 1,84,1.0,-1,{}
24,Notificacion estudiante cancelacion soli,2016-05-28 05:11:42,2016-05-28 05:11:42,Role 2,66,1.0,-1,{}
121,Traer informacion estudiante - banner,2016-05-28 05:12:27,2016-05-28 05:12:52,Role 1,84,1.0,-1,{}
117,Radicar Solicitud Homologacion,2016-05-28 05:30:03,2016-05-28 05:34:34,Role 1,81,1.1023185483870968,-1,{}
118,Radicar Solicitud Homologacion,2016-05-28 06:19:47,2016-05-28 06:24:12,Role 1,82,1.1023185483870968,-1,{}
119,Radicar Solicitud Homologacion,2016-05-28 06:53:58,2016-05-28 06:58:20,Role 1,83,1.1023185483870968,-1,{}
120,Radicar Solicitud Homologacion,2016-05-28 08:25:09,2016-05-28 08:29:20,Role 1,84,1.1023185483870968,-1,{}
122,Traer informacion estudiante - banner,2016-05-28 08:34:54,2016-05-28 08:35:18,Role 1,85,1.0,-1,{}
121,Radicar Solicitud Homologacion,2016-05-28 08:57:20,2016-05-28 09:01:28,Role 1,84,1.1023185483870968,-1,{}
91,Notificacion estudiante cancelacion soli,2016-05-28 09:17:45,2016-05-28 09:17:45,Role 2,92,1.0,-1,{}
109,Cancelar Solicitud,2016-05-28 10:09:20,2016-05-28 10:09:35,Role 2,85,1.2653729838709677,-1,{}
93,Notificacion estudiante cancelacion soli,2016-05-28 11:52:09,2016-05-28 11:52:09,Role 2,93,1.0,-1,{}
95,Notificacion estudiante cancelacion soli,2016-05-28 11:56:36,2016-05-28 11:56:36,Role 2,94,1.0,-1,{}
122,Radicar Solicitud Homologacion,2016-05-28 12:11:39,2016-05-28 12:15:18,Role 1,85,1.1023185483870968,-1,{}
98,Notificacion estudiante cancelacion soli,2016-05-28 14:00:08,2016-05-28 14:00:08,Role 2,93,1.0,-1,{}
111,Cancelar Solicitud,2016-05-28 15:14:30,2016-05-28 15:14:30,Role 2,84,1.2653729838709677,-1,{}
101,Notificacion estudiante cancelacion soli,2016-05-28 16:39:41,2016-05-28 16:39:41,Role 2,93,1.0,-1,{}
123,Traer informacion estudiante - banner,2016-05-28 17:33:13,2016-05-28 17:33:36,Role 1,81,1.0,-1,{}
99,Notificacion estudiante cancelacion soli,2016-05-28 17:42:35,2016-05-28 17:42:35,Role 2,91,1.0,-1,{}
104,Notificacion estudiante cancelacion soli,2016-05-28 19:03:49,2016-05-28 19:03:49,Role 2,88,1.0,-1,{}
102,Notificacion estudiante cancelacion soli,2016-05-28 19:12:50,2016-05-28 19:12:50,Role 2,89,1.0,-1,{}
103,Notificacion estudiante cancelacion soli,2016-05-28 19:46:08,2016-05-28 19:46:08,Role 2,88,1.0,-1,{}
124,Traer informacion estudiante - banner,2016-05-28 20:20:05,2016-05-28 20:20:27,Role 1,78,1.0,-1,{}
115,Validar solicitud,2016-05-28 21:17:04,2016-05-28 21:21:59,Role 2,81,1.2416834677419355,-1,{}
125,Traer informacion estudiante - banner,2016-05-28 21:30:23,2016-05-28 21:30:45,Role 1,79,1.0,-1,{}
114,Cancelar Solicitud,2016-05-28 21:43:33,2016-05-28 21:43:33,Role 2,81,1.2653729838709677,-1,{}
123,Radicar Solicitud Homologacion,2016-05-28 21:43:20,2016-05-28 21:45:50,Role 1,81,1.1023185483870968,-1,{}
126,Traer informacion estudiante - banner,2016-05-28 23:20:28,2016-05-28 23:20:51,Role 1,80,1.0,-1,{}
112,Homologacion por grupo de cursos,2016-05-28 23:33:27,2016-05-28 23:33:30,Role 3,83,1.5632560483870968,-1,{}
124,Radicar Solicitud Homologacion,2016-05-29 00:56:51,2016-05-29 01:01:45,Role 1,78,1.1023185483870968,-1,{}
127,Traer informacion estudiante - banner,2016-05-29 01:46:39,2016-05-29 01:47:05,Role 1,80,1.0,-1,{}
125,Radicar Solicitud Homologacion,2016-05-29 01:58:06,2016-05-29 02:02:55,Role 1,79,1.1023185483870968,-1,{}
128,Traer informacion estudiante - banner,2016-05-29 03:06:13,2016-05-29 03:06:39,Role 1,81,1.0,-1,{}
126,Radicar Solicitud Homologacion,2016-05-29 03:39:19,2016-05-29 03:43:58,Role 1,80,1.1023185483870968,-1,{}
127,Radicar Solicitud Homologacion,2016-05-29 05:17:33,2016-05-29 05:29:08,Role 1,80,1.1023185483870968,-1,{}
44,Recepcion de documentos,2016-05-29 06:23:43,2016-05-29 06:23:43,Role 2,76,1.0148689516129032,-1,{}
129,Traer informacion estudiante - banner,2016-05-29 06:44:17,2016-05-29 06:44:41,Role 1,82,1.0,-1,{}
128,Radicar Solicitud Homologacion,2016-05-29 06:40:47,2016-05-29 06:52:01,Role 1,81,1.1023185483870968,-1,{}
130,Traer informacion estudiante - banner,2016-05-29 08:04:15,2016-05-29 08:04:38,Role 1,83,1.0,-1,{}
129,Radicar Solicitud Homologacion,2016-05-29 10:24:02,2016-05-29 10:34:21,Role 1,82,1.1023185483870968,-1,{}
113,Recepcion de documentos,2016-05-29 11:14:10,2016-05-29 11:14:10,Role 2,80,1.0148689516129032,-1,{}
130,Radicar Solicitud Homologacion,2016-05-29 11:46:11,2016-05-29 11:56:15,Role 1,83,1.1023185483870968,-1,{}
131,Traer informacion estudiante - banner,2016-05-29 15:40:53,2016-05-29 15:41:14,Role 1,84,1.0,-1,{}
132,Traer informacion estudiante - banner,2016-05-29 16:16:40,2016-05-29 16:17:01,Role 1,85,1.0,-1,{}
113,Homologacion por grupo de cursos,2016-05-29 16:19:53,2016-05-29 16:20:27,Role 3,83,1.5632560483870968,-1,{}
133,Traer informacion estudiante - banner,2016-05-29 17:03:18,2016-05-29 17:03:40,Role 1,85,1.0,-1,{}
125,Validar solicitud,2016-05-29 16:49:47,2016-05-29 17:12:56,Role 2,80,1.2416834677419355,-1,{}
134,Traer informacion estudiante - banner,2016-05-29 19:02:38,2016-05-29 19:02:59,Role 1,86,1.0,-1,{}
131,Radicar Solicitud Homologacion,2016-05-29 19:26:32,2016-05-29 19:34:59,Role 1,84,1.1023185483870968,-1,{}
132,Radicar Solicitud Homologacion,2016-05-29 20:06:05,2016-05-29 20:14:29,Role 1,85,1.1023185483870968,-1,{}
116,Validar solicitud,2016-05-29 20:07:10,2016-05-29 20:22:05,Role 2,83,1.2416834677419355,-1,{}
135,Traer informacion estudiante - banner,2016-05-29 20:26:54,2016-05-29 20:27:15,Role 1,87,1.0,-1,{}
133,Radicar Solicitud Homologacion,2016-05-29 20:58:54,2016-05-29 21:06:56,Role 1,85,1.1023185483870968,-1,{}
118,Validar solicitud,2016-05-29 22:03:35,2016-05-29 22:17:25,Role 2,84,1.2416834677419355,-1,{}
136,Traer informacion estudiante - banner,2016-05-29 22:29:23,2016-05-29 22:29:45,Role 1,88,1.0,-1,{}
134,Radicar Solicitud Homologacion,2016-05-29 22:55:51,2016-05-29 23:03:52,Role 1,86,1.1023185483870968,-1,{}
137,Traer informacion estudiante - banner,2016-05-29 23:52:51,2016-05-29 23:53:13,Role 1,89,1.0,-1,{}
138,Traer informacion estudiante - banner,2016-05-30 00:02:33,2016-05-30 00:02:41,Role 1,90,1.0,-1,{}
120,Validar solicitud,2016-05-30 00:05:23,2016-05-30 00:27:33,Role 2,84,1.2416834677419355,-1,{}
135,Radicar Solicitud Homologacion,2016-05-30 00:23:57,2016-05-30 00:41:15,Role 1,87,1.1023185483870968,-1,{}
121,Validar solicitud,2016-05-30 00:28:40,2016-05-30 00:50:40,Role 2,85,1.2416834677419355,-1,{}
139,Traer informacion estudiante - banner,2016-05-30 00:56:26,2016-05-30 00:56:34,Role 1,91,1.0,-1,{}
138,Radicar Solicitud Homologacion,2016-05-30 00:52:08,2016-05-30 00:59:52,Role 1,90,1.1023185483870968,-1,{}
139,Radicar Solicitud Homologacion,2016-05-30 01:46:46,2016-05-30 01:54:28,Role 1,91,1.1023185483870968,-1,{}
136,Radicar Solicitud Homologacion,2016-05-30 02:30:19,2016-05-30 02:46:27,Role 1,88,1.1023185483870968,-1,{}
120,Homologacion por grupo de cursos,2016-05-30 02:58:27,2016-05-30 02:58:27,Role 3,90,1.5632560483870968,-1,{}
120,Revisar curso,2016-05-30 02:58:31,2016-05-30 03:02:59,Role 2,91,1.047883064516129,-1,{}
120,Cancelar curso,2016-05-30 03:03:03,2016-05-30 03:03:45,Role 1,91,1.001008064516129,-1,{}
121,Recepcion de documentos,2016-05-30 03:51:30,2016-05-30 03:52:14,Role 2,90,1.0148689516129032,-1,{}
121,Homologacion por grupo de cursos,2016-05-30 03:52:18,2016-05-30 03:55:00,Role 3,90,1.5632560483870968,-1,{}
121,Revisar curso,2016-05-30 03:55:04,2016-05-30 03:57:23,Role 2,90,1.047883064516129,-1,{}
121,Homologacion por grupo de cursos,2016-05-30 03:57:27,2016-05-30 03:57:37,Role 3,90,1.5632560483870968,-1,{}
121,Revisar curso,2016-05-30 03:57:41,2016-05-30 03:59:29,Role 2,90,1.047883064516129,-1,{}
121,Cancelar curso,2016-05-30 04:07:01,2016-05-30 04:07:21,Role 1,90,1.001008064516129,-1,{}
137,Radicar Solicitud Homologacion,2016-05-30 03:57:40,2016-05-30 04:14:04,Role 1,89,1.1023185483870968,-1,{}
139,Validar solicitud,2016-05-30 03:57:32,2016-05-30 04:29:38,Role 2,91,1.2416834677419355,-1,{}
138,Cancelar Solicitud,2016-05-30 04:52:08,2016-05-30 04:54:01,Role 2,91,1.2653729838709677,-1,{}
140,Traer informacion estudiante - banner,2016-05-30 04:58:03,2016-05-30 04:58:12,Role 1,90,1.0,-1,{}
140,Radicar Solicitud Homologacion,2016-05-30 05:47:39,2016-05-30 05:54:35,Role 1,90,1.1023185483870968,-1,{}
141,Traer informacion estudiante - banner,2016-05-30 07:11:28,2016-05-30 07:11:38,Role 1,91,1.0,-1,{}
139,Recepcion de documentos,2016-05-30 07:16:15,2016-05-30 07:20:49,Role 2,89,1.0148689516129032,-1,{}
142,Traer informacion estudiante - banner,2016-05-30 08:04:46,2016-05-30 08:04:57,Role 1,92,1.0,-1,{}
141,Radicar Solicitud Homologacion,2016-05-30 08:01:14,2016-05-30 08:08:27,Role 1,91,1.1023185483870968,-1,{}
140,Validar solicitud,2016-05-30 07:54:37,2016-05-30 08:21:38,Role 2,90,1.2416834677419355,-1,{}
142,Radicar Solicitud Homologacion,2016-05-30 08:54:48,2016-05-30 09:01:22,Role 1,92,1.1023185483870968,-1,{}
143,Traer informacion estudiante - banner,2016-05-30 09:03:04,2016-05-30 09:03:15,Role 1,93,1.0,-1,{}
139,Homologacion por grupo de cursos,2016-05-30 09:52:42,2016-05-30 09:58:00,Role 3,91,1.5632560483870968,-1,{}
143,Radicar Solicitud Homologacion,2016-05-30 09:53:10,2016-05-30 10:01:08,Role 1,93,1.1023185483870968,-1,{}
141,Validar solicitud,2016-05-30 10:09:20,2016-05-30 10:34:43,Role 2,92,1.2416834677419355,-1,{}
144,Traer informacion estudiante - banner,2016-05-30 10:38:08,2016-05-30 10:38:19,Role 1,93,1.0,-1,{}
140,Recepcion de documentos,2016-05-30 11:05:04,2016-05-30 11:08:23,Role 2,92,1.0148689516129032,-1,{}
142,Validar solicitud,2016-05-30 11:03:53,2016-05-30 11:29:10,Role 2,92,1.2416834677419355,-1,{}
145,Traer informacion estudiante - banner,2016-05-30 11:30:36,2016-05-30 11:30:48,Role 1,94,1.0,-1,{}
144,Radicar Solicitud Homologacion,2016-05-30 11:28:14,2016-05-30 11:35:13,Role 1,93,1.1023185483870968,-1,{}
145,Radicar Solicitud Homologacion,2016-05-30 12:21:31,2016-05-30 12:28:30,Role 1,94,1.1023185483870968,-1,{}
143,Validar solicitud,2016-05-30 12:04:30,2016-05-30 12:30:35,Role 2,92,1.2416834677419355,-1,{}
141,Recepcion de documentos,2016-05-30 13:19:39,2016-05-30 13:22:15,Role 2,92,1.0148689516129032,-1,{}
124,Cancelar Solicitud,2016-05-30 13:34:19,2016-05-30 13:35:11,Role 2,79,1.2653729838709677,-1,{}
140,Homologacion por grupo de cursos,2016-05-30 13:38:40,2016-05-30 13:42:31,Role 3,93,1.5632560483870968,-1,{}
144,Validar solicitud,2016-05-30 13:39:10,2016-05-30 14:04:43,Role 2,94,1.2416834677419355,-1,{}
116,Recepcion de documentos,2016-05-30 14:00:07,2016-05-30 14:05:36,Role 2,86,1.0148689516129032,-1,{}
116,Homologacion por grupo de cursos,2016-05-30 14:05:40,2016-05-30 14:06:22,Role 3,94,1.5632560483870968,-1,{}
116,Revisar curso,2016-05-30 14:06:26,2016-05-30 14:08:08,Role 2,94,1.047883064516129,-1,{}
116,Evaluacion curso,2016-05-30 14:08:12,2016-05-30 14:08:30,Role 4,94,1.0778729838709677,-1,{}
116,Validar solicitud / pre-homologacion,2016-05-30 14:08:34,2016-05-30 14:08:55,Role 2,94,1.0128528225806452,-1,{}
146,Traer informacion estudiante - banner,2016-05-30 14:11:54,2016-05-30 14:12:07,Role 1,95,1.0,-1,{}
142,Homologacion por grupo de cursos,2016-05-30 14:16:53,2016-05-30 14:17:22,Role 3,93,1.5632560483870968,-1,{}
116,Avanzar recepcion documentos,2016-05-30 14:18:29,2016-05-30 14:18:52,Role 8,94,1.002016129032258,-1,{}
116,Validacion final,2016-05-30 14:39:01,2016-05-30 14:39:18,Role 2,95,1.0100806451612903,-1,{}
145,Validar solicitud,2016-05-30 14:34:37,2016-05-30 14:57:49,Role 2,94,1.2416834677419355,-1,{}
116,Visto Bueno Cierre Proceso,2016-05-30 15:06:06,2016-05-30 15:06:23,Role 3,95,1.0327620967741935,-1,{}
146,Radicar Solicitud Homologacion,2016-05-30 15:02:25,2016-05-30 15:08:46,Role 1,95,1.1023185483870968,-1,{}
143,Homologacion por grupo de cursos,2016-05-30 15:17:47,2016-05-30 15:18:15,Role 3,94,1.5632560483870968,-1,{}
118,Homologacion por grupo de cursos,2016-05-30 15:27:55,2016-05-30 15:29:34,Role 3,87,1.5632560483870968,-1,{}
118,Revisar curso,2016-05-30 15:29:38,2016-05-30 15:30:57,Role 2,95,1.047883064516129,-1,{}
118,Evaluacion curso,2016-05-30 15:31:01,2016-05-30 15:31:18,Role 4,95,1.0778729838709677,-1,{}
116,Transferir Creditos,2016-05-30 15:31:05,2016-05-30 15:31:32,Role 3,95,1.0005040322580645,-1,{}
118,Validacion final,2016-05-30 15:31:22,2016-05-30 15:31:40,Role 2,95,1.0100806451612903,-1,{}
118,Visto Bueno Cierre Proceso,2016-05-30 15:31:44,2016-05-30 15:32:05,Role 3,95,1.0327620967741935,-1,{}
140,Revisar curso,2016-05-30 15:33:16,2016-05-30 15:36:16,Role 2,94,1.047883064516129,-1,{}
117,Cancelar Solicitud,2016-05-30 15:54:08,2016-05-30 15:54:31,Role 2,84,1.2653729838709677,-1,{}
141,Homologacion por grupo de cursos,2016-05-30 15:54:27,2016-05-30 15:58:16,Role 3,94,1.5632560483870968,-1,{}
116,Transferir creditos homologables,2016-05-30 16:00:13,2016-05-30 16:00:37,Role 3,95,1.001008064516129,-1,{}
125,Homologacion por grupo de cursos,2016-05-30 16:03:45,2016-05-30 16:04:58,Role 3,85,1.5632560483870968,-1,{}
126,Cancelar Solicitud,2016-05-30 16:15:43,2016-05-30 16:16:21,Role 2,81,1.2653729838709677,-1,{}
142,Revisar curso,2016-05-30 16:45:30,2016-05-30 16:50:43,Role 2,95,1.047883064516129,-1,{}
144,Recepcion de documentos,2016-05-30 16:54:02,2016-05-30 16:56:21,Role 2,94,1.0148689516129032,-1,{}
140,Cancelar curso,2016-05-30 17:15:15,2016-05-30 17:15:53,Role 1,94,1.001008064516129,-1,{}
119,Cancelar Solicitud,2016-05-30 17:20:44,2016-05-30 17:21:01,Role 2,84,1.2653729838709677,-1,{}
147,Traer informacion estudiante - banner,2016-05-30 17:32:11,2016-05-30 17:32:24,Role 1,92,1.0,-1,{}
143,Revisar curso,2016-05-30 17:44:34,2016-05-30 17:49:40,Role 2,95,1.047883064516129,-1,{}
145,Homologacion por grupo de cursos,2016-05-30 17:49:51,2016-05-30 17:50:10,Role 3,95,1.5632560483870968,-1,{}
141,Revisar curso,2016-05-30 17:50:10,2016-05-30 17:52:25,Role 2,94,1.047883064516129,-1,{}
147,Radicar Solicitud Homologacion,2016-05-30 18:22:09,2016-05-30 18:27:43,Role 1,92,1.1023185483870968,-1,{}
142,Evaluacion curso,2016-05-30 18:33:43,2016-05-30 18:34:02,Role 4,92,1.0778729838709677,-1,{}
148,Traer informacion estudiante - banner,2016-05-30 18:38:54,2016-05-30 18:39:08,Role 1,92,1.0,-1,{}
141,Evaluacion curso,2016-05-30 19:04:12,2016-05-30 19:04:33,Role 4,91,1.0778729838709677,-1,{}
146,Cancelar Solicitud,2016-05-30 19:16:00,2016-05-30 19:16:45,Role 2,95,1.2653729838709677,-1,{}
144,Homologacion por grupo de cursos,2016-05-30 19:31:09,2016-05-30 19:33:49,Role 3,92,1.5632560483870968,-1,{}
148,Radicar Solicitud Homologacion,2016-05-30 19:28:53,2016-05-30 19:34:23,Role 1,92,1.1023185483870968,-1,{}
143,Homologacion por grupo de cursos,2016-05-30 19:49:13,2016-05-30 19:49:30,Role 3,92,1.5632560483870968,-1,{}
142,Validacion final,2016-05-30 19:54:50,2016-05-30 19:55:07,Role 2,91,1.0100806451612903,-1,{}
141,Validacion final,2016-05-30 19:57:14,2016-05-30 19:57:32,Role 2,92,1.0100806451612903,-1,{}
141,Visto Bueno Cierre Proceso,2016-05-30 20:36:22,2016-05-30 20:36:43,Role 3,90,1.0327620967741935,-1,{}
147,Validar solicitud,2016-05-30 20:29:52,2016-05-30 20:49:31,Role 2,91,1.2416834677419355,-1,{}
142,Visto Bueno Cierre Proceso,2016-05-30 20:50:58,2016-05-30 20:51:19,Role 3,90,1.0327620967741935,-1,{}
149,Traer informacion estudiante - banner,2016-05-30 21:14:36,2016-05-30 21:14:50,Role 1,89,1.0,-1,{}
150,Traer informacion estudiante - banner,2016-05-30 22:02:56,2016-05-30 22:03:11,Role 1,90,1.0,-1,{}
149,Radicar Solicitud Homologacion,2016-05-30 22:04:08,2016-05-30 22:09:06,Role 1,89,1.1023185483870968,-1,{}
150,Radicar Solicitud Homologacion,2016-05-30 22:52:38,2016-05-30 22:57:35,Role 1,90,1.1023185483870968,-1,{}
122,Cancelar Solicitud,2016-05-30 22:58:22,2016-05-30 22:58:24,Role 2,82,1.2653729838709677,-1,{}
148,Cancelar Solicitud,2016-05-30 23:31:33,2016-05-30 23:32:03,Role 2,91,1.2653729838709677,-1,{}
147,Homologacion por grupo de cursos,2016-05-30 23:33:06,2016-05-30 23:33:14,Role 3,89,1.5632560483870968,-1,{}
151,Traer informacion estudiante - banner,2016-05-30 23:50:43,2016-05-30 23:50:58,Role 1,90,1.0,-1,{}
152,Traer informacion estudiante - banner,2016-05-31 00:42:42,2016-05-31 00:44:11,Role 1,91,1.0,-1,{}
151,Radicar Solicitud Homologacion,2016-05-31 00:40:25,2016-05-31 00:54:56,Role 1,90,1.1023185483870968,-1,{}
153,Traer informacion estudiante - banner,2016-05-31 01:22:50,2016-05-31 01:24:23,Role 1,92,1.0,-1,{}
127,Validar solicitud,2016-05-31 00:55:26,2016-05-31 01:57:08,Role 2,81,1.2416834677419355,-1,{}
149,Cancelar Solicitud,2016-05-31 01:58:22,2016-05-31 02:00:38,Role 2,90,1.2653729838709677,-1,{}
152,Radicar Solicitud Homologacion,2016-05-31 02:21:44,2016-05-31 02:46:20,Role 1,91,1.1023185483870968,-1,{}
150,Cancelar Solicitud,2016-05-31 02:49:15,2016-05-31 02:51:20,Role 2,90,1.2653729838709677,-1,{}
153,Radicar Solicitud Homologacion,2016-05-31 03:00:45,2016-05-31 03:25:42,Role 1,92,1.1023185483870968,-1,{}
128,Validar solicitud,2016-05-31 02:49:57,2016-05-31 03:50:40,Role 2,82,1.2416834677419355,-1,{}
154,Traer informacion estudiante - banner,2016-05-31 04:28:40,2016-05-31 04:30:06,Role 1,93,1.0,-1,{}
151,Validar solicitud,2016-05-31 04:11:21,2016-05-31 04:57:36,Role 2,91,1.2416834677419355,-1,{}
155,Traer informacion estudiante - banner,2016-05-31 05:19:12,2016-05-31 05:20:31,Role 1,94,1.0,-1,{}
154,Radicar Solicitud Homologacion,2016-05-31 06:08:22,2016-05-31 06:31:02,Role 1,93,1.1023185483870968,-1,{}
156,Traer informacion estudiante - banner,2016-05-31 06:53:51,2016-05-31 06:55:08,Role 1,95,1.0,-1,{}
155,Radicar Solicitud Homologacion,2016-05-31 07:02:49,2016-05-31 07:25:38,Role 1,94,1.1023185483870968,-1,{}
138,Notificacion estudiante cancelacion soli,2016-05-31 07:33:54,2016-05-31 07:33:54,Role 2,89,1.0,-1,{}
115,Recepcion de documentos,2016-05-31 08:46:41,2016-05-31 08:48:03,Role 2,78,1.0148689516129032,-1,{}
123,Cancelar Solicitud,2016-05-31 08:50:03,2016-05-31 08:50:25,Role 2,79,1.2653729838709677,-1,{}
156,Radicar Solicitud Homologacion,2016-05-31 08:39:30,2016-05-31 09:01:31,Role 1,95,1.1023185483870968,-1,{}
130,Validar solicitud,2016-05-31 08:51:03,2016-05-31 09:45:39,Role 2,83,1.2416834677419355,-1,{}
135,Validar solicitud,2016-05-31 09:19:24,2016-05-31 09:48:43,Role 2,90,2.2416834677419355,-1,{}
157,Traer informacion estudiante - banner,2016-05-31 10:06:51,2016-05-31 10:08:02,Role 1,95,1.0,-1,{}
158,Traer informacion estudiante - banner,2016-05-31 11:42:42,2016-05-31 11:43:51,Role 1,96,1.0,-1,{}
157,Radicar Solicitud Homologacion,2016-05-31 11:52:24,2016-05-31 12:12:59,Role 1,95,1.1023185483870968,-1,{}
159,Traer informacion estudiante - banner,2016-05-31 12:25:33,2016-05-31 12:26:42,Role 1,97,1.0,-1,{}
137,Validar solicitud,2016-05-31 13:20:20,2016-05-31 13:47:51,Role 2,89,1.2416834677419355,-1,{}
158,Radicar Solicitud Homologacion,2016-05-31 13:30:20,2016-05-31 13:51:10,Role 1,96,1.1023185483870968,-1,{}
159,Radicar Solicitud Homologacion,2016-05-31 14:15:20,2016-05-31 14:35:11,Role 1,97,1.1023185483870968,-1,{}
160,Traer informacion estudiante - banner,2016-05-31 15:29:37,2016-05-31 15:30:42,Role 1,98,1.0,-1,{}
161,Traer informacion estudiante - banner,2016-05-31 16:28:13,2016-05-31 16:29:18,Role 1,99,1.0,-1,{}
162,Traer informacion estudiante - banner,2016-05-31 17:13:50,2016-05-31 17:14:54,Role 1,100,1.0,-1,{}
160,Radicar Solicitud Homologacion,2016-05-31 17:21:31,2016-05-31 17:41:08,Role 1,98,1.1023185483870968,-1,{}
163,Traer informacion estudiante - banner,2016-05-31 17:59:38,2016-05-31 18:00:45,Role 1,101,1.0,-1,{}
131,Validar solicitud,2016-05-31 17:14:18,2016-05-31 18:02:00,Role 2,86,1.2416834677419355,-1,{}
49,Homologacion por grupo de cursos,2016-05-31 18:24:21,2016-05-31 18:28:03,Role 3,93,1.5632560483870968,-1,{}
151,Homologacion por grupo de cursos,2016-05-31 18:33:28,2016-05-31 18:34:09,Role 3,93,1.5632560483870968,-1,{}
161,Radicar Solicitud Homologacion,2016-05-31 18:22:20,2016-05-31 18:41:01,Role 1,99,1.1023185483870968,-1,{}
133,Validar solicitud,2016-05-31 18:35:38,2016-05-31 19:22:09,Role 2,87,1.2416834677419355,-1,{}
162,Radicar Solicitud Homologacion,2016-05-31 19:09:33,2016-05-31 19:28:45,Role 1,100,1.1023185483870968,-1,{}
163,Radicar Solicitud Homologacion,2016-05-31 19:55:26,2016-05-31 20:13:22,Role 1,101,1.1023185483870968,-1,{}
164,Traer informacion estudiante - banner,2016-05-31 20:39:24,2016-05-31 20:40:26,Role 1,102,1.0,-1,{}
165,Traer informacion estudiante - banner,2016-05-31 21:26:22,2016-05-31 21:27:24,Role 1,103,1.0,-1,{}
39,Revisar curso,2016-05-31 21:58:32,2016-05-31 22:10:59,Role 2,93,1.047883064516129,-1,{}
166,Traer informacion estudiante - banner,2016-05-31 22:29:11,2016-05-31 22:30:13,Role 1,104,1.0,-1,{}
164,Radicar Solicitud Homologacion,2016-05-31 22:40:22,2016-05-31 22:57:56,Role 1,102,1.1023185483870968,-1,{}
167,Traer informacion estudiante - banner,2016-05-31 23:20:53,2016-05-31 23:21:54,Role 1,105,1.0,-1,{}
146,Notificacion estudiante cancelacion soli,2016-05-31 23:41:40,2016-05-31 23:41:40,Role 2,92,1.0,-1,{}
165,Radicar Solicitud Homologacion,2016-05-31 23:29:42,2016-05-31 23:47:10,Role 1,103,1.1023185483870968,-1,{}
166,Radicar Solicitud Homologacion,2016-06-01 00:34:56,2016-06-01 00:51:39,Role 1,104,1.1023185483870968,-1,{}
167,Radicar Solicitud Homologacion,2016-06-01 01:29:04,2016-06-01 01:45:35,Role 1,105,1.1023185483870968,-1,{}
168,Traer informacion estudiante - banner,2016-06-01 02:21:01,2016-06-01 02:21:24,Role 1,105,1.0,-1,{}
168,Radicar Solicitud Homologacion,2016-06-01 02:34:56,2016-06-01 02:40:29,Role 1,105,1.1023185483870968,-1,{}
148,Notificacion estudiante cancelacion soli,2016-06-01 02:42:39,2016-06-01 02:42:39,Role 2,90,1.0,-1,{}
169,Traer informacion estudiante - banner,2016-06-01 03:47:31,2016-06-01 03:47:58,Role 1,105,1.0,-1,{}
38,Homologacion por grupo de cursos,2016-06-01 03:45:39,2016-06-01 03:53:19,Role 3,90,1.5632560483870968,-1,{}
169,Radicar Solicitud Homologacion,2016-06-01 04:04:57,2016-06-01 04:10:49,Role 1,105,1.1023185483870968,-1,{}
168,Cancelar Solicitud,2016-06-01 05:21:54,2016-06-01 05:22:34,Role 2,105,1.2653729838709677,-1,{}
40,Homologacion por grupo de cursos,2016-06-01 05:16:59,2016-06-01 05:22:54,Role 3,88,1.5632560483870968,-1,{}
170,Traer informacion estudiante - banner,2016-06-01 05:54:00,2016-06-01 05:54:22,Role 1,105,1.0,-1,{}
170,Radicar Solicitud Homologacion,2016-06-01 06:07:54,2016-06-01 06:12:56,Role 1,105,1.1023185483870968,-1,{}
115,Homologacion por grupo de cursos,2016-06-01 06:12:42,2016-06-01 06:14:03,Role 3,94,1.5632560483870968,-1,{}
115,Revisar curso,2016-06-01 06:14:07,2016-06-01 06:14:37,Role 2,105,1.047883064516129,-1,{}
115,Cancelar curso,2016-06-01 06:14:41,2016-06-01 06:15:34,Role 1,105,1.001008064516129,-1,{}
153,Validar solicitud,2016-06-01 07:50:25,2016-06-01 08:27:54,Role 2,92,1.2416834677419355,-1,{}
169,Cancelar Solicitud,2016-06-01 08:57:50,2016-06-01 08:58:05,Role 2,105,1.2653729838709677,-1,{}
170,Cancelar Solicitud,2016-06-01 09:38:06,2016-06-01 09:38:17,Role 2,105,1.2653729838709677,-1,{}
171,Traer informacion estudiante - banner,2016-06-01 10:17:38,2016-06-01 10:18:00,Role 1,105,1.0,-1,{}
171,Radicar Solicitud Homologacion,2016-06-01 10:31:32,2016-06-01 10:36:01,Role 1,105,1.1023185483870968,-1,{}
171,Validar solicitud,2016-06-01 10:49:32,2016-06-01 11:05:46,Role 2,105,1.2416834677419355,-1,{}
171,Homologacion por grupo de cursos,2016-06-01 11:05:50,2016-06-01 11:05:50,Role 3,105,1.5632560483870968,-1,{}
172,Traer informacion estudiante - banner,2016-06-01 11:52:42,2016-06-01 11:53:04,Role 1,105,1.0,-1,{}
172,Radicar Solicitud Homologacion,2016-06-01 12:06:36,2016-06-01 12:11:11,Role 1,105,1.1023185483870968,-1,{}
154,Validar solicitud,2016-06-01 11:59:40,2016-06-01 12:34:48,Role 2,94,1.2416834677419355,-1,{}
166,Validar solicitud,2016-06-01 12:33:30,2016-06-01 12:44:34,Role 2,104,2.2416834677419355,-1,{}
129,Cancelar Solicitud,2016-06-01 13:16:42,2016-06-01 13:19:39,Role 2,83,1.2653729838709677,-1,{}
173,Traer informacion estudiante - banner,2016-06-01 13:35:50,2016-06-01 13:36:12,Role 1,106,1.0,-1,{}
173,Radicar Solicitud Homologacion,2016-06-01 13:48:59,2016-06-01 13:53:13,Role 1,106,1.1023185483870968,-1,{}
172,Cancelar Solicitud,2016-06-01 14:43:57,2016-06-01 14:43:57,Role 2,105,1.2653729838709677,-1,{}
136,Cancelar Solicitud,2016-06-01 14:49:48,2016-06-01 14:49:48,Role 2,91,1.2653729838709677,-1,{}
156,Validar solicitud,2016-06-01 15:44:25,2016-06-01 16:17:04,Role 2,94,1.2416834677419355,-1,{}
174,Traer informacion estudiante - banner,2016-06-01 16:26:02,2016-06-01 16:26:25,Role 1,107,1.0,-1,{}
173,Cancelar Solicitud,2016-06-01 16:34:57,2016-06-01 16:34:57,Role 2,106,1.2653729838709677,-1,{}
174,Radicar Solicitud Homologacion,2016-06-01 16:38:27,2016-06-01 16:42:29,Role 1,107,1.1023185483870968,-1,{}
175,Traer informacion estudiante - banner,2016-06-01 17:11:20,2016-06-01 17:11:43,Role 1,108,1.0,-1,{}
175,Radicar Solicitud Homologacion,2016-06-01 17:23:01,2016-06-01 17:27:04,Role 1,108,1.1023185483870968,-1,{}
176,Traer informacion estudiante - banner,2016-06-01 18:23:32,2016-06-01 18:23:56,Role 1,109,1.0,-1,{}
151,Revisar curso,2016-06-01 18:24:48,2016-06-01 18:32:42,Role 2,101,1.047883064516129,-1,{}
176,Radicar Solicitud Homologacion,2016-06-01 18:34:30,2016-06-01 18:38:31,Role 1,109,1.1023185483870968,-1,{}
177,Traer informacion estudiante - banner,2016-06-01 18:41:44,2016-06-01 18:42:08,Role 1,110,1.0,-1,{}
177,Radicar Solicitud Homologacion,2016-06-01 18:51:58,2016-06-01 18:56:17,Role 1,110,1.1023185483870968,-1,{}
176,Validar solicitud,2016-06-01 18:45:44,2016-06-01 18:58:52,Role 2,109,1.2416834677419355,-1,{}
176,Recepcion de documentos,2016-06-01 18:58:56,2016-06-01 18:58:56,Role 2,110,1.0148689516129032,-1,{}
176,Homologacion por grupo de cursos,2016-06-01 18:59:00,2016-06-01 18:59:00,Role 3,110,1.5632560483870968,-1,{}
176,Revisar curso,2016-06-01 18:59:04,2016-06-01 18:59:04,Role 2,110,1.047883064516129,-1,{}
176,Evaluacion curso,2016-06-01 18:59:08,2016-06-01 18:59:09,Role 4,110,1.0778729838709677,-1,{}
176,Validar solicitud / pre-homologacion,2016-06-01 18:59:13,2016-06-01 18:59:21,Role 2,110,1.0128528225806452,-1,{}
176,Avanzar recepcion documentos,2016-06-01 18:59:25,2016-06-01 18:59:37,Role 8,110,1.002016129032258,-1,{}
176,Validacion final,2016-06-01 18:59:41,2016-06-01 18:59:53,Role 2,110,1.0100806451612903,-1,{}
176,Visto Bueno Cierre Proceso,2016-06-01 19:03:16,2016-06-01 19:03:25,Role 3,110,1.0327620967741935,-1,{}
178,Traer informacion estudiante - banner,2016-06-01 19:08:40,2016-06-01 19:09:05,Role 1,111,1.0,-1,{}
176,Transferir Creditos,2016-06-01 19:09:34,2016-06-01 19:09:46,Role 3,110,1.0005040322580645,-1,{}
177,Validar solicitud,2016-06-01 18:59:39,2016-06-01 19:12:23,Role 2,110,1.2416834677419355,-1,{}
177,Homologacion por grupo de cursos,2016-06-01 19:12:27,2016-06-01 19:12:27,Role 3,111,1.5632560483870968,-1,{}
176,Transferir creditos homologables,2016-06-01 19:16:37,2016-06-01 19:16:53,Role 3,111,1.001008064516129,-1,{}
178,Radicar Solicitud Homologacion,2016-06-01 19:17:34,2016-06-01 19:21:29,Role 1,111,1.1023185483870968,-1,{}
174,Cancelar Solicitud,2016-06-01 19:24:32,2016-06-01 19:24:32,Role 2,107,1.2653729838709677,-1,{}
175,Cancelar Solicitud,2016-06-01 20:09:27,2016-06-01 20:09:27,Role 2,108,1.2653729838709677,-1,{}
179,Traer informacion estudiante - banner,2016-06-01 20:56:12,2016-06-01 20:56:36,Role 1,110,1.0,-1,{}
179,Radicar Solicitud Homologacion,2016-06-01 21:06:26,2016-06-01 21:10:19,Role 1,110,1.1023185483870968,-1,{}
179,Validar solicitud,2016-06-01 21:15:55,2016-06-01 21:28:11,Role 2,110,1.2416834677419355,-1,{}
179,Recepcion de documentos,2016-06-01 21:28:15,2016-06-01 21:28:15,Role 2,110,1.0148689516129032,-1,{}
179,Homologacion por grupo de cursos,2016-06-01 21:28:19,2016-06-01 21:28:19,Role 3,110,1.5632560483870968,-1,{}
178,Cancelar Solicitud,2016-06-01 21:53:48,2016-06-01 21:53:48,Role 2,109,1.2653729838709677,-1,{}
158,Validar solicitud,2016-06-01 21:43:46,2016-06-01 22:12:17,Role 2,97,1.2416834677419355,-1,{}
166,Homologacion por grupo de cursos,2016-06-01 22:17:47,2016-06-01 22:17:47,Role 3,105,1.5632560483870968,-1,{}
180,Traer informacion estudiante - banner,2016-06-01 22:48:09,2016-06-01 22:48:34,Role 1,110,1.0,-1,{}
180,Radicar Solicitud Homologacion,2016-06-01 22:58:13,2016-06-01 23:02:11,Role 1,110,1.1023185483870968,-1,{}
181,Traer informacion estudiante - banner,2016-06-01 23:05:58,2016-06-01 23:06:24,Role 1,111,1.0,-1,{}
180,Validar solicitud,2016-06-01 23:03:56,2016-06-01 23:14:43,Role 2,110,2.2416834677419355,-1,{}
180,Homologacion por grupo de cursos,2016-06-01 23:14:47,2016-06-01 23:14:47,Role 3,111,1.5632560483870968,-1,{}
180,Revisar curso,2016-06-01 23:14:51,2016-06-01 23:14:55,Role 2,111,1.047883064516129,-1,{}
180,Homologacion por grupo de cursos,2016-06-01 23:14:59,2016-06-01 23:14:59,Role 3,111,1.5632560483870968,-1,{}
159,Validar solicitud,2016-06-01 22:48:16,2016-06-01 23:16:47,Role 2,97,1.2416834677419355,-1,{}
181,Radicar Solicitud Homologacion,2016-06-01 23:14:19,2016-06-01 23:18:18,Role 1,111,1.1023185483870968,-1,{}
181,Validar solicitud,2016-06-01 23:18:22,2016-06-01 23:29:16,Role 2,110,1.2416834677419355,-1,{}
181,Recepcion de documentos,2016-06-01 23:29:20,2016-06-01 23:29:20,Role 2,110,1.0148689516129032,-1,{}
181,Homologacion por grupo de cursos,2016-06-01 23:29:24,2016-06-01 23:29:24,Role 3,110,1.5632560483870968,-1,{}
181,Revisar curso,2016-06-01 23:29:28,2016-06-01 23:29:28,Role 2,110,1.047883064516129,-1,{}
181,Evaluacion curso,2016-06-01 23:29:32,2016-06-01 23:29:32,Role 4,110,1.0778729838709677,-1,{}
181,Validar solicitud / pre-homologacion,2016-06-01 23:29:36,2016-06-01 23:29:41,Role 2,110,1.0128528225806452,-1,{}
181,Avanzar recepcion documentos,2016-06-01 23:29:45,2016-06-01 23:29:52,Role 8,110,1.002016129032258,-1,{}
181,Validacion final,2016-06-01 23:29:56,2016-06-01 23:30:03,Role 2,110,1.0100806451612903,-1,{}
181,Visto Bueno Cierre Proceso,2016-06-01 23:33:34,2016-06-01 23:33:39,Role 3,110,1.0327620967741935,-1,{}
181,Transferir Creditos,2016-06-01 23:39:46,2016-06-01 23:39:53,Role 3,110,1.0005040322580645,-1,{}
181,Transferir creditos homologables,2016-06-01 23:46:42,2016-06-01 23:46:52,Role 3,110,1.001008064516129,-1,{}
132,Cancelar Solicitud,2016-06-02 00:16:35,2016-06-02 00:21:11,Role 2,86,1.2653729838709677,-1,{}
160,Validar solicitud,2016-06-02 01:32:17,2016-06-02 02:10:09,Role 2,100,1.2416834677419355,-1,{}
166,Revisar curso,2016-06-02 02:12:06,2016-06-02 02:13:18,Role 2,109,1.047883064516129,-1,{}
134,Cancelar Solicitud,2016-06-02 04:19:05,2016-06-02 04:22:55,Role 2,88,1.2653729838709677,-1,{}
153,Homologacion por grupo de cursos,2016-06-02 04:32:45,2016-06-02 04:33:11,Role 3,104,1.5632560483870968,-1,{}
162,Validar solicitud,2016-06-02 04:04:25,2016-06-02 04:40:28,Role 2,101,1.2416834677419355,-1,{}
166,Cancelar curso,2016-06-02 04:41:00,2016-06-02 04:41:30,Role 1,109,1.001008064516129,-1,{}
163,Validar solicitud,2016-06-02 04:31:11,2016-06-02 05:05:44,Role 2,101,2.2416834677419355,-1,{}
151,Homologacion por grupo de cursos,2016-06-02 06:19:41,2016-06-02 06:20:19,Role 3,109,1.5632560483870968,-1,{}
154,Homologacion por grupo de cursos,2016-06-02 08:48:18,2016-06-02 08:48:30,Role 3,105,1.5632560483870968,-1,{}
168,Notificacion estudiante cancelacion soli,2016-06-02 13:36:02,2016-06-02 13:36:02,Role 2,105,1.0,-1,{}
156,Recepcion de documentos,2016-06-02 13:43:23,2016-06-02 13:44:09,Role 2,106,1.0148689516129032,-1,{}
167,Cancelar Solicitud,2016-06-02 13:52:50,2016-06-02 13:52:50,Role 2,104,1.2653729838709677,-1,{}
172,Notificacion estudiante cancelacion soli,2016-06-02 17:06:52,2016-06-02 17:06:52,Role 2,106,1.0,-1,{}
170,Notificacion estudiante cancelacion soli,2016-06-02 18:07:15,2016-06-02 18:07:15,Role 2,104,1.0,-1,{}
153,Revisar curso,2016-06-02 19:31:05,2016-06-02 19:34:38,Role 2,109,1.047883064516129,-1,{}
173,Notificacion estudiante cancelacion soli,2016-06-02 19:53:47,2016-06-02 19:53:47,Role 2,107,1.0,-1,{}
158,Recepcion de documentos,2016-06-02 20:17:44,2016-06-02 20:18:08,Role 2,109,1.0148689516129032,-1,{}
159,Homologacion por grupo de cursos,2016-06-02 21:13:04,2016-06-02 21:13:04,Role 3,110,1.5632560483870968,-1,{}
169,Notificacion estudiante cancelacion soli,2016-06-02 21:51:54,2016-06-02 21:51:54,Role 2,104,1.0,-1,{}
149,Notificacion estudiante cancelacion soli,2016-06-02 22:36:54,2016-06-02 22:36:54,Role 2,92,1.0,-1,{}
150,Notificacion estudiante cancelacion soli,2016-06-02 22:42:02,2016-06-02 22:42:02,Role 2,92,1.0,-1,{}
174,Notificacion estudiante cancelacion soli,2016-06-02 22:47:33,2016-06-02 22:47:33,Role 2,109,1.0,-1,{}
175,Notificacion estudiante cancelacion soli,2016-06-02 23:43:57,2016-06-02 23:43:57,Role 2,109,1.0,-1,{}
178,Notificacion estudiante cancelacion soli,2016-06-02 23:51:04,2016-06-02 23:51:04,Role 2,109,1.0,-1,{}
154,Revisar curso,2016-06-03 00:16:44,2016-06-03 00:21:22,Role 2,107,1.047883064516129,-1,{}
119,Notificacion estudiante cancelacion soli,2016-06-03 03:05:22,2016-06-03 03:05:33,Role 2,91,1.0,-1,{}
41,Notificacion estudiante cancelacion soli,2016-06-03 04:16:31,2016-06-03 04:16:31,Role 2,78,1.0,-1,{}
117,Notificacion estudiante cancelacion soli,2016-06-03 06:15:26,2016-06-03 06:15:38,Role 2,94,1.0,-1,{}
42,Notificacion estudiante cancelacion soli,2016-06-03 06:17:12,2016-06-03 06:17:12,Role 2,80,1.0,-1,{}
156,Homologacion por grupo de cursos,2016-06-03 06:23:08,2016-06-03 06:25:36,Role 3,106,1.5632560483870968,-1,{}
154,Evaluacion curso,2016-06-03 07:10:31,2016-06-03 07:11:52,Role 4,97,1.0778729838709677,-1,{}
153,Cancelar curso,2016-06-03 08:59:05,2016-06-03 09:00:28,Role 1,104,1.001008064516129,-1,{}
122,Notificacion estudiante cancelacion soli,2016-06-03 09:17:42,2016-06-03 09:17:45,Role 2,90,1.0,-1,{}
154,Validacion final,2016-06-03 10:45:04,2016-06-03 10:46:11,Role 2,92,1.0100806451612903,-1,{}
135,Recepcion de documentos,2016-06-03 10:56:29,2016-06-03 11:01:35,Role 2,94,1.0148689516129032,-1,{}
152,Cancelar Solicitud,2016-06-03 11:11:43,2016-06-03 11:14:31,Role 2,92,1.2653729838709677,-1,{}
154,Visto Bueno Cierre Proceso,2016-06-03 11:46:54,2016-06-03 11:47:47,Role 3,90,1.0327620967741935,-1,{}
160,Homologacion por grupo de cursos,2016-06-03 12:17:13,2016-06-03 12:17:24,Role 3,109,1.5632560483870968,-1,{}
43,Notificacion estudiante cancelacion soli,2016-06-03 12:48:54,2016-06-03 12:48:54,Role 2,80,1.0,-1,{}
107,Notificacion estudiante cancelacion soli,2016-06-03 13:00:26,2016-06-03 13:00:41,Role 2,81,1.0,-1,{}
158,Homologacion por grupo de cursos,2016-06-03 13:19:36,2016-06-03 13:20:59,Role 3,103,1.5632560483870968,-1,{}
63,Notificacion estudiante cancelacion soli,2016-06-03 13:33:26,2016-06-03 13:33:47,Role 2,93,1.0,-1,{}
159,Revisar curso,2016-06-03 13:38:08,2016-06-03 13:39:56,Role 2,103,1.047883064516129,-1,{}
162,Recepcion de documentos,2016-06-03 15:17:55,2016-06-03 15:18:42,Role 2,109,1.0148689516129032,-1,{}
137,Recepcion de documentos,2016-06-03 15:57:01,2016-06-03 16:02:38,Role 2,97,1.0148689516129032,-1,{}
163,Recepcion de documentos,2016-06-03 16:09:27,2016-06-03 16:09:45,Role 2,108,1.0148689516129032,-1,{}
155,Cancelar Solicitud,2016-06-03 17:01:03,2016-06-03 17:02:54,Role 2,95,1.2653729838709677,-1,{}
124,Notificacion estudiante cancelacion soli,2016-06-03 17:41:03,2016-06-03 17:41:03,Role 2,94,1.0,-1,{}
65,Notificacion estudiante cancelacion soli,2016-06-03 18:17:58,2016-06-03 18:18:04,Role 2,87,1.0,-1,{}
45,Notificacion estudiante cancelacion soli,2016-06-03 19:58:13,2016-06-03 19:58:13,Role 2,82,1.0,-1,{}
109,Notificacion estudiante cancelacion soli,2016-06-03 20:44:41,2016-06-03 20:44:41,Role 2,84,1.0,-1,{}
64,Notificacion estudiante cancelacion soli,2016-06-03 20:48:05,2016-06-03 20:48:10,Role 2,87,1.0,-1,{}
159,Evaluacion curso,2016-06-03 20:51:18,2016-06-03 20:51:55,Role 4,85,1.0778729838709677,-1,{}
126,Notificacion estudiante cancelacion soli,2016-06-03 21:15:40,2016-06-03 21:15:40,Role 2,92,1.0,-1,{}
157,Cancelar Solicitud,2016-06-03 22:24:30,2016-06-03 22:25:37,Role 2,96,1.2653729838709677,-1,{}
46,Notificacion estudiante cancelacion soli,2016-06-03 23:32:26,2016-06-03 23:32:26,Role 2,84,1.0,-1,{}
47,Notificacion estudiante cancelacion soli,2016-06-04 00:36:21,2016-06-04 00:36:21,Role 2,84,1.0,-1,{}
159,Validacion final,2016-06-04 00:44:37,2016-06-04 00:45:01,Role 2,80,1.0100806451612903,-1,{}
111,Notificacion estudiante cancelacion soli,2016-06-04 02:18:48,2016-06-04 02:18:48,Role 2,81,1.0,-1,{}
48,Notificacion estudiante cancelacion soli,2016-06-04 02:30:37,2016-06-04 02:30:37,Role 2,84,1.0,-1,{}
67,Notificacion estudiante cancelacion soli,2016-06-04 02:43:50,2016-06-04 02:43:50,Role 2,84,1.0,-1,{}
159,Visto Bueno Cierre Proceso,2016-06-04 05:51:45,2016-06-04 05:52:01,Role 3,77,1.0327620967741935,-1,{}
161,Cancelar Solicitud,2016-06-04 06:03:19,2016-06-04 06:03:24,Role 2,101,1.2653729838709677,-1,{}
69,Notificacion estudiante cancelacion soli,2016-06-04 07:35:14,2016-06-04 07:35:14,Role 2,83,1.0,-1,{}
70,Notificacion estudiante cancelacion soli,2016-06-04 07:53:41,2016-06-04 07:53:41,Role 2,84,1.0,-1,{}
160,Revisar curso,2016-06-04 08:20:46,2016-06-04 08:22:33,Role 2,89,1.047883064516129,-1,{}
114,Notificacion estudiante cancelacion soli,2016-06-04 09:24:11,2016-06-04 09:24:11,Role 2,79,1.0,-1,{}
72,Notificacion estudiante cancelacion soli,2016-06-04 11:38:32,2016-06-04 11:38:32,Role 2,81,1.0,-1,{}
162,Homologacion por grupo de cursos,2016-06-04 12:05:02,2016-06-04 12:05:56,Role 3,85,1.5632560483870968,-1,{}
163,Homologacion por grupo de cursos,2016-06-04 13:03:33,2016-06-04 13:04:19,Role 3,85,1.5632560483870968,-1,{}
164,Cancelar Solicitud,2016-06-04 13:19:21,2016-06-04 13:19:21,Role 2,104,1.2653729838709677,-1,{}
165,Cancelar Solicitud,2016-06-04 14:43:01,2016-06-04 14:43:01,Role 2,104,1.2653729838709677,-1,{}
19,Visto Bueno Cierre Proceso,2016-06-04 19:53:13,2016-06-04 19:53:56,Role 3,90,1.0327620967741935,-1,{}
44,Homologacion por grupo de cursos,2016-06-05 01:51:29,2016-06-05 01:53:25,Role 3,81,1.5632560483870968,-1,{}
127,Recepcion de documentos,2016-06-05 09:09:13,2016-06-05 09:11:44,Role 2,92,1.0148689516129032,-1,{}
128,Homologacion por grupo de cursos,2016-06-05 09:52:35,2016-06-05 09:52:35,Role 3,92,1.5632560483870968,-1,{}
123,Notificacion estudiante cancelacion soli,2016-06-05 11:17:48,2016-06-05 11:17:48,Role 2,94,1.0,-1,{}
49,Revisar curso,2016-06-05 12:07:12,2016-06-05 12:07:32,Role 2,101,1.047883064516129,-1,{}
130,Homologacion por grupo de cursos,2016-06-05 16:50:52,2016-06-05 16:50:52,Role 3,94,1.5632560483870968,-1,{}
160,Homologacion por grupo de cursos,2016-06-05 17:00:49,2016-06-05 17:01:06,Role 3,71,1.5632560483870968,-1,{}
38,Revisar curso,2016-06-05 18:43:01,2016-06-05 18:43:09,Role 2,105,1.047883064516129,-1,{}
133,Homologacion por grupo de cursos,2016-06-06 05:18:23,2016-06-06 05:18:23,Role 3,101,1.5632560483870968,-1,{}
131,Recepcion de documentos,2016-06-06 06:24:24,2016-06-06 06:27:01,Role 2,101,1.0148689516129032,-1,{}
135,Homologacion por grupo de cursos,2016-06-07 12:07:07,2016-06-07 12:11:51,Role 3,90,1.5632560483870968,-1,{}
137,Homologacion por grupo de cursos,2016-06-07 17:56:58,2016-06-07 18:00:03,Role 3,85,1.5632560483870968,-1,{}
39,Cancelar curso,2016-06-07 22:28:43,2016-06-07 22:30:11,Role 1,103,1.001008064516129,-1,{}
167,Notificacion estudiante cancelacion soli,2016-06-08 00:43:57,2016-06-08 00:43:57,Role 2,106,1.0,-1,{}
136,Notificacion estudiante cancelacion soli,2016-06-08 23:28:02,2016-06-08 23:28:02,Role 2,106,1.0,-1,{}
129,Notificacion estudiante cancelacion soli,2016-06-11 00:52:22,2016-06-11 00:52:22,Role 2,105,1.0,-1,{}
49,Cancelar curso,2016-06-11 05:51:38,2016-06-11 05:52:02,Role 1,65,1.001008064516129,-1,{}
152,Notificacion estudiante cancelacion soli,2016-06-11 06:33:50,2016-06-11 06:33:52,Role 2,90,1.0,-1,{}
155,Notificacion estudiante cancelacion soli,2016-06-11 13:01:05,2016-06-11 13:01:05,Role 2,85,1.0,-1,{}
131,Homologacion por grupo de cursos,2016-06-11 16:39:10,2016-06-11 16:39:16,Role 3,63,1.5632560483870968,-1,{}
157,Notificacion estudiante cancelacion soli,2016-06-11 19:15:01,2016-06-11 19:15:01,Role 2,79,1.0,-1,{}
137,Revisar curso,2016-06-11 20:43:15,2016-06-11 20:43:41,Role 2,62,1.047883064516129,-1,{}
38,Cancelar curso,2016-06-12 08:32:00,2016-06-12 08:32:34,Role 1,64,1.001008064516129,-1,{}
128,Revisar curso,2016-06-12 08:43:06,2016-06-12 08:48:30,Role 2,66,1.047883064516129,-1,{}
127,Homologacion por grupo de cursos,2016-06-12 12:35:29,2016-06-12 12:38:11,Role 3,66,1.5632560483870968,-1,{}
130,Revisar curso,2016-06-12 16:30:04,2016-06-12 16:33:30,Role 2,65,1.047883064516129,-1,{}
161,Notificacion estudiante cancelacion soli,2016-06-13 17:08:28,2016-06-13 17:08:28,Role 2,73,1.0,-1,{}
132,Notificacion estudiante cancelacion soli,2016-06-13 17:36:02,2016-06-13 17:36:02,Role 2,109,1.0,-1,{}
134,Notificacion estudiante cancelacion soli,2016-06-13 22:09:10,2016-06-13 22:09:10,Role 2,109,1.0,-1,{}
164,Notificacion estudiante cancelacion soli,2016-06-14 02:08:34,2016-06-14 02:08:34,Role 2,67,1.0,-1,{}
165,Notificacion estudiante cancelacion soli,2016-06-14 03:43:40,2016-06-14 03:43:40,Role 2,67,1.0,-1,{}
44,Revisar curso,2016-06-14 09:52:06,2016-06-14 09:56:00,Role 2,66,1.047883064516129,-1,{}
137,Homologacion por grupo de cursos,2016-06-18 06:16:03,2016-06-18 06:16:20,Role 3,54,1.5632560483870968,-1,{}
131,Revisar curso,2016-06-20 18:53:39,2016-06-20 18:54:22,Role 2,55,1.047883064516129,-1,{}
128,Evaluacion curso,2016-06-21 02:17:16,2016-06-21 02:17:55,Role 4,53,1.0778729838709677,-1,{}
130,Evaluacion curso,2016-06-21 09:59:29,2016-06-21 09:59:35,Role 4,52,1.0778729838709677,-1,{}
137,Revisar curso,2016-06-25 03:44:54,2016-06-25 03:45:07,Role 2,47,1.047883064516129,-1,{}
131,Homologacion por grupo de cursos,2016-06-27 09:33:36,2016-06-27 09:33:44,Role 3,47,1.5632560483870968,-1,{}
44,Cancelar curso,2016-06-27 18:09:24,2016-06-27 18:09:34,Role 1,47,1.001008064516129,-1,{}
137,Cancelar curso,2016-07-02 13:01:41,2016-07-02 13:01:50,Role 1,47,1.001008064516129,-1,{}
128,Validar solicitud / pre-homologacion,2016-07-02 17:15:40,2016-07-02 17:16:07,Role 2,47,1.0128528225806452,-1,{}
130,Validar solicitud / pre-homologacion,2016-07-03 00:04:34,2016-07-03 00:04:34,Role 2,47,1.0128528225806452,-1,{}
130,Avanzar recepcion documentos,2016-07-19 13:23:34,2016-07-19 13:24:06,Role 8,44,1.002016129032258,-1,{}
128,Avanzar recepcion documentos,2016-07-24 08:34:11,2016-07-24 08:34:39,Role 8,44,1.002016129032258,-1,{}
130,Validacion final,2016-08-06 19:59:36,2016-08-06 19:59:55,Role 2,44,1.0100806451612903,-1,{}
128,Validacion final,2016-08-19 03:14:49,2016-08-19 03:15:14,Role 2,44,1.0100806451612903,-1,{}
130,Visto Bueno Cierre Proceso,2016-09-01 09:31:52,2016-09-01 09:32:05,Role 3,44,1.0327620967741935,-1,{}
128,Visto Bueno Cierre Proceso,2016-09-19 09:19:31,2016-09-19 09:19:43,Role 3,44,1.0327620967741935,-1,{}
130,Transferir Creditos,2016-10-04 07:55:19,2016-10-04 07:55:33,Role 3,44,1.0005040322580645,-1,{}
128,Transferir Creditos,2016-10-12 22:27:26,2016-10-12 22:27:39,Role 3,44,1.0005040322580645,-1,{}
128,Transferir creditos homologables,2016-10-20 18:25:01,2016-10-20 18:25:13,Role 3,44,1.001008064516129,-1,{}
130,Transferir creditos homologables,2016-10-23 06:20:02,2016-10-23 06:20:13,Role 3,44,1.001008064516129,-1,{}
