caseid,task,start:timestamp,time:timestamp,role,st_wip,st_tsk_wip,queue,attrib
1,Traer informacion estudiante - banner,2016-05-18 22:17:22,2016-05-18 22:17:40,Role 1,43,1.0,-1,{}
2,Traer informacion estudiante - banner,2016-05-18 23:24:41,2016-05-18 23:25:00,Role 1,44,1.0,-1,{}
1,Radicar Solicitud Homologacion,2016-05-18 23:57:05,2016-05-18 23:58:48,Role 1,43,1.1023185483870968,-1,{}
3,Traer informacion estudiante - banner,2016-05-19 00:34:15,2016-05-19 00:34:45,Role 1,45,1.0,-1,{}
2,Radicar Solicitud Homologacion,2016-05-19 01:01:59,2016-05-19 01:04:59,Role 1,44,1.1023185483870968,-1,{}
4,Traer informacion estudiante - banner,2016-05-19 01:28:01,2016-05-19 01:28:30,Role 1,46,1.0,-1,{}
1,Validar solicitud,2016-05-19 02:10:03,2016-05-19 02:37:19,Role 2,44,1.2416834677419355,-1,{}
2,Validar solicitud,2016-05-19 05:18:13,2016-05-19 05:52:00,Role 2,45,1.2416834677419355,-1,{}
1,Homologacion por grupo de cursos,2016-05-19 06:10:31,2016-05-19 06:11:14,Role 3,46,1.5632560483870968,-1,{}
5,Traer informacion estudiante - banner,2016-05-19 06:58:05,2016-05-19 06:58:29,Role 1,47,1.0,-1,{}
1,Revisar curso,2016-05-19 10:39:41,2016-05-19 10:45:17,Role 2,46,1.047883064516129,-1,{}
6,Traer informacion estudiante - banner,2016-05-19 13:12:24,2016-05-19 13:12:46,Role 1,48,1.0,-1,{}
2,Homologacion por grupo de cursos,2016-05-19 13:36:41,2016-05-19 13:37:32,Role 3,46,1.5632560483870968,-1,{}
3,Radicar Solicitud Homologacion,2016-05-19 14:27:49,2016-05-19 14:32:39,Role 1,45,1.1023185483870968,-1,{}
4,Radicar Solicitud Homologacion,2016-05-19 15:02:12,2016-05-19 15:06:59,Role 1,46,1.1023185483870968,-1,{}
7,Traer informacion estudiante - banner,2016-05-19 15:41:53,2016-05-19 15:42:15,Role 1,48,1.0,-1,{}
1,Homologacion por grupo de cursos,2016-05-19 16:11:27,2016-05-19 16:12:13,Role 3,47,1.5632560483870968,-1,{}
8,Traer informacion estudiante - banner,2016-05-19 16:41:24,2016-05-19 16:41:46,Role 1,48,1.0,-1,{}
9,Traer informacion estudiante - banner,2016-05-19 17:23:41,2016-05-19 17:24:03,Role 1,49,1.0,-1,{}
10,Traer informacion estudiante - banner,2016-05-19 18:54:17,2016-05-19 18:54:39,Role 1,50,1.0,-1,{}
11,Traer informacion estudiante - banner,2016-05-19 18:59:49,2016-05-19 19:00:11,Role 1,51,1.0,-1,{}
5,Radicar Solicitud Homologacion,2016-05-19 20:13:08,2016-05-19 20:17:20,Role 1,47,1.1023185483870968,-1,{}
12,Traer informacion estudiante - banner,2016-05-19 20:18:46,2016-05-19 20:19:09,Role 1,52,1.0,-1,{}
13,Traer informacion estudiante - banner,2016-05-19 22:32:36,2016-05-19 22:32:59,Role 1,53,1.0,-1,{}
14,Traer informacion estudiante - banner,2016-05-20 01:13:50,2016-05-20 01:14:48,Role 1,54,1.0,-1,{}
6,Radicar Solicitud Homologacion,2016-05-20 02:08:40,2016-05-20 02:14:03,Role 1,48,1.1023185483870968,-1,{}
15,Traer informacion estudiante - banner,2016-05-20 03:38:47,2016-05-20 03:39:42,Role 1,55,1.0,-1,{}
14,Radicar Solicitud Homologacion,2016-05-20 03:39:58,2016-05-20 03:47:46,Role 1,54,1.1023185483870968,-1,{}
16,Traer informacion estudiante - banner,2016-05-20 03:57:20,2016-05-20 03:58:15,Role 1,56,1.0,-1,{}
7,Radicar Solicitud Homologacion,2016-05-20 04:38:09,2016-05-20 04:43:09,Role 1,48,1.1023185483870968,-1,{}
17,Traer informacion estudiante - banner,2016-05-20 04:56:02,2016-05-20 04:56:56,Role 1,57,1.0,-1,{}
8,Radicar Solicitud Homologacion,2016-05-20 05:37:40,2016-05-20 05:42:31,Role 1,48,1.1023185483870968,-1,{}
9,Radicar Solicitud Homologacion,2016-05-20 06:01:31,2016-05-20 06:05:32,Role 1,49,2.102318548387097,-1,{}
15,Radicar Solicitud Homologacion,2016-05-20 06:00:35,2016-05-20 06:07:56,Role 1,55,1.1023185483870968,-1,{}
16,Radicar Solicitud Homologacion,2016-05-20 06:14:56,2016-05-20 06:22:17,Role 1,56,1.1023185483870968,-1,{}
18,Traer informacion estudiante - banner,2016-05-20 06:25:02,2016-05-20 06:25:55,Role 1,58,1.0,-1,{}
11,Radicar Solicitud Homologacion,2016-05-20 07:01:40,2016-05-20 07:06:25,Role 1,51,1.1023185483870968,-1,{}
17,Radicar Solicitud Homologacion,2016-05-20 07:09:31,2016-05-20 07:16:45,Role 1,57,1.1023185483870968,-1,{}
10,Radicar Solicitud Homologacion,2016-05-20 07:13:58,2016-05-20 07:17:52,Role 1,50,2.102318548387097,-1,{}
12,Radicar Solicitud Homologacion,2016-05-20 08:03:05,2016-05-20 08:07:42,Role 1,52,1.1023185483870968,-1,{}
18,Radicar Solicitud Homologacion,2016-05-20 08:34:29,2016-05-20 08:41:27,Role 1,58,1.1023185483870968,-1,{}
13,Radicar Solicitud Homologacion,2016-05-20 09:59:39,2016-05-20 10:04:01,Role 1,53,1.1023185483870968,-1,{}
19,Traer informacion estudiante - banner,2016-05-20 13:06:24,2016-05-20 13:07:10,Role 1,59,1.0,-1,{}
15,Validar solicitud,2016-05-20 13:17:14,2016-05-20 13:28:37,Role 2,57,1.2416834677419355,-1,{}
16,Validar solicitud,2016-05-20 13:29:02,2016-05-20 13:40:17,Role 2,57,1.2416834677419355,-1,{}
17,Validar solicitud,2016-05-20 14:19:42,2016-05-20 14:30:33,Role 2,58,1.2416834677419355,-1,{}
6,Validar solicitud,2016-05-20 14:36:46,2016-05-20 14:50:03,Role 2,54,1.2416834677419355,-1,{}
19,Radicar Solicitud Homologacion,2016-05-20 15:11:48,2016-05-20 15:17:32,Role 1,59,1.1023185483870968,-1,{}
20,Traer informacion estudiante - banner,2016-05-20 15:31:11,2016-05-20 15:31:56,Role 1,60,1.0,-1,{}
21,Traer informacion estudiante - banner,2016-05-20 16:04:12,2016-05-20 16:04:57,Role 1,61,1.0,-1,{}
22,Traer informacion estudiante - banner,2016-05-20 17:14:38,2016-05-20 17:15:22,Role 1,62,1.0,-1,{}
4,Validar solicitud,2016-05-20 17:20:51,2016-05-20 17:35:17,Role 2,47,1.2416834677419355,-1,{}
20,Radicar Solicitud Homologacion,2016-05-20 17:32:43,2016-05-20 17:38:22,Role 1,60,1.1023185483870968,-1,{}
8,Validar solicitud,2016-05-20 17:40:05,2016-05-20 17:51:59,Role 2,57,1.2416834677419355,-1,{}
21,Radicar Solicitud Homologacion,2016-05-20 18:01:58,2016-05-20 18:07:23,Role 1,61,1.1023185483870968,-1,{}
11,Validar solicitud,2016-05-20 18:05:33,2016-05-20 18:16:53,Role 2,58,1.2416834677419355,-1,{}
23,Traer informacion estudiante - banner,2016-05-20 18:33:08,2016-05-20 18:33:52,Role 1,63,1.0,-1,{}
24,Traer informacion estudiante - banner,2016-05-20 18:56:27,2016-05-20 18:57:13,Role 1,64,1.0,-1,{}
12,Validar solicitud,2016-05-20 18:50:44,2016-05-20 19:01:36,Role 2,58,1.2416834677419355,-1,{}
22,Radicar Solicitud Homologacion,2016-05-20 19:08:43,2016-05-20 19:14:03,Role 1,62,1.1023185483870968,-1,{}
25,Traer informacion estudiante - banner,2016-05-20 19:25:32,2016-05-20 19:26:16,Role 1,65,1.0,-1,{}
23,Radicar Solicitud Homologacion,2016-05-20 20:23:37,2016-05-20 20:28:49,Role 1,63,1.1023185483870968,-1,{}
24,Radicar Solicitud Homologacion,2016-05-20 20:33:11,2016-05-20 20:38:16,Role 1,64,1.1023185483870968,-1,{}
26,Traer informacion estudiante - banner,2016-05-20 20:51:37,2016-05-20 20:52:20,Role 1,66,1.0,-1,{}
27,Traer informacion estudiante - banner,2016-05-20 20:59:18,2016-05-20 21:00:02,Role 1,67,1.0,-1,{}
7,Cancelar Solicitud,2016-05-20 21:01:37,2016-05-20 21:01:54,Role 2,56,1.2653729838709677,-1,{}
25,Radicar Solicitud Homologacion,2016-05-20 21:09:03,2016-05-20 21:14:16,Role 1,65,1.1023185483870968,-1,{}
15,Homologacion por grupo de cursos,2016-05-20 21:34:51,2016-05-20 21:34:51,Role 3,59,1.5632560483870968,-1,{}
16,Homologacion por grupo de cursos,2016-05-20 21:43:25,2016-05-20 21:43:25,Role 3,59,1.5632560483870968,-1,{}
9,Cancelar Solicitud,2016-05-20 21:56:54,2016-05-20 21:56:54,Role 2,57,1.2653729838709677,-1,{}
28,Traer informacion estudiante - banner,2016-05-20 22:07:24,2016-05-20 22:08:07,Role 1,67,1.0,-1,{}
17,Homologacion por grupo de cursos,2016-05-20 22:31:46,2016-05-20 22:31:46,Role 3,59,1.5632560483870968,-1,{}
26,Radicar Solicitud Homologacion,2016-05-20 22:31:44,2016-05-20 22:36:46,Role 1,66,1.1023185483870968,-1,{}
10,Cancelar Solicitud,2016-05-20 22:38:34,2016-05-20 22:38:34,Role 2,58,1.2653729838709677,-1,{}
27,Radicar Solicitud Homologacion,2016-05-20 22:36:09,2016-05-20 22:40:29,Role 1,67,2.102318548387097,-1,{}
3,Cancelar Solicitud,2016-05-20 22:53:27,2016-05-20 22:53:27,Role 2,47,1.2653729838709677,-1,{}
29,Traer informacion estudiante - banner,2016-05-20 23:31:52,2016-05-20 23:32:34,Role 1,68,1.0,-1,{}
6,Homologacion por grupo de cursos,2016-05-20 23:44:59,2016-05-20 23:44:59,Role 3,59,1.5632560483870968,-1,{}
28,Radicar Solicitud Homologacion,2016-05-20 23:44:14,2016-05-20 23:49:10,Role 1,67,1.1023185483870968,-1,{}
30,Traer informacion estudiante - banner,2016-05-21 00:15:59,2016-05-21 00:16:23,Role 1,69,1.0,-1,{}
13,Cancelar Solicitud,2016-05-21 00:32:16,2016-05-21 00:32:16,Role 2,58,1.2653729838709677,-1,{}
21,Validar solicitud,2016-05-21 00:28:59,2016-05-21 00:38:38,Role 2,62,1.2416834677419355,-1,{}
16,Revisar curso,2016-05-21 00:40:45,2016-05-21 00:41:06,Role 2,66,1.047883064516129,-1,{}
29,Radicar Solicitud Homologacion,2016-05-21 01:05:27,2016-05-21 01:10:48,Role 1,68,1.1023185483870968,-1,{}
17,Revisar curso,2016-05-21 01:21:22,2016-05-21 01:21:41,Role 2,67,1.047883064516129,-1,{}
11,Homologacion por grupo de cursos,2016-05-21 01:57:27,2016-05-21 01:57:27,Role 3,62,1.5632560483870968,-1,{}
12,Recepcion de documentos,2016-05-21 02:07:37,2016-05-21 02:07:42,Role 2,64,1.0148689516129032,-1,{}
8,Homologacion por grupo de cursos,2016-05-21 02:08:17,2016-05-21 02:08:17,Role 3,62,1.5632560483870968,-1,{}
5,Cancelar Solicitud,2016-05-21 02:21:54,2016-05-21 02:21:54,Role 2,51,1.2653729838709677,-1,{}
14,Cancelar Solicitud,2016-05-21 02:24:41,2016-05-21 02:25:09,Role 2,55,1.2653729838709677,-1,{}
24,Validar solicitud,2016-05-21 02:33:16,2016-05-21 02:42:02,Role 2,65,1.2416834677419355,-1,{}
31,Traer informacion estudiante - banner,2016-05-21 02:45:17,2016-05-21 02:45:40,Role 1,69,1.0,-1,{}
32,Traer informacion estudiante - banner,2016-05-21 02:57:20,2016-05-21 02:57:43,Role 1,70,1.0,-1,{}
6,Revisar curso,2016-05-21 03:42:08,2016-05-21 03:42:27,Role 2,68,1.047883064516129,-1,{}
25,Validar solicitud,2016-05-21 03:34:42,2016-05-21 03:43:22,Role 2,67,1.2416834677419355,-1,{}
27,Validar solicitud,2016-05-21 04:57:59,2016-05-21 05:03:59,Role 2,67,1.2416834677419355,-1,{}
28,Validar solicitud,2016-05-21 06:04:05,2016-05-21 06:11:52,Role 2,68,1.2416834677419355,-1,{}
30,Radicar Solicitud Homologacion,2016-05-21 06:21:43,2016-05-21 06:25:13,Role 1,69,1.1023185483870968,-1,{}
18,Cancelar Solicitud,2016-05-21 07:21:22,2016-05-21 07:21:30,Role 2,58,1.2653729838709677,-1,{}
31,Radicar Solicitud Homologacion,2016-05-21 08:51:00,2016-05-21 08:54:11,Role 1,69,1.1023185483870968,-1,{}
32,Radicar Solicitud Homologacion,2016-05-21 08:52:29,2016-05-21 08:55:01,Role 1,70,2.102318548387097,-1,{}
16,Evaluacion curso,2016-05-21 09:27:29,2016-05-21 09:27:34,Role 4,69,1.0778729838709677,-1,{}
4,Homologacion por grupo de cursos,2016-05-21 12:06:41,2016-05-21 12:06:41,Role 3,62,1.5632560483870968,-1,{}
33,Traer informacion estudiante - banner,2016-05-21 12:32:07,2016-05-21 12:32:29,Role 1,71,1.0,-1,{}
17,Homologacion por grupo de cursos,2016-05-21 13:10:03,2016-05-21 13:10:08,Role 3,69,1.5632560483870968,-1,{}
19,Cancelar Solicitud,2016-05-21 13:57:36,2016-05-21 13:57:36,Role 2,59,1.2653729838709677,-1,{}
34,Traer informacion estudiante - banner,2016-05-21 14:46:23,2016-05-21 14:46:45,Role 1,72,1.0,-1,{}
20,Cancelar Solicitud,2016-05-21 16:09:46,2016-05-21 16:09:46,Role 2,62,1.2653729838709677,-1,{}
12,Homologacion por grupo de cursos,2016-05-21 17:35:17,2016-05-21 17:35:17,Role 3,68,1.5632560483870968,-1,{}
22,Cancelar Solicitud,2016-05-21 17:47:11,2016-05-21 17:47:11,Role 2,64,1.2653729838709677,-1,{}
33,Radicar Solicitud Homologacion,2016-05-21 18:16:51,2016-05-21 18:19:12,Role 1,71,1.1023185483870968,-1,{}
8,Revisar curso,2016-05-21 18:25:27,2016-05-21 18:25:27,Role 2,68,1.047883064516129,-1,{}
6,Cancelar curso,2016-05-21 18:59:38,2016-05-21 18:59:39,Role 1,70,1.001008064516129,-1,{}
35,Traer informacion estudiante - banner,2016-05-21 19:00:36,2016-05-21 19:00:58,Role 1,71,1.0,-1,{}
23,Cancelar Solicitud,2016-05-21 19:03:09,2016-05-21 19:03:09,Role 2,65,1.2653729838709677,-1,{}
34,Radicar Solicitud Homologacion,2016-05-21 20:20:54,2016-05-21 20:23:07,Role 1,72,1.1023185483870968,-1,{}
26,Cancelar Solicitud,2016-05-21 21:24:39,2016-05-21 21:24:39,Role 2,67,1.2653729838709677,-1,{}
36,Traer informacion estudiante - banner,2016-05-21 22:27:33,2016-05-21 22:27:55,Role 1,72,1.0,-1,{}
37,Traer informacion estudiante - banner,2016-05-22 00:09:48,2016-05-22 00:10:14,Role 1,73,1.0,-1,{}
35,Radicar Solicitud Homologacion,2016-05-22 00:45:20,2016-05-22 00:49:42,Role 1,71,1.1023185483870968,-1,{}
38,Traer informacion estudiante - banner,2016-05-22 01:00:26,2016-05-22 01:00:51,Role 1,74,1.0,-1,{}
17,Revisar curso,2016-05-22 02:20:20,2016-05-22 02:20:30,Role 2,71,1.047883064516129,-1,{}
17,Cancelar curso,2016-05-22 02:20:34,2016-05-22 02:20:47,Role 1,74,1.001008064516129,-1,{}
37,Radicar Solicitud Homologacion,2016-05-22 03:15:49,2016-05-22 03:26:41,Role 1,73,1.1023185483870968,-1,{}
36,Radicar Solicitud Homologacion,2016-05-22 04:02:04,2016-05-22 04:06:01,Role 1,72,1.1023185483870968,-1,{}
38,Radicar Solicitud Homologacion,2016-05-22 04:09:54,2016-05-22 04:20:36,Role 1,74,1.1023185483870968,-1,{}
16,Validacion final,2016-05-22 07:18:00,2016-05-22 07:18:09,Role 2,70,1.0100806451612903,-1,{}
16,Visto Bueno Cierre Proceso,2016-05-22 07:18:13,2016-05-22 07:18:24,Role 3,73,1.0327620967741935,-1,{}
4,Revisar curso,2016-05-22 09:00:40,2016-05-22 09:00:40,Role 2,70,1.047883064516129,-1,{}
21,Homologacion por grupo de cursos,2016-05-22 09:41:41,2016-05-22 09:41:41,Role 3,69,1.5632560483870968,-1,{}
24,Homologacion por grupo de cursos,2016-05-22 11:26:24,2016-05-22 11:26:24,Role 3,68,1.5632560483870968,-1,{}
39,Traer informacion estudiante - banner,2016-05-22 12:41:08,2016-05-22 12:41:28,Role 1,71,1.0,-1,{}
25,Recepcion de documentos,2016-05-22 14:05:15,2016-05-22 14:05:15,Role 2,70,1.0148689516129032,-1,{}
40,Traer informacion estudiante - banner,2016-05-22 14:59:00,2016-05-22 14:59:19,Role 1,72,1.0,-1,{}
27,Homologacion por grupo de cursos,2016-05-22 15:04:38,2016-05-22 15:04:38,Role 3,70,1.5632560483870968,-1,{}
4,Homologacion por grupo de cursos,2016-05-22 15:14:54,2016-05-22 15:14:54,Role 3,72,1.5632560483870968,-1,{}
4,Revisar curso,2016-05-22 15:14:58,2016-05-22 15:15:26,Role 2,72,1.047883064516129,-1,{}
4,Evaluacion curso,2016-05-22 15:15:30,2016-05-22 15:15:30,Role 4,72,1.0778729838709677,-1,{}
4,Validacion final,2016-05-22 15:15:34,2016-05-22 15:15:34,Role 2,72,1.0100806451612903,-1,{}
8,Evaluacion curso,2016-05-22 15:28:06,2016-05-22 15:28:06,Role 4,71,1.0778729838709677,-1,{}
39,Radicar Solicitud Homologacion,2016-05-22 15:40:10,2016-05-22 15:47:34,Role 1,71,1.1023185483870968,-1,{}
28,Homologacion por grupo de cursos,2016-05-22 16:10:30,2016-05-22 16:10:30,Role 3,70,1.5632560483870968,-1,{}
8,Validacion final,2016-05-22 16:25:03,2016-05-22 16:25:06,Role 2,72,1.0100806451612903,-1,{}
8,Visto Bueno Cierre Proceso,2016-05-22 16:25:10,2016-05-22 16:25:18,Role 3,72,1.0327620967741935,-1,{}
41,Traer informacion estudiante - banner,2016-05-22 16:37:36,2016-05-22 16:37:55,Role 1,72,1.0,-1,{}
42,Traer informacion estudiante - banner,2016-05-22 16:57:05,2016-05-22 16:57:25,Role 1,73,1.0,-1,{}
4,Visto Bueno Cierre Proceso,2016-05-22 17:22:08,2016-05-22 17:22:17,Role 3,72,1.0327620967741935,-1,{}
43,Traer informacion estudiante - banner,2016-05-22 18:02:27,2016-05-22 18:02:47,Role 1,73,1.0,-1,{}
40,Radicar Solicitud Homologacion,2016-05-22 18:01:27,2016-05-22 18:08:29,Role 1,72,1.1023185483870968,-1,{}
44,Traer informacion estudiante - banner,2016-05-22 19:42:54,2016-05-22 19:43:14,Role 1,74,1.0,-1,{}
41,Radicar Solicitud Homologacion,2016-05-22 19:40:03,2016-05-22 19:46:51,Role 1,72,1.1023185483870968,-1,{}
36,Validar solicitud,2016-05-22 19:40:24,2016-05-22 20:01:56,Role 2,73,1.2416834677419355,-1,{}
42,Radicar Solicitud Homologacion,2016-05-22 20:03:00,2016-05-22 20:09:51,Role 1,73,1.1023185483870968,-1,{}
43,Radicar Solicitud Homologacion,2016-05-22 21:09:42,2016-05-22 21:16:21,Role 1,73,1.1023185483870968,-1,{}
45,Traer informacion estudiante - banner,2016-05-22 21:54:00,2016-05-22 21:54:20,Role 1,75,1.0,-1,{}
25,Homologacion por grupo de cursos,2016-05-22 22:30:46,2016-05-22 22:30:59,Role 3,71,1.5632560483870968,-1,{}
46,Traer informacion estudiante - banner,2016-05-22 22:31:43,2016-05-22 22:32:03,Role 1,75,1.0,-1,{}
27,Revisar curso,2016-05-22 22:33:30,2016-05-22 22:34:02,Role 2,72,1.047883064516129,-1,{}
44,Radicar Solicitud Homologacion,2016-05-22 23:00:32,2016-05-22 23:06:48,Role 1,74,1.1023185483870968,-1,{}
28,Revisar curso,2016-05-22 23:36:29,2016-05-22 23:37:05,Role 2,72,1.047883064516129,-1,{}
28,Homologacion por grupo de cursos,2016-05-22 23:37:09,2016-05-22 23:37:09,Role 3,75,1.5632560483870968,-1,{}
28,Revisar curso,2016-05-22 23:37:13,2016-05-22 23:37:39,Role 2,75,1.047883064516129,-1,{}
47,Traer informacion estudiante - banner,2016-05-23 00:49:22,2016-05-23 00:49:27,Role 1,76,1.0,-1,{}
45,Radicar Solicitud Homologacion,2016-05-23 01:06:53,2016-05-23 01:20:31,Role 1,75,1.1023185483870968,-1,{}
29,Cancelar Solicitud,2016-05-23 01:30:58,2016-05-23 01:30:58,Role 2,69,1.2653729838709677,-1,{}
47,Radicar Solicitud Homologacion,2016-05-23 01:38:02,2016-05-23 01:43:37,Role 1,76,1.1023185483870968,-1,{}
48,Traer informacion estudiante - banner,2016-05-23 01:46:31,2016-05-23 01:46:36,Role 1,77,1.0,-1,{}
46,Radicar Solicitud Homologacion,2016-05-23 01:44:36,2016-05-23 01:58:04,Role 1,75,1.1023185483870968,-1,{}
48,Radicar Solicitud Homologacion,2016-05-23 02:35:45,2016-05-23 02:41:20,Role 1,77,1.1023185483870968,-1,{}
27,Cancelar curso,2016-05-23 02:51:24,2016-05-23 02:51:37,Role 1,75,1.001008064516129,-1,{}
32,Validar solicitud,2016-05-23 03:31:49,2016-05-23 03:47:21,Role 2,70,1.2416834677419355,-1,{}
47,Cancelar Solicitud,2016-05-23 04:57:19,2016-05-23 04:58:31,Role 2,76,1.2653729838709677,-1,{}
48,Cancelar Solicitud,2016-05-23 06:00:21,2016-05-23 06:01:28,Role 2,77,1.2653729838709677,-1,{}
28,Cancelar curso,2016-05-23 06:16:17,2016-05-23 06:16:20,Role 1,75,1.001008064516129,-1,{}
7,Notificacion estudiante cancelacion soli,2016-05-23 07:46:21,2016-05-23 07:46:21,Role 2,67,1.0,-1,{}
9,Notificacion estudiante cancelacion soli,2016-05-23 08:57:23,2016-05-23 08:57:23,Role 2,66,1.0,-1,{}
10,Notificacion estudiante cancelacion soli,2016-05-23 09:01:38,2016-05-23 09:01:38,Role 2,67,1.0,-1,{}
49,Traer informacion estudiante - banner,2016-05-23 09:13:57,2016-05-23 09:14:04,Role 1,73,1.0,-1,{}
32,Recepcion de documentos,2016-05-23 09:14:14,2016-05-23 09:14:34,Role 2,76,1.0148689516129032,-1,{}
32,Homologacion por grupo de cursos,2016-05-23 09:14:38,2016-05-23 09:15:51,Role 3,73,1.5632560483870968,-1,{}
49,Radicar Solicitud Homologacion,2016-05-23 10:02:50,2016-05-23 10:07:08,Role 1,73,1.1023185483870968,-1,{}
50,Traer informacion estudiante - banner,2016-05-23 12:15:51,2016-05-23 12:15:59,Role 1,73,1.0,-1,{}
3,Notificacion estudiante cancelacion soli,2016-05-23 12:48:19,2016-05-23 12:48:19,Role 2,67,1.0,-1,{}
33,Validar solicitud,2016-05-23 12:40:33,2016-05-23 12:55:05,Role 2,71,1.2416834677419355,-1,{}
50,Radicar Solicitud Homologacion,2016-05-23 13:04:45,2016-05-23 13:08:48,Role 1,73,1.1023185483870968,-1,{}
49,Cancelar Solicitud,2016-05-23 13:13:22,2016-05-23 13:13:53,Role 2,72,1.2653729838709677,-1,{}
35,Cancelar Solicitud,2016-05-23 13:28:43,2016-05-23 13:29:17,Role 2,73,1.2653729838709677,-1,{}
51,Traer informacion estudiante - banner,2016-05-23 14:10:39,2016-05-23 14:10:48,Role 1,73,1.0,-1,{}
34,Validar solicitud,2016-05-23 14:39:41,2016-05-23 14:53:26,Role 2,71,1.2416834677419355,-1,{}
51,Radicar Solicitud Homologacion,2016-05-23 14:59:34,2016-05-23 15:03:49,Role 1,73,1.1023185483870968,-1,{}
50,Validar solicitud,2016-05-23 14:50:17,2016-05-23 15:09:37,Role 2,72,2.2416834677419355,-1,{}
52,Traer informacion estudiante - banner,2016-05-23 15:39:35,2016-05-23 15:39:45,Role 1,74,1.0,-1,{}
52,Radicar Solicitud Homologacion,2016-05-23 16:28:26,2016-05-23 16:32:22,Role 1,74,1.1023185483870968,-1,{}
53,Traer informacion estudiante - banner,2016-05-23 16:43:28,2016-05-23 16:43:39,Role 1,75,1.0,-1,{}
50,Recepcion de documentos,2016-05-23 17:18:09,2016-05-23 17:18:35,Role 2,73,1.0148689516129032,-1,{}
53,Radicar Solicitud Homologacion,2016-05-23 17:32:17,2016-05-23 17:36:14,Role 1,75,1.1023185483870968,-1,{}
54,Traer informacion estudiante - banner,2016-05-23 18:05:44,2016-05-23 18:05:55,Role 1,76,1.0,-1,{}
51,Cancelar Solicitud,2016-05-23 18:09:01,2016-05-23 18:09:21,Role 2,73,1.2653729838709677,-1,{}
33,Homologacion por grupo de cursos,2016-05-23 18:14:56,2016-05-23 18:14:56,Role 3,72,1.5632560483870968,-1,{}
33,Revisar curso,2016-05-23 18:15:00,2016-05-23 18:16:20,Role 2,76,1.047883064516129,-1,{}
33,Evaluacion curso,2016-05-23 18:16:24,2016-05-23 18:16:33,Role 4,76,1.0778729838709677,-1,{}
33,Validar solicitud / pre-homologacion,2016-05-23 18:16:37,2016-05-23 18:16:47,Role 2,76,1.0128528225806452,-1,{}
52,Validar solicitud,2016-05-23 18:15:01,2016-05-23 18:33:52,Role 2,74,1.2416834677419355,-1,{}
36,Recepcion de documentos,2016-05-23 18:36:10,2016-05-23 18:39:15,Role 2,74,1.0148689516129032,-1,{}
54,Radicar Solicitud Homologacion,2016-05-23 18:54:30,2016-05-23 18:58:25,Role 1,76,1.1023185483870968,-1,{}
30,Cancelar Solicitud,2016-05-23 19:05:59,2016-05-23 19:06:06,Role 2,70,1.2653729838709677,-1,{}
55,Traer informacion estudiante - banner,2016-05-23 19:07:34,2016-05-23 19:07:46,Role 1,76,1.0,-1,{}
50,Homologacion por grupo de cursos,2016-05-23 19:14:04,2016-05-23 19:15:25,Role 3,75,1.5632560483870968,-1,{}
53,Validar solicitud,2016-05-23 19:19:52,2016-05-23 19:37:38,Role 2,75,1.2416834677419355,-1,{}
55,Radicar Solicitud Homologacion,2016-05-23 19:56:21,2016-05-23 20:00:11,Role 1,76,1.1023185483870968,-1,{}
34,Recepcion de documentos,2016-05-23 20:03:16,2016-05-23 20:03:22,Role 2,73,1.0148689516129032,-1,{}
34,Homologacion por grupo de cursos,2016-05-23 20:03:26,2016-05-23 20:04:03,Role 3,75,1.5632560483870968,-1,{}
56,Traer informacion estudiante - banner,2016-05-23 20:22:32,2016-05-23 20:22:44,Role 1,75,1.0,-1,{}
52,Homologacion por grupo de cursos,2016-05-23 20:46:08,2016-05-23 20:46:14,Role 3,75,1.5632560483870968,-1,{}
54,Validar solicitud,2016-05-23 20:42:49,2016-05-23 20:59:56,Role 2,75,2.2416834677419355,-1,{}
38,Validar solicitud,2016-05-23 20:23:41,2016-05-23 21:01:52,Role 2,73,1.2416834677419355,-1,{}
56,Radicar Solicitud Homologacion,2016-05-23 21:11:22,2016-05-23 21:15:03,Role 1,75,1.1023185483870968,-1,{}
31,Cancelar Solicitud,2016-05-23 21:39:06,2016-05-23 21:39:08,Role 2,70,1.2653729838709677,-1,{}
53,Recepcion de documentos,2016-05-23 21:50:25,2016-05-23 21:51:19,Role 2,75,1.0148689516129032,-1,{}
55,Validar solicitud,2016-05-23 21:44:35,2016-05-23 22:01:17,Role 2,75,1.2416834677419355,-1,{}
57,Traer informacion estudiante - banner,2016-05-23 22:44:03,2016-05-23 22:44:16,Role 1,75,1.0,-1,{}
58,Traer informacion estudiante - banner,2016-05-23 23:13:28,2016-05-23 23:13:42,Role 1,76,1.0,-1,{}
54,Homologacion por grupo de cursos,2016-05-23 23:13:46,2016-05-23 23:13:46,Role 3,74,1.5632560483870968,-1,{}
56,Validar solicitud,2016-05-23 22:58:28,2016-05-23 23:14:40,Role 2,74,1.2416834677419355,-1,{}
57,Radicar Solicitud Homologacion,2016-05-23 23:32:54,2016-05-23 23:36:29,Role 1,75,1.1023185483870968,-1,{}
53,Homologacion por grupo de cursos,2016-05-23 23:49:54,2016-05-23 23:50:51,Role 3,74,1.5632560483870968,-1,{}
59,Traer informacion estudiante - banner,2016-05-23 23:57:06,2016-05-23 23:57:20,Role 1,75,1.0,-1,{}
58,Radicar Solicitud Homologacion,2016-05-24 00:01:32,2016-05-24 00:13:00,Role 1,76,1.1023185483870968,-1,{}
55,Homologacion por grupo de cursos,2016-05-24 00:15:29,2016-05-24 00:15:55,Role 3,74,1.5632560483870968,-1,{}
59,Radicar Solicitud Homologacion,2016-05-24 00:45:58,2016-05-24 00:57:22,Role 1,75,1.1023185483870968,-1,{}
60,Traer informacion estudiante - banner,2016-05-24 01:08:15,2016-05-24 01:09:28,Role 1,76,1.0,-1,{}
56,Homologacion por grupo de cursos,2016-05-24 01:27:48,2016-05-24 01:28:15,Role 3,75,1.5632560483870968,-1,{}
57,Validar solicitud,2016-05-24 01:20:07,2016-05-24 01:50:49,Role 2,75,1.2416834677419355,-1,{}
47,Notificacion estudiante cancelacion soli,2016-05-24 02:31:15,2016-05-24 02:31:15,Role 2,76,1.0,-1,{}
60,Radicar Solicitud Homologacion,2016-05-24 02:21:23,2016-05-24 02:41:39,Role 1,76,1.1023185483870968,-1,{}
55,Revisar curso,2016-05-24 03:08:22,2016-05-24 03:18:26,Role 2,75,1.047883064516129,-1,{}
61,Traer informacion estudiante - banner,2016-05-24 03:33:57,2016-05-24 03:35:04,Role 1,75,1.0,-1,{}
48,Notificacion estudiante cancelacion soli,2016-05-24 04:14:23,2016-05-24 04:14:23,Role 2,76,1.0,-1,{}
62,Traer informacion estudiante - banner,2016-05-24 04:50:48,2016-05-24 04:51:53,Role 1,75,1.0,-1,{}
61,Radicar Solicitud Homologacion,2016-05-24 04:45:41,2016-05-24 05:04:26,Role 1,75,1.1023185483870968,-1,{}
57,Recepcion de documentos,2016-05-24 05:25:03,2016-05-24 05:30:20,Role 2,75,1.0148689516129032,-1,{}
63,Traer informacion estudiante - banner,2016-05-24 06:19:29,2016-05-24 06:20:32,Role 1,76,1.0,-1,{}
62,Radicar Solicitud Homologacion,2016-05-24 06:03:23,2016-05-24 06:21:33,Role 1,75,1.1023185483870968,-1,{}
58,Cancelar Solicitud,2016-05-24 06:42:21,2016-05-24 06:45:31,Role 2,75,1.2653729838709677,-1,{}
59,Cancelar Solicitud,2016-05-24 07:37:19,2016-05-24 07:40:15,Role 2,75,1.2653729838709677,-1,{}
63,Radicar Solicitud Homologacion,2016-05-24 07:33:21,2016-05-24 07:51:02,Role 1,76,1.1023185483870968,-1,{}
64,Traer informacion estudiante - banner,2016-05-24 08:44:54,2016-05-24 08:45:53,Role 1,77,1.0,-1,{}
65,Traer informacion estudiante - banner,2016-05-24 09:08:27,2016-05-24 09:09:27,Role 1,78,1.0,-1,{}
49,Notificacion estudiante cancelacion soli,2016-05-24 09:39:02,2016-05-24 09:39:02,Role 2,72,1.0,-1,{}
64,Radicar Solicitud Homologacion,2016-05-24 09:59:07,2016-05-24 10:15:58,Role 1,77,1.1023185483870968,-1,{}
65,Radicar Solicitud Homologacion,2016-05-24 10:24:04,2016-05-24 10:40:53,Role 1,78,1.1023185483870968,-1,{}
55,Cancelar curso,2016-05-24 11:06:21,2016-05-24 11:07:20,Role 1,74,1.001008064516129,-1,{}
66,Traer informacion estudiante - banner,2016-05-24 12:32:01,2016-05-24 12:32:56,Role 1,77,1.0,-1,{}
57,Homologacion por grupo de cursos,2016-05-24 13:14:02,2016-05-24 13:18:42,Role 3,75,1.5632560483870968,-1,{}
66,Radicar Solicitud Homologacion,2016-05-24 13:46:10,2016-05-24 14:01:25,Role 1,77,1.1023185483870968,-1,{}
51,Notificacion estudiante cancelacion soli,2016-05-24 14:23:48,2016-05-24 14:23:48,Role 2,76,1.0,-1,{}
36,Homologacion por grupo de cursos,2016-05-24 15:05:56,2016-05-24 15:06:30,Role 3,75,1.5632560483870968,-1,{}
67,Traer informacion estudiante - banner,2016-05-24 15:40:15,2016-05-24 15:41:09,Role 1,76,1.0,-1,{}
44,Validar solicitud,2016-05-24 15:05:57,2016-05-24 15:57:38,Role 2,75,1.2416834677419355,-1,{}
68,Traer informacion estudiante - banner,2016-05-24 16:11:15,2016-05-24 16:12:06,Role 1,77,1.0,-1,{}
67,Radicar Solicitud Homologacion,2016-05-24 16:52:23,2016-05-24 17:06:00,Role 1,76,1.1023185483870968,-1,{}
69,Traer informacion estudiante - banner,2016-05-24 17:11:46,2016-05-24 17:12:37,Role 1,78,1.0,-1,{}
68,Radicar Solicitud Homologacion,2016-05-24 17:25:20,2016-05-24 17:39:16,Role 1,77,1.1023185483870968,-1,{}
70,Traer informacion estudiante - banner,2016-05-24 18:01:34,2016-05-24 18:02:25,Role 1,79,1.0,-1,{}
69,Radicar Solicitud Homologacion,2016-05-24 18:27:14,2016-05-24 18:41:00,Role 1,78,1.1023185483870968,-1,{}
70,Radicar Solicitud Homologacion,2016-05-24 19:18:27,2016-05-24 19:32:03,Role 1,79,1.1023185483870968,-1,{}
71,Traer informacion estudiante - banner,2016-05-24 20:22:33,2016-05-24 20:23:23,Role 1,80,1.0,-1,{}
72,Traer informacion estudiante - banner,2016-05-24 20:33:11,2016-05-24 20:34:01,Role 1,81,1.0,-1,{}
73,Traer informacion estudiante - banner,2016-05-24 21:07:35,2016-05-24 21:08:26,Role 1,82,1.0,-1,{}
71,Radicar Solicitud Homologacion,2016-05-24 21:40:53,2016-05-24 21:54:02,Role 1,80,1.1023185483870968,-1,{}
74,Traer informacion estudiante - banner,2016-05-24 22:00:16,2016-05-24 22:01:07,Role 1,83,1.0,-1,{}
72,Radicar Solicitud Homologacion,2016-05-24 21:53:01,2016-05-24 22:04:29,Role 1,81,2.102318548387097,-1,{}
73,Radicar Solicitud Homologacion,2016-05-24 22:28:59,2016-05-24 22:42:11,Role 1,82,1.1023185483870968,-1,{}
37,Cancelar Solicitud,2016-05-24 23:03:47,2016-05-24 23:07:20,Role 2,73,1.2653729838709677,-1,{}
74,Radicar Solicitud Homologacion,2016-05-24 23:24:18,2016-05-24 23:37:18,Role 1,83,1.1023185483870968,-1,{}
57,Revisar curso,2016-05-25 00:42:00,2016-05-25 00:44:18,Role 2,77,1.047883064516129,-1,{}
75,Traer informacion estudiante - banner,2016-05-25 00:47:20,2016-05-25 00:47:36,Role 1,84,1.0,-1,{}
75,Radicar Solicitud Homologacion,2016-05-25 01:19:47,2016-05-25 01:23:38,Role 1,84,1.1023185483870968,-1,{}
76,Traer informacion estudiante - banner,2016-05-25 01:33:37,2016-05-25 01:33:53,Role 1,85,1.0,-1,{}
76,Radicar Solicitud Homologacion,2016-05-25 02:05:02,2016-05-25 02:08:52,Role 1,85,1.1023185483870968,-1,{}
13,Notificacion estudiante cancelacion soli,2016-05-25 02:17:17,2016-05-25 02:17:17,Role 2,69,1.0,-1,{}
75,Validar solicitud,2016-05-25 02:08:30,2016-05-25 02:26:38,Role 2,84,1.2416834677419355,-1,{}
75,Homologacion por grupo de cursos,2016-05-25 02:26:42,2016-05-25 02:26:42,Role 3,84,1.5632560483870968,-1,{}
77,Traer informacion estudiante - banner,2016-05-25 03:06:13,2016-05-25 03:06:29,Role 1,84,1.0,-1,{}
76,Validar solicitud,2016-05-25 02:49:57,2016-05-25 03:07:35,Role 2,85,1.2416834677419355,-1,{}
76,Recepcion de documentos,2016-05-25 03:07:39,2016-05-25 03:08:13,Role 2,84,1.0148689516129032,-1,{}
76,Homologacion por grupo de cursos,2016-05-25 03:08:17,2016-05-25 03:08:32,Role 3,84,1.5632560483870968,-1,{}
77,Radicar Solicitud Homologacion,2016-05-25 03:36:49,2016-05-25 03:40:30,Role 1,84,1.1023185483870968,-1,{}
60,Validar solicitud,2016-05-25 03:33:52,2016-05-25 04:10:41,Role 2,74,1.2416834677419355,-1,{}
78,Traer informacion estudiante - banner,2016-05-25 04:35:19,2016-05-25 04:35:34,Role 1,84,1.0,-1,{}
78,Radicar Solicitud Homologacion,2016-05-25 05:07:45,2016-05-25 05:11:12,Role 1,84,1.1023185483870968,-1,{}
79,Traer informacion estudiante - banner,2016-05-25 05:28:50,2016-05-25 05:29:06,Role 1,85,1.0,-1,{}
45,Cancelar Solicitud,2016-05-25 06:02:24,2016-05-25 06:02:24,Role 2,76,1.2653729838709677,-1,{}
79,Radicar Solicitud Homologacion,2016-05-25 06:00:15,2016-05-25 06:03:54,Role 1,85,1.1023185483870968,-1,{}
77,Cancelar Solicitud,2016-05-25 06:04:25,2016-05-25 06:04:36,Role 2,83,1.2653729838709677,-1,{}
57,Homologacion por grupo de cursos,2016-05-25 06:13:15,2016-05-25 06:13:46,Role 3,83,1.5632560483870968,-1,{}
61,Validar solicitud,2016-05-25 05:39:25,2016-05-25 06:14:17,Role 2,75,1.2416834677419355,-1,{}
46,Cancelar Solicitud,2016-05-25 06:44:58,2016-05-25 06:44:58,Role 2,77,1.2653729838709677,-1,{}
78,Cancelar Solicitud,2016-05-25 07:51:47,2016-05-25 07:51:56,Role 2,84,1.2653729838709677,-1,{}
79,Cancelar Solicitud,2016-05-25 08:37:18,2016-05-25 08:37:24,Role 2,85,1.2653729838709677,-1,{}
80,Traer informacion estudiante - banner,2016-05-25 08:47:00,2016-05-25 08:47:16,Role 1,85,1.0,-1,{}
80,Radicar Solicitud Homologacion,2016-05-25 09:18:25,2016-05-25 09:21:34,Role 1,85,1.1023185483870968,-1,{}
5,Notificacion estudiante cancelacion soli,2016-05-25 09:59:59,2016-05-25 09:59:59,Role 2,68,1.0,-1,{}
39,Cancelar Solicitud,2016-05-25 10:05:08,2016-05-25 10:07:07,Role 2,72,1.2653729838709677,-1,{}
81,Traer informacion estudiante - banner,2016-05-25 11:54:25,2016-05-25 11:54:41,Role 1,85,1.0,-1,{}
80,Cancelar Solicitud,2016-05-25 12:01:51,2016-05-25 12:01:52,Role 2,85,1.2653729838709677,-1,{}
81,Radicar Solicitud Homologacion,2016-05-25 12:25:50,2016-05-25 12:28:56,Role 1,85,1.1023185483870968,-1,{}
65,Validar solicitud,2016-05-25 12:13:54,2016-05-25 12:44:25,Role 2,77,1.2416834677419355,-1,{}
40,Cancelar Solicitud,2016-05-25 13:09:41,2016-05-25 13:11:16,Role 2,73,1.2653729838709677,-1,{}
81,Validar solicitud,2016-05-25 13:10:01,2016-05-25 13:23:13,Role 2,85,1.2416834677419355,-1,{}
81,Recepcion de documentos,2016-05-25 13:23:17,2016-05-25 13:23:17,Role 2,85,1.0148689516129032,-1,{}
81,Homologacion por grupo de cursos,2016-05-25 13:23:21,2016-05-25 13:23:21,Role 3,85,1.5632560483870968,-1,{}
81,Revisar curso,2016-05-25 13:23:25,2016-05-25 13:23:25,Role 2,85,1.047883064516129,-1,{}
81,Cancelar curso,2016-05-25 13:23:29,2016-05-25 13:23:29,Role 1,85,1.001008064516129,-1,{}
41,Cancelar Solicitud,2016-05-25 14:36:27,2016-05-25 14:37:52,Role 2,74,1.2653729838709677,-1,{}
82,Traer informacion estudiante - banner,2016-05-25 14:45:59,2016-05-25 14:46:16,Role 1,85,1.0,-1,{}
82,Radicar Solicitud Homologacion,2016-05-25 15:17:25,2016-05-25 15:20:10,Role 1,85,1.1023185483870968,-1,{}
83,Traer informacion estudiante - banner,2016-05-25 15:51:13,2016-05-25 15:51:31,Role 1,86,1.0,-1,{}
42,Cancelar Solicitud,2016-05-25 15:54:39,2016-05-25 15:55:59,Role 2,74,1.2653729838709677,-1,{}
84,Traer informacion estudiante - banner,2016-05-25 16:02:37,2016-05-25 16:02:55,Role 1,87,1.0,-1,{}
82,Validar solicitud,2016-05-25 16:03:32,2016-05-25 16:15:43,Role 2,85,1.2416834677419355,-1,{}
82,Homologacion por grupo de cursos,2016-05-25 16:15:47,2016-05-25 16:15:47,Role 3,87,1.5632560483870968,-1,{}
82,Revisar curso,2016-05-25 16:15:51,2016-05-25 16:15:56,Role 2,87,1.047883064516129,-1,{}
82,Cancelar curso,2016-05-25 16:16:00,2016-05-25 16:16:00,Role 1,87,1.001008064516129,-1,{}
83,Radicar Solicitud Homologacion,2016-05-25 16:21:38,2016-05-25 16:24:22,Role 1,86,1.1023185483870968,-1,{}
84,Radicar Solicitud Homologacion,2016-05-25 16:32:02,2016-05-25 16:34:48,Role 1,87,1.1023185483870968,-1,{}
83,Validar solicitud,2016-05-25 17:06:14,2016-05-25 17:18:11,Role 2,86,1.2416834677419355,-1,{}
83,Homologacion por grupo de cursos,2016-05-25 17:18:15,2016-05-25 17:18:15,Role 3,86,1.5632560483870968,-1,{}
84,Validar solicitud,2016-05-25 17:15:48,2016-05-25 17:27:13,Role 2,86,2.2416834677419355,-1,{}
84,Recepcion de documentos,2016-05-25 17:27:17,2016-05-25 17:27:17,Role 2,85,1.0148689516129032,-1,{}
84,Homologacion por grupo de cursos,2016-05-25 17:27:21,2016-05-25 17:27:21,Role 3,85,1.5632560483870968,-1,{}
84,Revisar curso,2016-05-25 17:27:25,2016-05-25 17:27:25,Role 2,85,1.047883064516129,-1,{}
84,Cancelar curso,2016-05-25 17:27:29,2016-05-25 17:27:29,Role 1,85,1.001008064516129,-1,{}
43,Cancelar Solicitud,2016-05-25 17:26:55,2016-05-25 17:28:15,Role 2,74,1.2653729838709677,-1,{}
85,Traer informacion estudiante - banner,2016-05-25 17:32:34,2016-05-25 17:32:52,Role 1,85,1.0,-1,{}
85,Radicar Solicitud Homologacion,2016-05-25 18:04:01,2016-05-25 18:06:38,Role 1,85,1.1023185483870968,-1,{}
86,Traer informacion estudiante - banner,2016-05-25 18:34:36,2016-05-25 18:34:55,Role 1,86,1.0,-1,{}
85,Validar solicitud,2016-05-25 18:50:00,2016-05-25 19:01:33,Role 2,85,1.2416834677419355,-1,{}
85,Homologacion por grupo de cursos,2016-05-25 19:01:37,2016-05-25 19:01:37,Role 3,86,1.5632560483870968,-1,{}
86,Radicar Solicitud Homologacion,2016-05-25 19:05:02,2016-05-25 19:07:47,Role 1,86,1.1023185483870968,-1,{}
68,Validar solicitud,2016-05-25 18:54:51,2016-05-25 19:20:19,Role 2,78,2.2416834677419355,-1,{}
87,Traer informacion estudiante - banner,2016-05-25 20:19:46,2016-05-25 20:20:05,Role 1,86,1.0,-1,{}
87,Radicar Solicitud Homologacion,2016-05-25 20:50:12,2016-05-25 20:52:44,Role 1,86,1.1023185483870968,-1,{}
88,Traer informacion estudiante - banner,2016-05-25 21:09:24,2016-05-25 21:09:44,Role 1,87,1.0,-1,{}
88,Radicar Solicitud Homologacion,2016-05-25 21:38:51,2016-05-25 21:41:42,Role 1,87,1.1023185483870968,-1,{}
86,Cancelar Solicitud,2016-05-25 21:41:51,2016-05-25 21:41:51,Role 2,85,1.2653729838709677,-1,{}
87,Validar solicitud,2016-05-25 21:34:36,2016-05-25 21:45:15,Role 2,86,2.2416834677419355,-1,{}
87,Recepcion de documentos,2016-05-25 21:45:19,2016-05-25 21:45:19,Role 2,87,1.0148689516129032,-1,{}
87,Homologacion por grupo de cursos,2016-05-25 21:45:23,2016-05-25 21:45:23,Role 3,87,1.5632560483870968,-1,{}
87,Revisar curso,2016-05-25 21:45:27,2016-05-25 21:45:27,Role 2,87,1.047883064516129,-1,{}
87,Cancelar curso,2016-05-25 21:45:31,2016-05-25 21:45:31,Role 1,87,1.001008064516129,-1,{}
70,Validar solicitud,2016-05-25 21:26:18,2016-05-25 21:51:42,Role 2,79,1.2416834677419355,-1,{}
89,Traer informacion estudiante - banner,2016-05-25 22:05:50,2016-05-25 22:06:10,Role 1,87,1.0,-1,{}
60,Recepcion de documentos,2016-05-25 22:22:19,2016-05-25 22:22:46,Role 2,83,1.0148689516129032,-1,{}
89,Radicar Solicitud Homologacion,2016-05-25 22:35:17,2016-05-25 22:37:48,Role 1,87,1.1023185483870968,-1,{}
90,Traer informacion estudiante - banner,2016-05-25 23:30:45,2016-05-25 23:31:06,Role 1,88,1.0,-1,{}
90,Radicar Solicitud Homologacion,2016-05-25 23:59:14,2016-05-26 00:01:45,Role 1,88,1.1023185483870968,-1,{}
88,Cancelar Solicitud,2016-05-26 00:07:50,2016-05-26 00:07:55,Role 2,87,1.2653729838709677,-1,{}
61,Recepcion de documentos,2016-05-26 00:20:42,2016-05-26 00:21:57,Role 2,84,1.0148689516129032,-1,{}
90,Validar solicitud,2016-05-26 00:50:19,2016-05-26 01:06:11,Role 2,88,2.2416834677419355,-1,{}
72,Validar solicitud,2016-05-26 00:41:40,2016-05-26 01:10:56,Role 2,83,1.2416834677419355,-1,{}
89,Cancelar Solicitud,2016-05-26 01:17:38,2016-05-26 01:17:44,Role 2,87,1.2653729838709677,-1,{}
91,Traer informacion estudiante - banner,2016-05-26 01:51:49,2016-05-26 01:52:42,Role 1,89,1.0,-1,{}
90,Recepcion de documentos,2016-05-26 02:07:55,2016-05-26 02:08:02,Role 2,88,1.0148689516129032,-1,{}
92,Traer informacion estudiante - banner,2016-05-26 02:38:45,2016-05-26 02:39:37,Role 1,90,1.0,-1,{}
93,Traer informacion estudiante - banner,2016-05-26 03:13:49,2016-05-26 03:14:41,Role 1,91,1.0,-1,{}
90,Homologacion por grupo de cursos,2016-05-26 03:14:04,2016-05-26 03:14:47,Role 3,89,1.5632560483870968,-1,{}
74,Validar solicitud,2016-05-26 03:14:56,2016-05-26 03:48:34,Role 2,83,1.2416834677419355,-1,{}
77,Notificacion estudiante cancelacion soli,2016-05-26 03:52:17,2016-05-26 03:52:17,Role 2,85,1.0,-1,{}
94,Traer informacion estudiante - banner,2016-05-26 05:32:11,2016-05-26 05:32:58,Role 1,90,1.0,-1,{}
91,Radicar Solicitud Homologacion,2016-05-26 05:46:33,2016-05-26 05:56:42,Role 1,89,1.1023185483870968,-1,{}
92,Radicar Solicitud Homologacion,2016-05-26 06:24:49,2016-05-26 06:34:49,Role 1,90,1.1023185483870968,-1,{}
95,Traer informacion estudiante - banner,2016-05-26 06:37:58,2016-05-26 06:38:44,Role 1,91,1.0,-1,{}
60,Homologacion por grupo de cursos,2016-05-26 07:05:26,2016-05-26 07:06:41,Role 3,87,1.5632560483870968,-1,{}
93,Radicar Solicitud Homologacion,2016-05-26 06:59:04,2016-05-26 07:09:00,Role 1,91,1.1023185483870968,-1,{}
65,Recepcion de documentos,2016-05-26 07:20:22,2016-05-26 07:20:53,Role 2,85,1.0148689516129032,-1,{}
78,Notificacion estudiante cancelacion soli,2016-05-26 08:18:23,2016-05-26 08:18:23,Role 2,84,1.0,-1,{}
79,Notificacion estudiante cancelacion soli,2016-05-26 08:31:36,2016-05-26 08:31:36,Role 2,84,1.0,-1,{}
96,Traer informacion estudiante - banner,2016-05-26 09:19:04,2016-05-26 09:19:46,Role 1,90,1.0,-1,{}
94,Radicar Solicitud Homologacion,2016-05-26 09:18:10,2016-05-26 09:27:12,Role 1,90,1.1023185483870968,-1,{}
95,Radicar Solicitud Homologacion,2016-05-26 10:15:26,2016-05-26 10:24:18,Role 1,91,1.1023185483870968,-1,{}
91,Validar solicitud,2016-05-26 11:15:44,2016-05-26 11:47:59,Role 2,90,1.2416834677419355,-1,{}
97,Traer informacion estudiante - banner,2016-05-26 12:32:21,2016-05-26 12:33:00,Role 1,91,1.0,-1,{}
80,Notificacion estudiante cancelacion soli,2016-05-26 12:36:15,2016-05-26 12:36:15,Role 2,85,1.0,-1,{}
93,Validar solicitud,2016-05-26 12:43:43,2016-05-26 13:14:45,Role 2,91,1.2416834677419355,-1,{}
96,Radicar Solicitud Homologacion,2016-05-26 13:07:23,2016-05-26 13:15:46,Role 1,90,1.1023185483870968,-1,{}
60,Revisar curso,2016-05-26 13:27:32,2016-05-26 13:28:31,Role 2,91,1.047883064516129,-1,{}
68,Homologacion por grupo de cursos,2016-05-26 13:39:58,2016-05-26 13:39:58,Role 3,85,1.5632560483870968,-1,{}
98,Traer informacion estudiante - banner,2016-05-26 13:46:28,2016-05-26 13:47:06,Role 1,91,1.0,-1,{}
92,Cancelar Solicitud,2016-05-26 14:44:18,2016-05-26 14:45:15,Role 2,90,1.2653729838709677,-1,{}
94,Validar solicitud,2016-05-26 14:36:03,2016-05-26 15:05:22,Role 2,90,1.2416834677419355,-1,{}
61,Homologacion por grupo de cursos,2016-05-26 15:05:21,2016-05-26 15:07:15,Role 3,88,1.5632560483870968,-1,{}
99,Traer informacion estudiante - banner,2016-05-26 15:18:09,2016-05-26 15:18:46,Role 1,91,1.0,-1,{}
95,Validar solicitud,2016-05-26 15:23:11,2016-05-26 15:51:52,Role 2,90,1.2416834677419355,-1,{}
97,Radicar Solicitud Homologacion,2016-05-26 16:09:42,2016-05-26 16:17:05,Role 1,91,1.1023185483870968,-1,{}
70,Recepcion de documentos,2016-05-26 16:41:14,2016-05-26 16:41:20,Role 2,86,1.0148689516129032,-1,{}
98,Radicar Solicitud Homologacion,2016-05-26 17:23:48,2016-05-26 17:30:55,Role 1,91,1.1023185483870968,-1,{}
100,Traer informacion estudiante - banner,2016-05-26 17:30:52,2016-05-26 17:31:28,Role 1,92,1.0,-1,{}
91,Homologacion por grupo de cursos,2016-05-26 17:59:18,2016-05-26 17:59:18,Role 3,90,1.5632560483870968,-1,{}
60,Homologacion por grupo de cursos,2016-05-26 18:05:20,2016-05-26 18:05:44,Role 3,90,1.5632560483870968,-1,{}
96,Validar solicitud,2016-05-26 18:30:45,2016-05-26 18:56:51,Role 2,90,1.2416834677419355,-1,{}
99,Radicar Solicitud Homologacion,2016-05-26 18:55:28,2016-05-26 19:02:37,Role 1,91,1.1023185483870968,-1,{}
86,Notificacion estudiante cancelacion soli,2016-05-26 19:50:20,2016-05-26 19:50:20,Role 2,87,1.0,-1,{}
101,Traer informacion estudiante - banner,2016-05-26 19:58:01,2016-05-26 19:58:35,Role 1,91,1.0,-1,{}
93,Homologacion por grupo de cursos,2016-05-26 20:08:15,2016-05-26 20:08:15,Role 3,90,1.5632560483870968,-1,{}
100,Radicar Solicitud Homologacion,2016-05-26 21:01:27,2016-05-26 21:07:55,Role 1,92,1.1023185483870968,-1,{}
95,Recepcion de documentos,2016-05-26 21:31:22,2016-05-26 21:31:22,Role 2,91,2.014868951612903,-1,{}
94,Recepcion de documentos,2016-05-26 21:30:59,2016-05-26 21:31:30,Role 2,91,1.0148689516129032,-1,{}
60,Revisar curso,2016-05-26 21:34:43,2016-05-26 21:35:21,Role 2,91,1.047883064516129,-1,{}
102,Traer informacion estudiante - banner,2016-05-26 21:40:28,2016-05-26 21:41:02,Role 1,92,1.0,-1,{}
65,Homologacion por grupo de cursos,2016-05-26 22:18:52,2016-05-26 22:19:51,Role 3,91,1.5632560483870968,-1,{}
101,Radicar Solicitud Homologacion,2016-05-26 23:35:17,2016-05-26 23:41:19,Role 1,91,1.1023185483870968,-1,{}
97,Cancelar Solicitud,2016-05-27 00:09:58,2016-05-27 00:11:09,Role 2,91,1.2653729838709677,-1,{}
60,Evaluacion curso,2016-05-27 00:22:50,2016-05-27 00:23:21,Role 4,91,1.0778729838709677,-1,{}
96,Homologacion por grupo de cursos,2016-05-27 01:04:47,2016-05-27 01:04:59,Role 3,91,1.5632560483870968,-1,{}
102,Radicar Solicitud Homologacion,2016-05-27 01:09:25,2016-05-27 01:18:34,Role 1,92,1.1023185483870968,-1,{}
98,Cancelar Solicitud,2016-05-27 01:19:04,2016-05-27 01:20:04,Role 2,92,1.2653729838709677,-1,{}
93,Revisar curso,2016-05-27 01:20:37,2016-05-27 01:23:33,Role 2,91,1.047883064516129,-1,{}
95,Homologacion por grupo de cursos,2016-05-27 01:23:14,2016-05-27 01:24:09,Role 3,91,1.5632560483870968,-1,{}
60,Validar solicitud / pre-homologacion,2016-05-27 01:37:01,2016-05-27 01:37:38,Role 2,92,1.0128528225806452,-1,{}
94,Homologacion por grupo de cursos,2016-05-27 02:29:48,2016-05-27 02:31:26,Role 3,91,1.5632560483870968,-1,{}
93,Cancelar curso,2016-05-27 02:47:57,2016-05-27 02:49:11,Role 1,91,1.001008064516129,-1,{}
103,Traer informacion estudiante - banner,2016-05-27 02:51:07,2016-05-27 02:52:22,Role 1,88,1.0,-1,{}
99,Cancelar Solicitud,2016-05-27 02:55:30,2016-05-27 02:56:17,Role 2,91,1.2653729838709677,-1,{}
102,Validar solicitud,2016-05-27 02:52:18,2016-05-27 03:12:48,Role 2,91,1.2416834677419355,-1,{}
102,Homologacion por grupo de cursos,2016-05-27 03:12:52,2016-05-27 03:13:45,Role 3,88,1.5632560483870968,-1,{}
102,Revisar curso,2016-05-27 03:13:49,2016-05-27 03:16:20,Role 2,88,1.047883064516129,-1,{}
102,Evaluacion curso,2016-05-27 03:16:24,2016-05-27 03:17:20,Role 4,88,1.0778729838709677,-1,{}
102,Validacion final,2016-05-27 03:17:24,2016-05-27 03:18:20,Role 2,88,1.0100806451612903,-1,{}
102,Visto Bueno Cierre Proceso,2016-05-27 03:18:24,2016-05-27 03:19:10,Role 3,88,1.0327620967741935,-1,{}
104,Traer informacion estudiante - banner,2016-05-27 03:32:31,2016-05-27 03:33:45,Role 1,88,1.0,-1,{}
103,Radicar Solicitud Homologacion,2016-05-27 03:30:33,2016-05-27 03:41:53,Role 1,88,1.1023185483870968,-1,{}
68,Revisar curso,2016-05-27 04:08:59,2016-05-27 04:10:26,Role 2,90,1.047883064516129,-1,{}
38,Homologacion por grupo de cursos,2016-05-27 04:24:21,2016-05-27 04:25:25,Role 3,74,1.5632560483870968,-1,{}
104,Radicar Solicitud Homologacion,2016-05-27 04:15:55,2016-05-27 04:27:03,Role 1,88,1.1023185483870968,-1,{}
101,Validar solicitud,2016-05-27 04:30:18,2016-05-27 04:47:37,Role 2,92,1.2416834677419355,-1,{}
62,Cancelar Solicitud,2016-05-27 04:51:39,2016-05-27 04:54:09,Role 2,76,1.2653729838709677,-1,{}
100,Cancelar Solicitud,2016-05-27 04:56:42,2016-05-27 04:57:14,Role 2,91,1.2653729838709677,-1,{}
88,Notificacion estudiante cancelacion soli,2016-05-27 05:56:22,2016-05-27 05:56:22,Role 2,88,1.0,-1,{}
30,Notificacion estudiante cancelacion soli,2016-05-27 06:31:05,2016-05-27 06:31:09,Role 2,75,1.0,-1,{}
101,Homologacion por grupo de cursos,2016-05-27 06:39:37,2016-05-27 06:39:54,Role 3,88,1.5632560483870968,-1,{}
105,Traer informacion estudiante - banner,2016-05-27 06:46:36,2016-05-27 06:47:43,Role 1,86,1.0,-1,{}
106,Traer informacion estudiante - banner,2016-05-27 06:57:43,2016-05-27 06:58:50,Role 1,87,1.0,-1,{}
63,Cancelar Solicitud,2016-05-27 06:57:44,2016-05-27 06:59:54,Role 2,76,1.2653729838709677,-1,{}
105,Radicar Solicitud Homologacion,2016-05-27 07:33:05,2016-05-27 07:43:06,Role 1,86,1.1023185483870968,-1,{}
106,Radicar Solicitud Homologacion,2016-05-27 07:39:04,2016-05-27 07:47:59,Role 1,87,2.102318548387097,-1,{}
70,Homologacion por grupo de cursos,2016-05-27 07:48:26,2016-05-27 07:49:19,Role 3,91,1.5632560483870968,-1,{}
72,Homologacion por grupo de cursos,2016-05-27 08:13:33,2016-05-27 08:13:33,Role 3,88,1.5632560483870968,-1,{}
65,Revisar curso,2016-05-27 08:17:22,2016-05-27 08:18:33,Role 2,92,1.047883064516129,-1,{}
29,Notificacion estudiante cancelacion soli,2016-05-27 08:44:57,2016-05-27 08:45:00,Role 2,76,1.0,-1,{}
89,Notificacion estudiante cancelacion soli,2016-05-27 08:48:31,2016-05-27 08:48:31,Role 2,88,1.0,-1,{}
103,Validar solicitud,2016-05-27 08:39:12,2016-05-27 08:56:46,Role 2,88,1.2416834677419355,-1,{}
107,Traer informacion estudiante - banner,2016-05-27 09:04:52,2016-05-27 09:05:55,Role 1,85,1.0,-1,{}
64,Cancelar Solicitud,2016-05-27 09:22:13,2016-05-27 09:23:58,Role 2,77,1.2653729838709677,-1,{}
31,Notificacion estudiante cancelacion soli,2016-05-27 09:29:32,2016-05-27 09:29:32,Role 2,74,1.0,-1,{}
107,Radicar Solicitud Homologacion,2016-05-27 09:53:28,2016-05-27 10:02:39,Role 1,85,1.1023185483870968,-1,{}
74,Recepcion de documentos,2016-05-27 11:59:02,2016-05-27 11:59:24,Role 2,90,1.0148689516129032,-1,{}
65,Evaluacion curso,2016-05-27 12:20:14,2016-05-27 12:20:51,Role 4,86,1.0778729838709677,-1,{}
103,Homologacion por grupo de cursos,2016-05-27 12:33:10,2016-05-27 12:33:58,Role 3,84,1.5632560483870968,-1,{}
66,Cancelar Solicitud,2016-05-27 13:07:40,2016-05-27 13:08:56,Role 2,77,1.2653729838709677,-1,{}
105,Validar solicitud,2016-05-27 13:01:35,2016-05-27 13:16:12,Role 2,87,1.2416834677419355,-1,{}
67,Cancelar Solicitud,2016-05-27 13:15:16,2016-05-27 13:16:19,Role 2,77,1.2653729838709677,-1,{}
108,Traer informacion estudiante - banner,2016-05-27 13:52:42,2016-05-27 13:53:38,Role 1,84,1.0,-1,{}
109,Traer informacion estudiante - banner,2016-05-27 14:02:11,2016-05-27 14:03:07,Role 1,85,1.0,-1,{}
65,Validacion final,2016-05-27 14:31:21,2016-05-27 14:31:57,Role 2,84,1.0100806451612903,-1,{}
108,Radicar Solicitud Homologacion,2016-05-27 14:43:25,2016-05-27 14:51:24,Role 1,84,1.1023185483870968,-1,{}
109,Radicar Solicitud Homologacion,2016-05-27 14:50:40,2016-05-27 14:57:42,Role 1,85,2.102318548387097,-1,{}
68,Cancelar curso,2016-05-27 15:21:41,2016-05-27 15:22:15,Role 1,88,1.001008064516129,-1,{}
110,Traer informacion estudiante - banner,2016-05-27 15:32:03,2016-05-27 15:33:00,Role 1,85,1.0,-1,{}
70,Revisar curso,2016-05-27 15:33:57,2016-05-27 15:34:53,Role 2,87,1.047883064516129,-1,{}
65,Visto Bueno Cierre Proceso,2016-05-27 15:36:54,2016-05-27 15:37:26,Role 3,85,1.0327620967741935,-1,{}
107,Validar solicitud,2016-05-27 15:26:04,2016-05-27 15:39:04,Role 2,84,1.2416834677419355,-1,{}
110,Radicar Solicitud Homologacion,2016-05-27 16:13:29,2016-05-27 16:21:00,Role 1,85,1.1023185483870968,-1,{}
35,Notificacion estudiante cancelacion soli,2016-05-27 16:42:24,2016-05-27 16:42:24,Role 2,72,1.0,-1,{}
105,Homologacion por grupo de cursos,2016-05-27 16:54:11,2016-05-27 16:54:36,Role 3,83,1.5632560483870968,-1,{}
105,Revisar curso,2016-05-27 16:54:40,2016-05-27 16:55:53,Role 2,83,1.047883064516129,-1,{}
105,Homologacion por grupo de cursos,2016-05-27 16:55:57,2016-05-27 16:56:32,Role 3,83,1.5632560483870968,-1,{}
14,Notificacion estudiante cancelacion soli,2016-05-27 17:13:18,2016-05-27 17:13:18,Role 2,68,1.0,-1,{}
111,Traer informacion estudiante - banner,2016-05-27 17:50:32,2016-05-27 17:51:23,Role 1,82,1.0,-1,{}
69,Cancelar Solicitud,2016-05-27 18:25:51,2016-05-27 18:26:33,Role 2,79,1.2653729838709677,-1,{}
112,Traer informacion estudiante - banner,2016-05-27 18:45:56,2016-05-27 18:46:47,Role 1,83,1.0,-1,{}
111,Radicar Solicitud Homologacion,2016-05-27 18:45:47,2016-05-27 18:52:41,Role 1,82,1.1023185483870968,-1,{}
70,Homologacion por grupo de cursos,2016-05-27 19:11:30,2016-05-27 19:11:54,Role 3,85,1.5632560483870968,-1,{}
112,Radicar Solicitud Homologacion,2016-05-27 19:39:57,2016-05-27 19:46:43,Role 1,83,1.1023185483870968,-1,{}
107,Homologacion por grupo de cursos,2016-05-27 19:48:02,2016-05-27 19:48:17,Role 3,84,1.5632560483870968,-1,{}
108,Validar solicitud,2016-05-27 20:14:43,2016-05-27 20:25:07,Role 2,85,1.2416834677419355,-1,{}
113,Traer informacion estudiante - banner,2016-05-27 21:15:38,2016-05-27 21:16:28,Role 1,82,1.0,-1,{}
110,Validar solicitud,2016-05-27 21:14:00,2016-05-27 21:23:44,Role 2,84,1.2416834677419355,-1,{}
18,Notificacion estudiante cancelacion soli,2016-05-27 21:35:19,2016-05-27 21:35:19,Role 2,70,1.0,-1,{}
113,Radicar Solicitud Homologacion,2016-05-27 22:03:26,2016-05-27 22:09:32,Role 1,82,1.1023185483870968,-1,{}
71,Cancelar Solicitud,2016-05-27 23:02:52,2016-05-27 23:03:17,Role 2,82,1.2653729838709677,-1,{}
111,Validar solicitud,2016-05-28 00:19:23,2016-05-28 00:30:42,Role 2,83,1.2416834677419355,-1,{}
114,Traer informacion estudiante - banner,2016-05-28 00:46:25,2016-05-28 00:46:52,Role 1,82,1.0,-1,{}
108,Homologacion por grupo de cursos,2016-05-28 00:48:14,2016-05-28 00:48:14,Role 3,81,1.5632560483870968,-1,{}
73,Cancelar Solicitud,2016-05-28 00:56:33,2016-05-28 00:56:33,Role 2,83,1.2653729838709677,-1,{}
110,Recepcion de documentos,2016-05-28 01:48:40,2016-05-28 01:48:55,Role 2,82,1.0148689516129032,-1,{}
115,Traer informacion estudiante - banner,2016-05-28 03:33:22,2016-05-28 03:33:48,Role 1,83,1.0,-1,{}
19,Notificacion estudiante cancelacion soli,2016-05-28 03:55:08,2016-05-28 03:55:08,Role 2,71,1.0,-1,{}
114,Radicar Solicitud Homologacion,2016-05-28 04:48:02,2016-05-28 04:52:38,Role 1,82,1.1023185483870968,-1,{}
104,Cancelar Solicitud,2016-05-28 04:53:52,2016-05-28 04:54:32,Role 2,88,1.2653729838709677,-1,{}
20,Notificacion estudiante cancelacion soli,2016-05-28 05:38:07,2016-05-28 05:38:07,Role 2,72,1.0,-1,{}
106,Cancelar Solicitud,2016-05-28 06:59:36,2016-05-28 06:59:44,Role 2,87,1.2653729838709677,-1,{}
22,Notificacion estudiante cancelacion soli,2016-05-28 07:22:00,2016-05-28 07:22:00,Role 2,71,1.0,-1,{}
115,Radicar Solicitud Homologacion,2016-05-28 07:26:33,2016-05-28 07:30:43,Role 1,83,1.1023185483870968,-1,{}
74,Homologacion por grupo de cursos,2016-05-28 07:41:02,2016-05-28 07:41:49,Role 3,84,1.5632560483870968,-1,{}
116,Traer informacion estudiante - banner,2016-05-28 07:49:08,2016-05-28 07:49:32,Role 1,80,1.0,-1,{}
92,Notificacion estudiante cancelacion soli,2016-05-28 08:01:00,2016-05-28 08:01:00,Role 2,91,1.0,-1,{}
23,Notificacion estudiante cancelacion soli,2016-05-28 08:35:02,2016-05-28 08:35:02,Role 2,71,1.0,-1,{}
26,Notificacion estudiante cancelacion soli,2016-05-28 11:08:00,2016-05-28 11:08:00,Role 2,71,1.0,-1,{}
116,Radicar Solicitud Homologacion,2016-05-28 12:08:00,2016-05-28 12:11:20,Role 1,80,1.1023185483870968,-1,{}
109,Cancelar Solicitud,2016-05-28 14:49:04,2016-05-28 14:49:04,Role 2,85,1.2653729838709677,-1,{}
117,Traer informacion estudiante - banner,2016-05-28 14:54:41,2016-05-28 14:55:03,Role 1,78,1.0,-1,{}
97,Notificacion estudiante cancelacion soli,2016-05-28 15:22:06,2016-05-28 15:22:06,Role 2,92,1.0,-1,{}
118,Traer informacion estudiante - banner,2016-05-28 15:36:10,2016-05-28 15:36:32,Role 1,78,1.0,-1,{}
119,Traer informacion estudiante - banner,2016-05-28 16:04:30,2016-05-28 16:04:52,Role 1,79,1.0,-1,{}
98,Notificacion estudiante cancelacion soli,2016-05-28 16:48:58,2016-05-28 16:48:58,Role 2,91,1.0,-1,{}
120,Traer informacion estudiante - banner,2016-05-28 17:02:51,2016-05-28 17:03:13,Role 1,79,1.0,-1,{}
99,Notificacion estudiante cancelacion soli,2016-05-28 17:48:30,2016-05-28 17:48:30,Role 2,88,1.0,-1,{}
121,Traer informacion estudiante - banner,2016-05-28 18:39:17,2016-05-28 18:39:39,Role 1,79,1.0,-1,{}
122,Traer informacion estudiante - banner,2016-05-28 19:02:54,2016-05-28 19:03:16,Role 1,80,1.0,-1,{}
108,Revisar curso,2016-05-28 19:08:04,2016-05-28 19:08:11,Role 2,82,1.047883064516129,-1,{}
117,Radicar Solicitud Homologacion,2016-05-28 19:31:27,2016-05-28 19:34:03,Role 1,78,1.1023185483870968,-1,{}
112,Cancelar Solicitud,2016-05-28 19:53:38,2016-05-28 19:53:38,Role 2,82,1.2653729838709677,-1,{}
110,Homologacion por grupo de cursos,2016-05-28 20:00:30,2016-05-28 20:00:35,Role 3,82,1.5632560483870968,-1,{}
118,Radicar Solicitud Homologacion,2016-05-28 20:12:56,2016-05-28 20:15:28,Role 1,78,1.1023185483870968,-1,{}
113,Cancelar Solicitud,2016-05-28 20:21:51,2016-05-28 20:21:51,Role 2,81,1.2653729838709677,-1,{}
119,Radicar Solicitud Homologacion,2016-05-28 20:32:13,2016-05-28 20:34:45,Role 1,79,1.1023185483870968,-1,{}
123,Traer informacion estudiante - banner,2016-05-28 20:45:27,2016-05-28 20:45:49,Role 1,80,1.0,-1,{}
100,Notificacion estudiante cancelacion soli,2016-05-28 21:11:06,2016-05-28 21:11:06,Role 2,88,1.0,-1,{}
124,Traer informacion estudiante - banner,2016-05-28 21:21:22,2016-05-28 21:21:44,Role 1,80,1.0,-1,{}
120,Radicar Solicitud Homologacion,2016-05-28 21:30:34,2016-05-28 21:33:02,Role 1,79,1.1023185483870968,-1,{}
125,Traer informacion estudiante - banner,2016-05-28 22:53:06,2016-05-28 22:53:29,Role 1,81,1.0,-1,{}
121,Radicar Solicitud Homologacion,2016-05-28 23:07:00,2016-05-28 23:09:22,Role 1,79,1.1023185483870968,-1,{}
122,Radicar Solicitud Homologacion,2016-05-28 23:21:44,2016-05-28 23:24:07,Role 1,80,1.1023185483870968,-1,{}
126,Traer informacion estudiante - banner,2016-05-28 23:30:54,2016-05-28 23:31:17,Role 1,82,1.0,-1,{}
123,Radicar Solicitud Homologacion,2016-05-29 01:04:17,2016-05-29 01:09:23,Role 1,80,1.1023185483870968,-1,{}
124,Radicar Solicitud Homologacion,2016-05-29 01:40:12,2016-05-29 01:45:12,Role 1,80,1.1023185483870968,-1,{}
125,Radicar Solicitud Homologacion,2016-05-29 03:03:13,2016-05-29 03:08:03,Role 1,81,1.1023185483870968,-1,{}
127,Traer informacion estudiante - banner,2016-05-29 03:28:18,2016-05-29 03:28:44,Role 1,83,1.0,-1,{}
126,Radicar Solicitud Homologacion,2016-05-29 03:32:27,2016-05-29 03:37:17,Role 1,82,1.1023185483870968,-1,{}
128,Traer informacion estudiante - banner,2016-05-29 05:22:22,2016-05-29 05:22:47,Role 1,84,1.0,-1,{}
127,Radicar Solicitud Homologacion,2016-05-29 07:10:17,2016-05-29 07:21:49,Role 1,83,1.1023185483870968,-1,{}
128,Radicar Solicitud Homologacion,2016-05-29 09:08:05,2016-05-29 09:19:06,Role 1,84,1.1023185483870968,-1,{}
111,Homologacion por grupo de cursos,2016-05-29 09:38:43,2016-05-29 09:38:43,Role 3,81,1.5632560483870968,-1,{}
129,Traer informacion estudiante - banner,2016-05-29 13:18:29,2016-05-29 13:18:51,Role 1,84,1.0,-1,{}
58,Notificacion estudiante cancelacion soli,2016-05-29 13:23:15,2016-05-29 13:23:15,Role 2,76,1.0,-1,{}
44,Recepcion de documentos,2016-05-29 14:05:43,2016-05-29 14:05:43,Role 2,76,1.0148689516129032,-1,{}
59,Notificacion estudiante cancelacion soli,2016-05-29 15:57:37,2016-05-29 15:57:37,Role 2,76,1.0,-1,{}
123,Validar solicitud,2016-05-29 15:46:02,2016-05-29 16:10:00,Role 2,82,1.2416834677419355,-1,{}
124,Validar solicitud,2016-05-29 16:21:51,2016-05-29 16:45:24,Role 2,82,1.2416834677419355,-1,{}
129,Radicar Solicitud Homologacion,2016-05-29 17:04:09,2016-05-29 17:12:55,Role 1,84,1.1023185483870968,-1,{}
126,Validar solicitud,2016-05-29 18:06:57,2016-05-29 18:29:18,Role 2,83,1.2416834677419355,-1,{}
130,Traer informacion estudiante - banner,2016-05-29 18:56:02,2016-05-29 18:56:23,Role 1,83,1.0,-1,{}
131,Traer informacion estudiante - banner,2016-05-29 22:29:48,2016-05-29 22:30:09,Role 1,84,1.0,-1,{}
130,Radicar Solicitud Homologacion,2016-05-29 22:37:56,2016-05-29 22:45:34,Role 1,83,1.1023185483870968,-1,{}
132,Traer informacion estudiante - banner,2016-05-29 23:52:31,2016-05-29 23:52:52,Role 1,85,1.0,-1,{}
115,Validar solicitud,2016-05-29 23:44:22,2016-05-29 23:56:54,Role 2,80,1.2416834677419355,-1,{}
133,Traer informacion estudiante - banner,2016-05-30 00:31:31,2016-05-30 00:31:38,Role 1,86,1.0,-1,{}
133,Radicar Solicitud Homologacion,2016-05-30 01:20:35,2016-05-30 01:27:37,Role 1,86,1.1023185483870968,-1,{}
131,Radicar Solicitud Homologacion,2016-05-30 02:15:27,2016-05-30 02:30:42,Role 1,84,1.1023185483870968,-1,{}
133,Validar solicitud,2016-05-30 03:22:58,2016-05-30 03:52:18,Role 2,86,1.2416834677419355,-1,{}
132,Radicar Solicitud Homologacion,2016-05-30 03:48:06,2016-05-30 04:03:27,Role 1,85,1.1023185483870968,-1,{}
134,Traer informacion estudiante - banner,2016-05-30 04:45:42,2016-05-30 04:45:50,Role 1,87,1.0,-1,{}
135,Traer informacion estudiante - banner,2016-05-30 05:09:50,2016-05-30 05:09:59,Role 1,88,1.0,-1,{}
116,Validar solicitud,2016-05-30 04:59:38,2016-05-30 05:18:14,Role 2,77,1.2416834677419355,-1,{}
134,Radicar Solicitud Homologacion,2016-05-30 05:34:54,2016-05-30 05:41:30,Role 1,87,1.1023185483870968,-1,{}
135,Radicar Solicitud Homologacion,2016-05-30 05:58:36,2016-05-30 06:05:04,Role 1,88,1.1023185483870968,-1,{}
133,Homologacion por grupo de cursos,2016-05-30 06:26:34,2016-05-30 06:27:35,Role 3,86,1.5632560483870968,-1,{}
136,Traer informacion estudiante - banner,2016-05-30 07:19:08,2016-05-30 07:19:17,Role 1,89,1.0,-1,{}
136,Radicar Solicitud Homologacion,2016-05-30 08:08:35,2016-05-30 08:15:03,Role 1,89,1.1023185483870968,-1,{}
133,Revisar curso,2016-05-30 08:40:58,2016-05-30 08:48:29,Role 2,88,1.047883064516129,-1,{}
116,Recepcion de documentos,2016-05-30 09:00:14,2016-05-30 09:00:42,Role 2,88,1.0148689516129032,-1,{}
116,Homologacion por grupo de cursos,2016-05-30 09:00:46,2016-05-30 09:02:40,Role 3,89,1.5632560483870968,-1,{}
134,Cancelar Solicitud,2016-05-30 09:24:54,2016-05-30 09:26:10,Role 2,88,1.2653729838709677,-1,{}
135,Cancelar Solicitud,2016-05-30 09:45:36,2016-05-30 09:46:50,Role 2,88,1.2653729838709677,-1,{}
137,Traer informacion estudiante - banner,2016-05-30 09:52:51,2016-05-30 09:53:01,Role 1,89,1.0,-1,{}
138,Traer informacion estudiante - banner,2016-05-30 10:42:32,2016-05-30 10:42:43,Role 1,90,1.0,-1,{}
137,Radicar Solicitud Homologacion,2016-05-30 10:42:19,2016-05-30 10:48:27,Role 1,89,1.1023185483870968,-1,{}
133,Cancelar curso,2016-05-30 11:05:37,2016-05-30 11:06:36,Role 1,89,1.001008064516129,-1,{}
108,Cancelar curso,2016-05-30 11:33:56,2016-05-30 11:34:11,Role 1,80,1.001008064516129,-1,{}
138,Radicar Solicitud Homologacion,2016-05-30 11:32:46,2016-05-30 11:38:51,Role 1,90,1.1023185483870968,-1,{}
136,Cancelar Solicitud,2016-05-30 12:03:44,2016-05-30 12:04:57,Role 2,89,1.2653729838709677,-1,{}
117,Validar solicitud,2016-05-30 11:59:34,2016-05-30 12:15:02,Role 2,80,1.2416834677419355,-1,{}
139,Traer informacion estudiante - banner,2016-05-30 12:37:34,2016-05-30 12:37:45,Role 1,89,1.0,-1,{}
140,Traer informacion estudiante - banner,2016-05-30 13:07:14,2016-05-30 13:07:26,Role 1,90,1.0,-1,{}
119,Validar solicitud,2016-05-30 13:06:55,2016-05-30 13:21:49,Role 2,79,1.2416834677419355,-1,{}
139,Radicar Solicitud Homologacion,2016-05-30 13:27:03,2016-05-30 13:32:54,Role 1,89,1.1023185483870968,-1,{}
140,Radicar Solicitud Homologacion,2016-05-30 13:56:20,2016-05-30 14:02:26,Role 1,90,1.1023185483870968,-1,{}
120,Validar solicitud,2016-05-30 13:55:49,2016-05-30 14:10:30,Role 2,80,1.2416834677419355,-1,{}
141,Traer informacion estudiante - banner,2016-05-30 14:10:27,2016-05-30 14:10:40,Role 1,91,1.0,-1,{}
137,Cancelar Solicitud,2016-05-30 14:37:43,2016-05-30 14:38:38,Role 2,90,1.2653729838709677,-1,{}
123,Recepcion de documentos,2016-05-30 14:57:39,2016-05-30 15:02:21,Role 2,82,1.0148689516129032,-1,{}
141,Radicar Solicitud Homologacion,2016-05-30 14:59:52,2016-05-30 15:05:57,Role 1,91,1.1023185483870968,-1,{}
114,Cancelar Solicitud,2016-05-30 15:31:06,2016-05-30 15:31:28,Role 2,82,1.2653729838709677,-1,{}
138,Cancelar Solicitud,2016-05-30 15:32:48,2016-05-30 15:33:47,Role 2,88,1.2653729838709677,-1,{}
124,Recepcion de documentos,2016-05-30 15:33:03,2016-05-30 15:38:17,Role 2,82,1.0148689516129032,-1,{}
125,Cancelar Solicitud,2016-05-30 15:39:49,2016-05-30 15:40:46,Role 2,82,1.2653729838709677,-1,{}
122,Validar solicitud,2016-05-30 15:35:05,2016-05-30 15:49:26,Role 2,81,2.2416834677419355,-1,{}
117,Recepcion de documentos,2016-05-30 15:53:31,2016-05-30 15:53:45,Role 2,88,1.0148689516129032,-1,{}
139,Validar solicitud,2016-05-30 15:32:01,2016-05-30 15:54:15,Role 2,90,1.2416834677419355,-1,{}
117,Homologacion por grupo de cursos,2016-05-30 15:53:49,2016-05-30 15:55:02,Role 3,91,1.5632560483870968,-1,{}
140,Validar solicitud,2016-05-30 16:00:11,2016-05-30 16:21:44,Role 2,90,1.2416834677419355,-1,{}
119,Homologacion por grupo de cursos,2016-05-30 16:22:41,2016-05-30 16:22:41,Role 3,90,1.5632560483870968,-1,{}
119,Revisar curso,2016-05-30 16:22:45,2016-05-30 16:24:33,Role 2,90,1.047883064516129,-1,{}
119,Evaluacion curso,2016-05-30 16:24:37,2016-05-30 16:24:47,Role 4,90,1.0778729838709677,-1,{}
119,Validar solicitud / pre-homologacion,2016-05-30 16:24:51,2016-05-30 16:25:06,Role 2,90,1.0128528225806452,-1,{}
120,Homologacion por grupo de cursos,2016-05-30 17:05:20,2016-05-30 17:05:20,Role 3,91,1.5632560483870968,-1,{}
120,Revisar curso,2016-05-30 17:05:24,2016-05-30 17:07:03,Role 2,89,1.047883064516129,-1,{}
120,Evaluacion curso,2016-05-30 17:07:07,2016-05-30 17:07:18,Role 4,89,1.0778729838709677,-1,{}
120,Validacion final,2016-05-30 17:07:22,2016-05-30 17:07:31,Role 2,89,1.0100806451612903,-1,{}
120,Visto Bueno Cierre Proceso,2016-05-30 17:07:35,2016-05-30 17:07:49,Role 3,89,1.0327620967741935,-1,{}
142,Traer informacion estudiante - banner,2016-05-30 17:21:32,2016-05-30 17:21:45,Role 1,89,1.0,-1,{}
141,Validar solicitud,2016-05-30 17:06:16,2016-05-30 17:27:55,Role 2,91,1.2416834677419355,-1,{}
126,Recepcion de documentos,2016-05-30 17:24:12,2016-05-30 17:28:18,Role 2,82,1.0148689516129032,-1,{}
115,Recepcion de documentos,2016-05-30 17:52:40,2016-05-30 17:56:25,Role 2,85,1.0148689516129032,-1,{}
115,Homologacion por grupo de cursos,2016-05-30 17:56:29,2016-05-30 17:56:56,Role 3,89,1.5632560483870968,-1,{}
115,Revisar curso,2016-05-30 17:57:00,2016-05-30 17:58:04,Role 2,89,1.047883064516129,-1,{}
115,Cancelar curso,2016-05-30 17:58:08,2016-05-30 17:58:31,Role 1,89,1.001008064516129,-1,{}
142,Radicar Solicitud Homologacion,2016-05-30 18:10:30,2016-05-30 18:15:36,Role 1,89,1.1023185483870968,-1,{}
122,Homologacion por grupo de cursos,2016-05-30 18:17:13,2016-05-30 18:17:13,Role 3,91,1.5632560483870968,-1,{}
122,Revisar curso,2016-05-30 18:17:17,2016-05-30 18:18:39,Role 2,88,1.047883064516129,-1,{}
122,Cancelar curso,2016-05-30 18:18:43,2016-05-30 18:18:58,Role 1,88,1.001008064516129,-1,{}
143,Traer informacion estudiante - banner,2016-05-30 18:27:15,2016-05-30 18:27:28,Role 1,88,1.0,-1,{}
139,Recepcion de documentos,2016-05-30 18:50:39,2016-05-30 18:52:13,Role 2,91,1.0148689516129032,-1,{}
140,Recepcion de documentos,2016-05-30 19:01:55,2016-05-30 19:03:25,Role 2,90,1.0148689516129032,-1,{}
144,Traer informacion estudiante - banner,2016-05-30 19:03:51,2016-05-30 19:04:04,Role 1,89,1.0,-1,{}
143,Radicar Solicitud Homologacion,2016-05-30 19:16:39,2016-05-30 19:21:47,Role 1,88,1.1023185483870968,-1,{}
144,Radicar Solicitud Homologacion,2016-05-30 19:53:22,2016-05-30 19:58:30,Role 1,89,1.1023185483870968,-1,{}
145,Traer informacion estudiante - banner,2016-05-30 20:08:08,2016-05-30 20:08:22,Role 1,90,1.0,-1,{}
141,Recepcion de documentos,2016-05-30 20:10:11,2016-05-30 20:11:28,Role 2,89,1.0148689516129032,-1,{}
145,Radicar Solicitud Homologacion,2016-05-30 20:57:49,2016-05-30 21:02:57,Role 1,90,1.1023185483870968,-1,{}
140,Homologacion por grupo de cursos,2016-05-30 21:29:41,2016-05-30 21:31:41,Role 3,88,1.5632560483870968,-1,{}
139,Homologacion por grupo de cursos,2016-05-30 21:37:48,2016-05-30 21:39:51,Role 3,88,1.5632560483870968,-1,{}
142,Cancelar Solicitud,2016-05-30 21:58:25,2016-05-30 21:59:00,Role 2,88,1.2653729838709677,-1,{}
144,Validar solicitud,2016-05-30 21:57:20,2016-05-30 22:15:58,Role 2,89,1.2416834677419355,-1,{}
141,Homologacion por grupo de cursos,2016-05-30 22:39:15,2016-05-30 22:41:10,Role 3,90,1.5632560483870968,-1,{}
143,Cancelar Solicitud,2016-05-30 23:08:06,2016-05-30 23:08:34,Role 2,89,1.2653729838709677,-1,{}
146,Traer informacion estudiante - banner,2016-05-30 23:32:47,2016-05-30 23:33:02,Role 1,89,1.0,-1,{}
141,Revisar curso,2016-05-31 00:27:43,2016-05-31 00:31:34,Role 2,88,1.047883064516129,-1,{}
146,Radicar Solicitud Homologacion,2016-05-31 00:22:20,2016-05-31 00:36:45,Role 1,89,1.1023185483870968,-1,{}
147,Traer informacion estudiante - banner,2016-05-31 00:45:10,2016-05-31 00:46:37,Role 1,90,1.0,-1,{}
144,Homologacion por grupo de cursos,2016-05-31 00:55:06,2016-05-31 00:56:03,Role 3,88,1.5632560483870968,-1,{}
145,Cancelar Solicitud,2016-05-31 00:54:37,2016-05-31 00:57:02,Role 2,90,1.2653729838709677,-1,{}
148,Traer informacion estudiante - banner,2016-05-31 01:33:31,2016-05-31 01:34:57,Role 1,91,1.0,-1,{}
141,Evaluacion curso,2016-05-31 01:56:44,2016-05-31 01:58:23,Role 4,89,1.0778729838709677,-1,{}
149,Traer informacion estudiante - banner,2016-05-31 02:35:14,2016-05-31 02:36:38,Role 1,92,1.0,-1,{}
147,Radicar Solicitud Homologacion,2016-05-31 02:21:01,2016-05-31 02:45:22,Role 1,90,1.1023185483870968,-1,{}
150,Traer informacion estudiante - banner,2016-05-31 03:05:43,2016-05-31 03:07:07,Role 1,93,1.0,-1,{}
148,Radicar Solicitud Homologacion,2016-05-31 03:11:16,2016-05-31 03:35:31,Role 1,91,1.1023185483870968,-1,{}
141,Validacion final,2016-05-31 03:54:29,2016-05-31 03:55:27,Role 2,91,1.0100806451612903,-1,{}
149,Radicar Solicitud Homologacion,2016-05-31 04:16:10,2016-05-31 04:39:56,Role 1,92,1.1023185483870968,-1,{}
144,Revisar curso,2016-05-31 04:34:36,2016-05-31 04:47:51,Role 2,90,1.047883064516129,-1,{}
150,Radicar Solicitud Homologacion,2016-05-31 04:47:23,2016-05-31 05:11:57,Role 1,93,1.1023185483870968,-1,{}
141,Visto Bueno Cierre Proceso,2016-05-31 05:42:27,2016-05-31 05:43:31,Role 3,93,1.0327620967741935,-1,{}
151,Traer informacion estudiante - banner,2016-05-31 06:06:44,2016-05-31 06:08:01,Role 1,93,1.0,-1,{}
118,Cancelar Solicitud,2016-05-31 07:18:02,2016-05-31 07:18:34,Role 2,79,1.2653729838709677,-1,{}
151,Radicar Solicitud Homologacion,2016-05-31 07:48:17,2016-05-31 08:10:19,Role 1,93,1.1023185483870968,-1,{}
146,Cancelar Solicitud,2016-05-31 09:25:04,2016-05-31 09:29:07,Role 2,89,1.2653729838709677,-1,{}
121,Cancelar Solicitud,2016-05-31 09:53:58,2016-05-31 09:54:15,Role 2,81,1.2653729838709677,-1,{}
144,Evaluacion curso,2016-05-31 10:16:05,2016-05-31 10:17:18,Role 4,93,1.0778729838709677,-1,{}
131,Validar solicitud,2016-05-31 10:13:45,2016-05-31 10:43:05,Role 2,86,1.2416834677419355,-1,{}
135,Notificacion estudiante cancelacion soli,2016-05-31 10:50:49,2016-05-31 10:50:49,Role 2,88,1.0,-1,{}
134,Notificacion estudiante cancelacion soli,2016-05-31 11:02:23,2016-05-31 11:02:23,Role 2,88,1.0,-1,{}
132,Validar solicitud,2016-05-31 11:38:46,2016-05-31 12:06:01,Role 2,86,1.2416834677419355,-1,{}
123,Homologacion por grupo de cursos,2016-05-31 12:46:39,2016-05-31 12:48:20,Role 3,91,1.5632560483870968,-1,{}
124,Homologacion por grupo de cursos,2016-05-31 12:49:53,2016-05-31 12:51:07,Role 3,91,1.5632560483870968,-1,{}
136,Notificacion estudiante cancelacion soli,2016-05-31 13:42:31,2016-05-31 13:42:31,Role 2,88,1.0,-1,{}
152,Traer informacion estudiante - banner,2016-05-31 13:57:53,2016-05-31 13:58:54,Role 1,89,1.0,-1,{}
126,Homologacion por grupo de cursos,2016-05-31 15:10:32,2016-05-31 15:11:30,Role 3,89,1.5632560483870968,-1,{}
152,Radicar Solicitud Homologacion,2016-05-31 15:31:26,2016-05-31 15:48:44,Role 1,89,1.1023185483870968,-1,{}
153,Traer informacion estudiante - banner,2016-05-31 16:01:34,2016-05-31 16:02:33,Role 1,90,1.0,-1,{}
137,Notificacion estudiante cancelacion soli,2016-05-31 17:02:04,2016-05-31 17:02:04,Role 2,91,1.0,-1,{}
138,Notificacion estudiante cancelacion soli,2016-05-31 17:16:53,2016-05-31 17:16:53,Role 2,91,1.0,-1,{}
153,Radicar Solicitud Homologacion,2016-05-31 17:36:57,2016-05-31 17:53:25,Role 1,90,1.1023185483870968,-1,{}
130,Validar solicitud,2016-05-31 19:46:48,2016-05-31 20:32:18,Role 2,84,1.2416834677419355,-1,{}
144,Validacion final,2016-05-31 20:48:56,2016-05-31 20:49:38,Role 2,93,1.0100806451612903,-1,{}
154,Traer informacion estudiante - banner,2016-05-31 22:01:24,2016-05-31 22:02:18,Role 1,89,1.0,-1,{}
142,Notificacion estudiante cancelacion soli,2016-05-31 22:45:08,2016-05-31 22:45:08,Role 2,88,1.0,-1,{}
154,Radicar Solicitud Homologacion,2016-05-31 23:34:50,2016-05-31 23:48:56,Role 1,89,1.1023185483870968,-1,{}
155,Traer informacion estudiante - banner,2016-05-31 23:51:05,2016-05-31 23:51:58,Role 1,89,1.0,-1,{}
156,Traer informacion estudiante - banner,2016-05-31 23:59:43,2016-06-01 00:00:36,Role 1,90,1.0,-1,{}
143,Notificacion estudiante cancelacion soli,2016-06-01 01:05:10,2016-06-01 01:05:10,Role 2,88,1.0,-1,{}
156,Radicar Solicitud Homologacion,2016-06-01 01:07:10,2016-06-01 01:20:45,Role 1,90,1.1023185483870968,-1,{}
155,Radicar Solicitud Homologacion,2016-06-01 01:24:30,2016-06-01 01:37:54,Role 1,89,1.1023185483870968,-1,{}
157,Traer informacion estudiante - banner,2016-06-01 02:14:14,2016-06-01 02:14:32,Role 1,90,1.0,-1,{}
157,Radicar Solicitud Homologacion,2016-06-01 02:40:45,2016-06-01 02:44:54,Role 1,90,1.1023185483870968,-1,{}
38,Revisar curso,2016-06-01 03:14:41,2016-06-01 03:24:12,Role 2,88,1.047883064516129,-1,{}
144,Visto Bueno Cierre Proceso,2016-06-01 04:29:27,2016-06-01 04:30:39,Role 3,88,1.0327620967741935,-1,{}
157,Cancelar Solicitud,2016-06-01 05:24:21,2016-06-01 05:24:38,Role 2,90,1.2653729838709677,-1,{}
45,Notificacion estudiante cancelacion soli,2016-06-01 05:58:31,2016-06-01 05:58:31,Role 2,85,1.0,-1,{}
46,Notificacion estudiante cancelacion soli,2016-06-01 07:48:51,2016-06-01 07:48:51,Role 2,84,1.0,-1,{}
158,Traer informacion estudiante - banner,2016-06-01 10:21:56,2016-06-01 10:22:13,Role 1,88,1.0,-1,{}
127,Cancelar Solicitud,2016-06-01 10:20:19,2016-06-01 10:23:47,Role 2,84,1.2653729838709677,-1,{}
158,Radicar Solicitud Homologacion,2016-06-01 10:48:43,2016-06-01 10:52:01,Role 1,88,1.1023185483870968,-1,{}
149,Validar solicitud,2016-06-01 10:45:29,2016-06-01 11:20:50,Role 2,93,1.2416834677419355,-1,{}
159,Traer informacion estudiante - banner,2016-06-01 11:30:36,2016-06-01 11:30:53,Role 1,89,1.0,-1,{}
155,Validar solicitud,2016-06-01 11:44:21,2016-06-01 11:54:27,Role 2,89,1.2416834677419355,-1,{}
159,Radicar Solicitud Homologacion,2016-06-01 11:58:03,2016-06-01 12:01:14,Role 1,89,1.1023185483870968,-1,{}
156,Cancelar Solicitud,2016-06-01 12:22:52,2016-06-01 12:22:52,Role 2,89,1.2653729838709677,-1,{}
128,Cancelar Solicitud,2016-06-01 12:53:27,2016-06-01 12:56:20,Role 2,84,1.2653729838709677,-1,{}
158,Cancelar Solicitud,2016-06-01 13:13:43,2016-06-01 13:13:43,Role 2,88,1.2653729838709677,-1,{}
160,Traer informacion estudiante - banner,2016-06-01 14:39:57,2016-06-01 14:40:15,Role 1,90,1.0,-1,{}
159,Cancelar Solicitud,2016-06-01 14:40:46,2016-06-01 14:40:46,Role 2,89,1.2653729838709677,-1,{}
160,Radicar Solicitud Homologacion,2016-06-01 15:06:28,2016-06-01 15:09:41,Role 1,90,1.1023185483870968,-1,{}
151,Validar solicitud,2016-06-01 14:56:32,2016-06-01 15:28:50,Role 2,93,1.2416834677419355,-1,{}
160,Validar solicitud,2016-06-01 15:43:23,2016-06-01 15:55:29,Role 2,90,1.2416834677419355,-1,{}
160,Recepcion de documentos,2016-06-01 15:55:33,2016-06-01 15:55:33,Role 2,91,1.0148689516129032,-1,{}
160,Homologacion por grupo de cursos,2016-06-01 15:55:37,2016-06-01 15:55:37,Role 3,91,1.5632560483870968,-1,{}
161,Traer informacion estudiante - banner,2016-06-01 15:55:22,2016-06-01 15:55:41,Role 1,91,1.0,-1,{}
162,Traer informacion estudiante - banner,2016-06-01 16:06:24,2016-06-01 16:06:43,Role 1,91,1.0,-1,{}
161,Radicar Solicitud Homologacion,2016-06-01 16:20:29,2016-06-01 16:23:23,Role 1,90,1.1023185483870968,-1,{}
162,Radicar Solicitud Homologacion,2016-06-01 16:31:59,2016-06-01 16:34:59,Role 1,91,1.1023185483870968,-1,{}
126,Revisar curso,2016-06-01 16:38:41,2016-06-01 16:42:32,Role 2,89,1.047883064516129,-1,{}
163,Traer informacion estudiante - banner,2016-06-01 17:12:09,2016-06-01 17:12:28,Role 1,92,1.0,-1,{}
163,Radicar Solicitud Homologacion,2016-06-01 17:36:49,2016-06-01 17:39:48,Role 1,92,1.1023185483870968,-1,{}
164,Traer informacion estudiante - banner,2016-06-01 18:15:53,2016-06-01 18:16:13,Role 1,93,1.0,-1,{}
164,Radicar Solicitud Homologacion,2016-06-01 18:39:40,2016-06-01 18:42:39,Role 1,93,1.1023185483870968,-1,{}
161,Cancelar Solicitud,2016-06-01 18:57:25,2016-06-01 18:57:25,Role 2,91,1.2653729838709677,-1,{}
162,Cancelar Solicitud,2016-06-01 19:14:22,2016-06-01 19:14:22,Role 2,91,1.2653729838709677,-1,{}
164,Validar solicitud,2016-06-01 19:14:08,2016-06-01 19:25:48,Role 2,93,1.2416834677419355,-1,{}
164,Homologacion por grupo de cursos,2016-06-01 19:25:52,2016-06-01 19:25:52,Role 3,93,1.5632560483870968,-1,{}
163,Cancelar Solicitud,2016-06-01 20:19:09,2016-06-01 20:19:09,Role 2,92,1.2653729838709677,-1,{}
165,Traer informacion estudiante - banner,2016-06-01 20:22:59,2016-06-01 20:23:20,Role 1,93,1.0,-1,{}
155,Homologacion por grupo de cursos,2016-06-01 20:33:18,2016-06-01 20:33:18,Role 3,89,1.5632560483870968,-1,{}
129,Cancelar Solicitud,2016-06-01 20:32:34,2016-06-01 20:33:57,Role 2,82,1.2653729838709677,-1,{}
165,Radicar Solicitud Homologacion,2016-06-01 20:46:47,2016-06-01 20:49:38,Role 1,93,1.1023185483870968,-1,{}
165,Validar solicitud,2016-06-01 21:21:45,2016-06-01 21:32:24,Role 2,92,2.2416834677419355,-1,{}
165,Homologacion por grupo de cursos,2016-06-01 21:32:28,2016-06-01 21:32:28,Role 3,92,1.5632560483870968,-1,{}
152,Validar solicitud,2016-06-01 21:09:28,2016-06-01 21:36:35,Role 2,89,1.2416834677419355,-1,{}
166,Traer informacion estudiante - banner,2016-06-01 21:40:52,2016-06-01 21:41:13,Role 1,92,1.0,-1,{}
166,Radicar Solicitud Homologacion,2016-06-01 22:05:34,2016-06-01 22:08:20,Role 1,92,1.1023185483870968,-1,{}
167,Traer informacion estudiante - banner,2016-06-01 22:54:04,2016-06-01 22:54:25,Role 1,93,1.0,-1,{}
167,Radicar Solicitud Homologacion,2016-06-01 23:17:52,2016-06-01 23:20:37,Role 1,93,1.1023185483870968,-1,{}
168,Traer informacion estudiante - banner,2016-06-01 23:33:11,2016-06-01 23:33:33,Role 1,94,1.0,-1,{}
168,Radicar Solicitud Homologacion,2016-06-01 23:54:47,2016-06-01 23:57:47,Role 1,94,1.1023185483870968,-1,{}
153,Validar solicitud,2016-06-01 23:32:45,2016-06-01 23:58:26,Role 2,88,1.2416834677419355,-1,{}
167,Validar solicitud,2016-06-01 23:52:06,2016-06-02 00:02:20,Role 2,93,2.2416834677419355,-1,{}
167,Recepcion de documentos,2016-06-02 00:02:24,2016-06-02 00:02:24,Role 2,94,1.0148689516129032,-1,{}
167,Homologacion por grupo de cursos,2016-06-02 00:02:28,2016-06-02 00:02:48,Role 3,94,1.5632560483870968,-1,{}
167,Revisar curso,2016-06-02 00:02:52,2016-06-02 00:03:13,Role 2,94,1.047883064516129,-1,{}
168,Validar solicitud,2016-06-02 00:20:33,2016-06-02 00:36:23,Role 2,94,1.2416834677419355,-1,{}
168,Homologacion por grupo de cursos,2016-06-02 00:36:27,2016-06-02 00:36:27,Role 3,94,1.5632560483870968,-1,{}
167,Homologacion por grupo de cursos,2016-06-02 00:44:53,2016-06-02 00:44:53,Role 3,94,1.5632560483870968,-1,{}
166,Cancelar Solicitud,2016-06-02 00:47:41,2016-06-02 00:47:49,Role 2,92,1.2653729838709677,-1,{}
169,Traer informacion estudiante - banner,2016-06-02 00:55:35,2016-06-02 00:56:34,Role 1,94,1.0,-1,{}
167,Revisar curso,2016-06-02 01:44:21,2016-06-02 01:44:29,Role 2,93,1.047883064516129,-1,{}
170,Traer informacion estudiante - banner,2016-06-02 01:46:55,2016-06-02 01:47:52,Role 1,95,1.0,-1,{}
171,Traer informacion estudiante - banner,2016-06-02 02:01:41,2016-06-02 02:02:39,Role 1,96,1.0,-1,{}
167,Cancelar curso,2016-06-02 02:52:31,2016-06-02 02:52:36,Role 1,94,1.001008064516129,-1,{}
169,Radicar Solicitud Homologacion,2016-06-02 04:08:48,2016-06-02 04:20:11,Role 1,94,1.1023185483870968,-1,{}
172,Traer informacion estudiante - banner,2016-06-02 04:31:09,2016-06-02 04:32:02,Role 1,96,1.0,-1,{}
170,Radicar Solicitud Homologacion,2016-06-02 04:52:16,2016-06-02 05:03:30,Role 1,95,1.1023185483870968,-1,{}
171,Radicar Solicitud Homologacion,2016-06-02 04:59:23,2016-06-02 05:09:05,Role 1,96,2.102318548387097,-1,{}
173,Traer informacion estudiante - banner,2016-06-02 05:16:29,2016-06-02 05:17:21,Role 1,97,1.0,-1,{}
157,Notificacion estudiante cancelacion soli,2016-06-02 06:42:34,2016-06-02 06:42:34,Role 2,89,1.0,-1,{}
172,Radicar Solicitud Homologacion,2016-06-02 07:28:46,2016-06-02 07:39:09,Role 1,96,1.1023185483870968,-1,{}
173,Radicar Solicitud Homologacion,2016-06-02 08:06:33,2016-06-02 08:16:48,Role 1,97,1.1023185483870968,-1,{}
149,Recepcion de documentos,2016-06-02 08:33:43,2016-06-02 08:34:45,Role 2,88,1.0148689516129032,-1,{}
169,Validar solicitud,2016-06-02 08:27:06,2016-06-02 09:01:16,Role 2,95,1.2416834677419355,-1,{}
174,Traer informacion estudiante - banner,2016-06-02 09:17:50,2016-06-02 09:18:38,Role 1,97,1.0,-1,{}
170,Validar solicitud,2016-06-02 08:58:17,2016-06-02 09:30:20,Role 2,96,2.2416834677419355,-1,{}
171,Cancelar Solicitud,2016-06-02 11:46:06,2016-06-02 11:46:38,Role 2,96,1.2653729838709677,-1,{}
175,Traer informacion estudiante - banner,2016-06-02 11:48:09,2016-06-02 11:48:54,Role 1,98,1.0,-1,{}
172,Validar solicitud,2016-06-02 11:24:18,2016-06-02 11:55:30,Role 2,96,1.2416834677419355,-1,{}
174,Radicar Solicitud Homologacion,2016-06-02 11:55:22,2016-06-02 12:05:12,Role 1,97,1.1023185483870968,-1,{}
173,Validar solicitud,2016-06-02 11:53:36,2016-06-02 12:22:45,Role 2,96,2.2416834677419355,-1,{}
158,Notificacion estudiante cancelacion soli,2016-06-02 12:23:57,2016-06-02 12:23:57,Role 2,89,1.0,-1,{}
151,Homologacion por grupo de cursos,2016-06-02 12:34:38,2016-06-02 12:34:43,Role 3,90,1.5632560483870968,-1,{}
169,Homologacion por grupo de cursos,2016-06-02 13:20:08,2016-06-02 13:20:14,Role 3,96,1.5632560483870968,-1,{}
170,Recepcion de documentos,2016-06-02 13:46:11,2016-06-02 13:46:48,Role 2,97,1.0148689516129032,-1,{}
175,Radicar Solicitud Homologacion,2016-06-02 14:18:33,2016-06-02 14:26:50,Role 1,98,1.1023185483870968,-1,{}
174,Validar solicitud,2016-06-02 15:05:44,2016-06-02 15:32:22,Role 2,98,1.2416834677419355,-1,{}
176,Traer informacion estudiante - banner,2016-06-02 15:34:40,2016-06-02 15:35:19,Role 1,97,1.0,-1,{}
159,Notificacion estudiante cancelacion soli,2016-06-02 15:43:38,2016-06-02 15:43:38,Role 2,90,1.0,-1,{}
172,Homologacion por grupo de cursos,2016-06-02 15:48:00,2016-06-02 15:48:00,Role 3,98,1.5632560483870968,-1,{}
169,Revisar curso,2016-06-02 16:01:29,2016-06-02 16:04:18,Role 2,96,1.047883064516129,-1,{}
173,Homologacion por grupo de cursos,2016-06-02 16:22:10,2016-06-02 16:22:10,Role 3,98,1.5632560483870968,-1,{}
169,Evaluacion curso,2016-06-02 16:31:42,2016-06-02 16:32:06,Role 4,96,1.0778729838709677,-1,{}
170,Homologacion por grupo de cursos,2016-06-02 16:31:53,2016-06-02 16:32:55,Role 3,96,1.5632560483870968,-1,{}
177,Traer informacion estudiante - banner,2016-06-02 16:53:11,2016-06-02 16:53:49,Role 1,97,1.0,-1,{}
169,Validar solicitud / pre-homologacion,2016-06-02 16:54:01,2016-06-02 16:54:38,Role 2,96,1.0128528225806452,-1,{}
178,Traer informacion estudiante - banner,2016-06-02 17:05:59,2016-06-02 17:06:37,Role 1,97,1.0,-1,{}
126,Cancelar curso,2016-06-02 17:17:46,2016-06-02 17:18:30,Role 1,91,1.001008064516129,-1,{}
170,Revisar curso,2016-06-02 17:20:02,2016-06-02 17:20:51,Role 2,96,1.047883064516129,-1,{}
170,Homologacion por grupo de cursos,2016-06-02 17:20:55,2016-06-02 17:21:26,Role 3,96,1.5632560483870968,-1,{}
170,Revisar curso,2016-06-02 17:21:30,2016-06-02 17:22:18,Role 2,96,1.047883064516129,-1,{}
170,Cancelar curso,2016-06-02 17:22:22,2016-06-02 17:23:08,Role 1,96,1.001008064516129,-1,{}
152,Homologacion por grupo de cursos,2016-06-02 17:59:54,2016-06-02 17:59:54,Role 3,91,1.5632560483870968,-1,{}
175,Validar solicitud,2016-06-02 17:37:23,2016-06-02 18:03:31,Role 2,96,1.2416834677419355,-1,{}
172,Revisar curso,2016-06-02 18:10:34,2016-06-02 18:12:38,Role 2,96,1.047883064516129,-1,{}
179,Traer informacion estudiante - banner,2016-06-02 18:24:25,2016-06-02 18:25:01,Role 1,95,1.0,-1,{}
176,Radicar Solicitud Homologacion,2016-06-02 18:24:31,2016-06-02 18:31:58,Role 1,97,1.1023185483870968,-1,{}
173,Revisar curso,2016-06-02 18:50:50,2016-06-02 18:52:33,Role 2,96,1.047883064516129,-1,{}
174,Homologacion por grupo de cursos,2016-06-02 19:02:10,2016-06-02 19:02:10,Role 3,96,1.5632560483870968,-1,{}
172,Homologacion por grupo de cursos,2016-06-02 19:17:44,2016-06-02 19:17:57,Role 3,94,1.5632560483870968,-1,{}
173,Evaluacion curso,2016-06-02 19:18:28,2016-06-02 19:18:44,Role 4,95,1.0778729838709677,-1,{}
172,Revisar curso,2016-06-02 19:18:01,2016-06-02 19:18:47,Role 2,94,1.047883064516129,-1,{}
172,Homologacion por grupo de cursos,2016-06-02 19:18:51,2016-06-02 19:19:25,Role 3,94,1.5632560483870968,-1,{}
172,Revisar curso,2016-06-02 19:19:29,2016-06-02 19:20:08,Role 2,94,1.047883064516129,-1,{}
172,Cancelar curso,2016-06-02 19:20:12,2016-06-02 19:20:48,Role 1,94,1.001008064516129,-1,{}
162,Notificacion estudiante cancelacion soli,2016-06-02 19:33:09,2016-06-02 19:33:09,Role 2,93,1.0,-1,{}
173,Validacion final,2016-06-02 19:36:39,2016-06-02 19:37:06,Role 2,94,1.0100806451612903,-1,{}
173,Visto Bueno Cierre Proceso,2016-06-02 19:37:10,2016-06-02 19:37:44,Role 3,92,1.0327620967741935,-1,{}
161,Notificacion estudiante cancelacion soli,2016-06-02 19:40:33,2016-06-02 19:40:33,Role 2,93,1.0,-1,{}
177,Radicar Solicitud Homologacion,2016-06-02 19:43:01,2016-06-02 19:50:00,Role 1,97,1.1023185483870968,-1,{}
180,Traer informacion estudiante - banner,2016-06-02 20:01:03,2016-06-02 20:01:37,Role 1,91,1.0,-1,{}
178,Radicar Solicitud Homologacion,2016-06-02 19:55:49,2016-06-02 20:02:45,Role 1,97,1.1023185483870968,-1,{}
153,Recepcion de documentos,2016-06-02 20:19:05,2016-06-02 20:19:15,Role 2,94,1.0148689516129032,-1,{}
181,Traer informacion estudiante - banner,2016-06-02 21:05:38,2016-06-02 21:06:12,Role 1,92,1.0,-1,{}
179,Radicar Solicitud Homologacion,2016-06-02 21:30:06,2016-06-02 21:36:42,Role 1,95,1.1023185483870968,-1,{}
163,Notificacion estudiante cancelacion soli,2016-06-02 21:49:39,2016-06-02 21:49:39,Role 2,92,1.0,-1,{}
175,Homologacion por grupo de cursos,2016-06-02 21:57:20,2016-06-02 21:57:20,Role 3,94,1.5632560483870968,-1,{}
145,Notificacion estudiante cancelacion soli,2016-06-02 21:59:27,2016-06-02 21:59:27,Role 2,90,1.0,-1,{}
176,Validar solicitud,2016-06-02 22:13:07,2016-06-02 22:37:27,Role 2,95,1.2416834677419355,-1,{}
180,Radicar Solicitud Homologacion,2016-06-02 23:40:42,2016-06-02 23:46:39,Role 1,91,1.1023185483870968,-1,{}
177,Validar solicitud,2016-06-02 23:53:26,2016-06-03 00:16:57,Role 2,90,1.2416834677419355,-1,{}
181,Radicar Solicitud Homologacion,2016-06-03 00:34:35,2016-06-03 00:43:50,Role 1,92,1.1023185483870968,-1,{}
175,Revisar curso,2016-06-03 00:44:57,2016-06-03 00:46:46,Role 2,91,1.047883064516129,-1,{}
175,Evaluacion curso,2016-06-03 00:46:50,2016-06-03 00:47:31,Role 4,90,1.0778729838709677,-1,{}
175,Validar solicitud / pre-homologacion,2016-06-03 00:47:35,2016-06-03 00:48:29,Role 2,90,1.0128528225806452,-1,{}
175,Avanzar recepcion documentos,2016-06-03 00:48:33,2016-06-03 00:49:16,Role 8,90,1.002016129032258,-1,{}
175,Validacion final,2016-06-03 00:49:20,2016-06-03 00:50:05,Role 2,90,1.0100806451612903,-1,{}
175,Visto Bueno Cierre Proceso,2016-06-03 00:50:09,2016-06-03 00:50:50,Role 3,90,1.0327620967741935,-1,{}
175,Transferir Creditos,2016-06-03 00:50:54,2016-06-03 00:51:55,Role 3,90,1.0005040322580645,-1,{}
175,Transferir creditos homologables,2016-06-03 00:51:59,2016-06-03 00:52:56,Role 3,90,1.001008064516129,-1,{}
149,Homologacion por grupo de cursos,2016-06-03 00:52:56,2016-06-03 00:55:57,Role 3,96,1.5632560483870968,-1,{}
114,Notificacion estudiante cancelacion soli,2016-06-03 01:10:41,2016-06-03 01:10:54,Role 2,91,1.0,-1,{}
177,Homologacion por grupo de cursos,2016-06-03 01:39:51,2016-06-03 01:39:51,Role 3,90,1.5632560483870968,-1,{}
179,Validar solicitud,2016-06-03 01:50:48,2016-06-03 02:09:32,Role 2,92,1.2416834677419355,-1,{}
178,Cancelar Solicitud,2016-06-03 03:01:16,2016-06-03 03:01:55,Role 2,91,1.2653729838709677,-1,{}
176,Recepcion de documentos,2016-06-03 03:15:04,2016-06-03 03:15:48,Role 2,90,1.0148689516129032,-1,{}
176,Homologacion por grupo de cursos,2016-06-03 03:46:17,2016-06-03 03:47:50,Role 3,87,1.5632560483870968,-1,{}
176,Revisar curso,2016-06-03 03:47:54,2016-06-03 03:49:06,Role 2,87,1.047883064516129,-1,{}
176,Evaluacion curso,2016-06-03 03:49:10,2016-06-03 03:49:54,Role 4,87,1.0778729838709677,-1,{}
176,Validar solicitud / pre-homologacion,2016-06-03 03:49:58,2016-06-03 03:50:48,Role 2,87,1.0128528225806452,-1,{}
179,Recepcion de documentos,2016-06-03 03:51:52,2016-06-03 03:53:27,Role 2,87,1.0148689516129032,-1,{}
179,Homologacion por grupo de cursos,2016-06-03 03:53:31,2016-06-03 03:55:09,Role 3,86,1.5632560483870968,-1,{}
180,Validar solicitud,2016-06-03 04:51:35,2016-06-03 05:08:22,Role 2,90,1.2416834677419355,-1,{}
181,Cancelar Solicitud,2016-06-03 05:35:54,2016-06-03 05:37:24,Role 2,90,1.2653729838709677,-1,{}
180,Recepcion de documentos,2016-06-03 07:25:42,2016-06-03 07:26:47,Role 2,85,1.0148689516129032,-1,{}
180,Homologacion por grupo de cursos,2016-06-03 07:26:51,2016-06-03 07:28:01,Role 3,85,1.5632560483870968,-1,{}
166,Notificacion estudiante cancelacion soli,2016-06-03 08:48:09,2016-06-03 08:48:09,Role 2,93,1.0,-1,{}
149,Revisar curso,2016-06-03 09:02:25,2016-06-03 09:04:50,Role 2,89,1.047883064516129,-1,{}
147,Cancelar Solicitud,2016-06-03 09:56:11,2016-06-03 09:58:56,Role 2,92,1.2653729838709677,-1,{}
131,Recepcion de documentos,2016-06-03 10:27:27,2016-06-03 10:34:08,Role 2,93,1.0148689516129032,-1,{}
132,Recepcion de documentos,2016-06-03 11:04:30,2016-06-03 11:10:31,Role 2,91,1.0148689516129032,-1,{}
148,Cancelar Solicitud,2016-06-03 11:22:51,2016-06-03 11:25:26,Role 2,93,1.2653729838709677,-1,{}
153,Homologacion por grupo de cursos,2016-06-03 12:23:57,2016-06-03 12:24:48,Role 3,91,1.5632560483870968,-1,{}
39,Notificacion estudiante cancelacion soli,2016-06-03 12:49:47,2016-06-03 12:49:47,Role 2,84,1.0,-1,{}
149,Cancelar curso,2016-06-03 14:05:04,2016-06-03 14:06:14,Role 1,83,1.001008064516129,-1,{}
150,Cancelar Solicitud,2016-06-03 14:10:19,2016-06-03 14:12:21,Role 2,93,1.2653729838709677,-1,{}
40,Notificacion estudiante cancelacion soli,2016-06-03 16:06:14,2016-06-03 16:06:14,Role 2,85,1.0,-1,{}
104,Notificacion estudiante cancelacion soli,2016-06-03 16:14:53,2016-06-03 16:14:59,Role 2,82,1.0,-1,{}
106,Notificacion estudiante cancelacion soli,2016-06-03 17:02:56,2016-06-03 17:02:57,Role 2,81,1.0,-1,{}
41,Notificacion estudiante cancelacion soli,2016-06-03 17:46:12,2016-06-03 17:46:12,Role 2,84,1.0,-1,{}
125,Notificacion estudiante cancelacion soli,2016-06-03 18:54:47,2016-06-03 18:54:47,Role 2,91,1.0,-1,{}
62,Notificacion estudiante cancelacion soli,2016-06-03 19:15:10,2016-06-03 19:15:21,Role 2,88,1.0,-1,{}
42,Notificacion estudiante cancelacion soli,2016-06-03 20:13:35,2016-06-03 20:13:35,Role 2,86,1.0,-1,{}
153,Revisar curso,2016-06-03 20:27:22,2016-06-03 20:28:07,Role 2,83,1.047883064516129,-1,{}
156,Notificacion estudiante cancelacion soli,2016-06-03 20:32:50,2016-06-03 20:32:50,Role 2,89,1.0,-1,{}
63,Notificacion estudiante cancelacion soli,2016-06-03 21:44:56,2016-06-03 21:45:02,Role 2,87,1.0,-1,{}
43,Notificacion estudiante cancelacion soli,2016-06-03 22:22:44,2016-06-03 22:22:44,Role 2,84,1.0,-1,{}
64,Notificacion estudiante cancelacion soli,2016-06-03 23:56:18,2016-06-03 23:56:18,Role 2,85,1.0,-1,{}
153,Homologacion por grupo de cursos,2016-06-04 00:15:54,2016-06-04 00:16:10,Role 3,74,1.5632560483870968,-1,{}
37,Notificacion estudiante cancelacion soli,2016-06-04 01:23:03,2016-06-04 01:23:03,Role 2,83,1.0,-1,{}
67,Notificacion estudiante cancelacion soli,2016-06-04 02:08:13,2016-06-04 02:08:13,Role 2,83,1.0,-1,{}
171,Notificacion estudiante cancelacion soli,2016-06-04 02:23:06,2016-06-04 02:23:06,Role 2,97,1.0,-1,{}
109,Notificacion estudiante cancelacion soli,2016-06-04 02:32:43,2016-06-04 02:32:43,Role 2,77,1.0,-1,{}
66,Notificacion estudiante cancelacion soli,2016-06-04 02:50:07,2016-06-04 02:50:07,Role 2,83,1.0,-1,{}
113,Notificacion estudiante cancelacion soli,2016-06-04 06:02:19,2016-06-04 06:02:19,Role 2,79,1.0,-1,{}
154,Cancelar Solicitud,2016-06-04 06:20:24,2016-06-04 06:20:24,Role 2,88,1.2653729838709677,-1,{}
112,Notificacion estudiante cancelacion soli,2016-06-04 07:49:10,2016-06-04 07:49:10,Role 2,80,1.0,-1,{}
69,Notificacion estudiante cancelacion soli,2016-06-04 09:39:35,2016-06-04 09:39:35,Role 2,82,1.0,-1,{}
71,Notificacion estudiante cancelacion soli,2016-06-04 15:21:30,2016-06-04 15:21:30,Role 2,81,1.0,-1,{}
178,Notificacion estudiante cancelacion soli,2016-06-04 19:20:19,2016-06-04 19:20:19,Role 2,87,1.0,-1,{}
118,Notificacion estudiante cancelacion soli,2016-06-05 09:10:24,2016-06-05 09:10:24,Role 2,93,1.0,-1,{}
44,Homologacion por grupo de cursos,2016-06-05 11:32:54,2016-06-05 11:33:56,Role 3,83,1.5632560483870968,-1,{}
121,Notificacion estudiante cancelacion soli,2016-06-05 11:54:56,2016-06-05 11:54:56,Role 2,93,1.0,-1,{}
181,Notificacion estudiante cancelacion soli,2016-06-05 12:29:43,2016-06-05 12:29:43,Role 2,85,1.0,-1,{}
146,Notificacion estudiante cancelacion soli,2016-06-06 03:57:55,2016-06-06 03:57:55,Role 2,93,1.0,-1,{}
130,Recepcion de documentos,2016-06-06 06:05:28,2016-06-06 06:07:01,Role 2,88,1.0148689516129032,-1,{}
73,Notificacion estudiante cancelacion soli,2016-06-06 07:55:19,2016-06-06 07:55:19,Role 2,82,1.0,-1,{}
38,Cancelar curso,2016-06-06 18:35:37,2016-06-06 18:35:58,Role 1,90,1.001008064516129,-1,{}
132,Homologacion por grupo de cursos,2016-06-07 10:21:36,2016-06-07 10:25:03,Role 3,83,1.5632560483870968,-1,{}
131,Homologacion por grupo de cursos,2016-06-07 10:56:58,2016-06-07 11:00:43,Role 3,83,1.5632560483870968,-1,{}
127,Notificacion estudiante cancelacion soli,2016-06-10 21:50:02,2016-06-10 21:50:02,Role 2,88,1.0,-1,{}
128,Notificacion estudiante cancelacion soli,2016-06-11 00:54:31,2016-06-11 00:54:31,Role 2,89,1.0,-1,{}
147,Notificacion estudiante cancelacion soli,2016-06-11 04:57:44,2016-06-11 04:57:45,Role 2,83,1.0,-1,{}
148,Notificacion estudiante cancelacion soli,2016-06-11 06:42:35,2016-06-11 06:42:35,Role 2,83,1.0,-1,{}
129,Notificacion estudiante cancelacion soli,2016-06-11 08:16:26,2016-06-11 08:16:26,Role 2,92,1.0,-1,{}
150,Notificacion estudiante cancelacion soli,2016-06-11 10:12:36,2016-06-11 10:12:36,Role 2,81,1.0,-1,{}
130,Homologacion por grupo de cursos,2016-06-11 12:06:33,2016-06-11 12:06:38,Role 3,54,1.5632560483870968,-1,{}
154,Notificacion estudiante cancelacion soli,2016-06-13 16:57:38,2016-06-13 16:57:38,Role 2,63,1.0,-1,{}
