caseid,task,start:timestamp,time:timestamp,role,st_wip,st_tsk_wip,queue,attrib
1,Traer informacion estudiante - banner,2016-05-18 22:19:51,2016-05-18 22:20:09,Role 1,43,1.0,-1,{}
2,Traer informacion estudiante - banner,2016-05-18 23:07:42,2016-05-18 23:08:01,Role 1,44,1.0,-1,{}
1,Radicar Solicitud Homologacion,2016-05-18 23:59:34,2016-05-19 00:01:17,Role 1,43,1.1023185483870968,-1,{}
3,Traer informacion estudiante - banner,2016-05-19 00:15:24,2016-05-19 00:15:54,Role 1,45,1.0,-1,{}
2,Radicar Solicitud Homologacion,2016-05-19 00:45:00,2016-05-19 00:48:01,Role 1,44,1.1023185483870968,-1,{}
4,Traer informacion estudiante - banner,2016-05-19 02:15:07,2016-05-19 02:15:35,Role 1,46,1.0,-1,{}
5,Traer informacion estudiante - banner,2016-05-19 03:37:53,2016-05-19 03:38:20,Role 1,47,1.0,-1,{}
2,Validar solicitud,2016-05-19 05:01:15,2016-05-19 05:34:47,Role 2,45,1.2416834677419355,-1,{}
6,Traer informacion estudiante - banner,2016-05-19 05:37:39,2016-05-19 05:38:04,Role 1,48,1.0,-1,{}
1,Cancelar Solicitud,2016-05-19 06:31:47,2016-05-19 06:32:02,Role 2,44,1.2653729838709677,-1,{}
7,Traer informacion estudiante - banner,2016-05-19 07:37:50,2016-05-19 07:38:14,Role 1,49,1.0,-1,{}
8,Traer informacion estudiante - banner,2016-05-19 10:03:04,2016-05-19 10:03:27,Role 1,50,1.0,-1,{}
2,Recepcion de documentos,2016-05-19 12:41:38,2016-05-19 12:43:18,Role 2,47,1.0148689516129032,-1,{}
9,Traer informacion estudiante - banner,2016-05-19 13:23:44,2016-05-19 13:24:07,Role 1,51,1.0,-1,{}
3,Radicar Solicitud Homologacion,2016-05-19 14:08:58,2016-05-19 14:13:52,Role 1,45,1.1023185483870968,-1,{}
10,Traer informacion estudiante - banner,2016-05-19 15:03:25,2016-05-19 15:03:48,Role 1,52,1.0,-1,{}
4,Radicar Solicitud Homologacion,2016-05-19 15:49:17,2016-05-19 15:53:58,Role 1,46,1.1023185483870968,-1,{}
5,Radicar Solicitud Homologacion,2016-05-19 16:52:59,2016-05-19 16:57:33,Role 1,47,1.1023185483870968,-1,{}
11,Traer informacion estudiante - banner,2016-05-19 17:22:21,2016-05-19 17:22:44,Role 1,53,1.0,-1,{}
12,Traer informacion estudiante - banner,2016-05-19 18:30:34,2016-05-19 18:30:57,Role 1,54,1.0,-1,{}
6,Radicar Solicitud Homologacion,2016-05-19 18:33:58,2016-05-19 18:38:22,Role 1,48,1.1023185483870968,-1,{}
13,Traer informacion estudiante - banner,2016-05-19 19:49:30,2016-05-19 19:49:53,Role 1,55,1.0,-1,{}
7,Radicar Solicitud Homologacion,2016-05-19 20:15:42,2016-05-19 20:19:57,Role 1,49,1.1023185483870968,-1,{}
2,Homologacion por grupo de cursos,2016-05-19 21:30:35,2016-05-19 21:33:21,Role 3,50,1.5632560483870968,-1,{}
14,Traer informacion estudiante - banner,2016-05-19 22:14:57,2016-05-19 22:15:21,Role 1,56,1.0,-1,{}
8,Radicar Solicitud Homologacion,2016-05-19 22:22:46,2016-05-19 22:26:51,Role 1,50,1.1023185483870968,-1,{}
15,Traer informacion estudiante - banner,2016-05-19 23:07:28,2016-05-19 23:07:52,Role 1,57,1.0,-1,{}
16,Traer informacion estudiante - banner,2016-05-20 00:27:03,2016-05-20 00:28:04,Role 1,58,1.0,-1,{}
17,Traer informacion estudiante - banner,2016-05-20 01:30:11,2016-05-20 01:31:11,Role 1,59,1.0,-1,{}
9,Radicar Solicitud Homologacion,2016-05-20 01:25:36,2016-05-20 01:31:21,Role 1,51,1.1023185483870968,-1,{}
18,Traer informacion estudiante - banner,2016-05-20 01:58:45,2016-05-20 01:59:45,Role 1,60,1.0,-1,{}
16,Radicar Solicitud Homologacion,2016-05-20 02:36:38,2016-05-20 02:45:06,Role 1,58,1.1023185483870968,-1,{}
10,Radicar Solicitud Homologacion,2016-05-20 02:47:44,2016-05-20 02:53:18,Role 1,52,1.1023185483870968,-1,{}
17,Radicar Solicitud Homologacion,2016-05-20 03:37:16,2016-05-20 03:45:31,Role 1,59,1.1023185483870968,-1,{}
18,Radicar Solicitud Homologacion,2016-05-20 04:00:32,2016-05-20 04:08:45,Role 1,60,1.1023185483870968,-1,{}
11,Radicar Solicitud Homologacion,2016-05-20 04:49:24,2016-05-20 04:54:38,Role 1,53,1.1023185483870968,-1,{}
2,Revisar curso,2016-05-20 05:18:41,2016-05-20 05:19:10,Role 2,55,1.047883064516129,-1,{}
12,Radicar Solicitud Homologacion,2016-05-20 05:40:39,2016-05-20 05:45:46,Role 1,54,1.1023185483870968,-1,{}
13,Radicar Solicitud Homologacion,2016-05-20 06:42:54,2016-05-20 06:47:53,Role 1,55,1.1023185483870968,-1,{}
2,Evaluacion curso,2016-05-20 08:16:08,2016-05-20 08:16:13,Role 4,60,1.0778729838709677,-1,{}
14,Radicar Solicitud Homologacion,2016-05-20 08:51:58,2016-05-20 08:56:39,Role 1,56,1.1023185483870968,-1,{}
19,Traer informacion estudiante - banner,2016-05-20 09:09:29,2016-05-20 09:10:20,Role 1,61,1.0,-1,{}
15,Radicar Solicitud Homologacion,2016-05-20 09:28:22,2016-05-20 09:33:01,Role 1,57,1.1023185483870968,-1,{}
16,Validar solicitud,2016-05-20 09:38:06,2016-05-20 09:51:52,Role 2,60,1.2416834677419355,-1,{}
2,Validacion final,2016-05-20 09:56:05,2016-05-20 09:56:08,Role 2,60,1.0100806451612903,-1,{}
2,Visto Bueno Cierre Proceso,2016-05-20 10:42:12,2016-05-20 10:42:14,Role 3,61,1.0327620967741935,-1,{}
17,Validar solicitud,2016-05-20 10:43:53,2016-05-20 10:56:55,Role 2,60,1.2416834677419355,-1,{}
19,Radicar Solicitud Homologacion,2016-05-20 11:07:21,2016-05-20 11:13:59,Role 1,61,1.1023185483870968,-1,{}
20,Traer informacion estudiante - banner,2016-05-20 12:33:41,2016-05-20 12:34:31,Role 1,61,1.0,-1,{}
9,Validar solicitud,2016-05-20 12:22:43,2016-05-20 12:37:02,Role 2,59,1.2416834677419355,-1,{}
21,Traer informacion estudiante - banner,2016-05-20 13:15:16,2016-05-20 13:16:03,Role 1,62,1.0,-1,{}
20,Radicar Solicitud Homologacion,2016-05-20 14:20:41,2016-05-20 14:26:37,Role 1,61,1.1023185483870968,-1,{}
22,Traer informacion estudiante - banner,2016-05-20 14:38:43,2016-05-20 14:39:30,Role 1,63,1.0,-1,{}
21,Radicar Solicitud Homologacion,2016-05-20 15:09:24,2016-05-20 15:15:23,Role 1,62,1.1023185483870968,-1,{}
23,Traer informacion estudiante - banner,2016-05-20 15:27:46,2016-05-20 15:28:32,Role 1,64,1.0,-1,{}
12,Validar solicitud,2016-05-20 15:42:53,2016-05-20 15:55:10,Role 2,60,1.2416834677419355,-1,{}
24,Traer informacion estudiante - banner,2016-05-20 16:23:54,2016-05-20 16:24:40,Role 1,65,1.0,-1,{}
22,Radicar Solicitud Homologacion,2016-05-20 16:29:15,2016-05-20 16:35:06,Role 1,63,1.1023185483870968,-1,{}
13,Validar solicitud,2016-05-20 16:30:05,2016-05-20 16:41:54,Role 2,60,1.2416834677419355,-1,{}
10,Cancelar Solicitud,2016-05-20 17:19:17,2016-05-20 17:19:47,Role 2,60,1.2653729838709677,-1,{}
23,Radicar Solicitud Homologacion,2016-05-20 17:14:45,2016-05-20 17:20:31,Role 1,64,1.1023185483870968,-1,{}
16,Homologacion por grupo de cursos,2016-05-20 17:33:21,2016-05-20 17:33:37,Role 3,61,1.5632560483870968,-1,{}
5,Validar solicitud,2016-05-20 17:27:59,2016-05-20 17:42:13,Role 2,52,1.2416834677419355,-1,{}
24,Radicar Solicitud Homologacion,2016-05-20 18:07:27,2016-05-20 18:13:06,Role 1,65,1.1023185483870968,-1,{}
1,Notificacion estudiante cancelacion soli,2016-05-20 18:35:15,2016-05-20 18:35:15,Role 2,48,1.0,-1,{}
25,Traer informacion estudiante - banner,2016-05-20 18:41:13,2016-05-20 18:41:57,Role 1,65,1.0,-1,{}
17,Homologacion por grupo de cursos,2016-05-20 18:49:06,2016-05-20 18:49:16,Role 3,60,1.5632560483870968,-1,{}
11,Cancelar Solicitud,2016-05-20 19:03:48,2016-05-20 19:04:07,Role 2,60,1.2653729838709677,-1,{}
26,Traer informacion estudiante - banner,2016-05-20 19:22:49,2016-05-20 19:23:33,Role 1,66,1.0,-1,{}
16,Revisar curso,2016-05-20 19:48:16,2016-05-20 19:48:59,Role 2,65,1.047883064516129,-1,{}
16,Cancelar curso,2016-05-20 19:49:03,2016-05-20 19:49:24,Role 1,66,1.001008064516129,-1,{}
27,Traer informacion estudiante - banner,2016-05-20 20:02:19,2016-05-20 20:03:03,Role 1,66,1.0,-1,{}
9,Homologacion por grupo de cursos,2016-05-20 20:17:15,2016-05-20 20:17:15,Role 3,61,1.5632560483870968,-1,{}
25,Radicar Solicitud Homologacion,2016-05-20 20:24:44,2016-05-20 20:30:02,Role 1,65,1.1023185483870968,-1,{}
20,Validar solicitud,2016-05-20 20:34:42,2016-05-20 20:42:57,Role 2,62,1.2416834677419355,-1,{}
26,Radicar Solicitud Homologacion,2016-05-20 21:02:57,2016-05-20 21:08:11,Role 1,66,1.1023185483870968,-1,{}
3,Cancelar Solicitud,2016-05-20 21:28:13,2016-05-20 21:28:18,Role 2,51,1.2653729838709677,-1,{}
17,Revisar curso,2016-05-20 21:29:26,2016-05-20 21:30:05,Role 2,65,1.047883064516129,-1,{}
17,Homologacion por grupo de cursos,2016-05-20 21:30:09,2016-05-20 21:30:24,Role 3,66,1.5632560483870968,-1,{}
27,Radicar Solicitud Homologacion,2016-05-20 21:42:27,2016-05-20 21:47:34,Role 1,66,1.1023185483870968,-1,{}
4,Cancelar Solicitud,2016-05-20 22:16:59,2016-05-20 22:16:59,Role 2,52,1.2653729838709677,-1,{}
14,Cancelar Solicitud,2016-05-20 22:17:33,2016-05-20 22:17:34,Role 2,60,1.2653729838709677,-1,{}
15,Cancelar Solicitud,2016-05-20 22:29:40,2016-05-20 22:29:40,Role 2,61,1.2653729838709677,-1,{}
12,Homologacion por grupo de cursos,2016-05-20 22:45:37,2016-05-20 22:45:37,Role 3,64,1.5632560483870968,-1,{}
28,Traer informacion estudiante - banner,2016-05-20 23:00:52,2016-05-20 23:01:34,Role 1,66,1.0,-1,{}
13,Homologacion por grupo de cursos,2016-05-20 23:18:29,2016-05-20 23:18:29,Role 3,65,1.5632560483870968,-1,{}
6,Cancelar Solicitud,2016-05-20 23:21:52,2016-05-20 23:21:52,Role 2,54,1.2653729838709677,-1,{}
9,Revisar curso,2016-05-20 23:38:42,2016-05-20 23:39:09,Role 2,66,1.047883064516129,-1,{}
23,Validar solicitud,2016-05-20 23:47:52,2016-05-20 23:55:08,Role 2,65,1.2416834677419355,-1,{}
9,Homologacion por grupo de cursos,2016-05-20 23:57:23,2016-05-20 23:57:28,Role 3,66,1.5632560483870968,-1,{}
9,Revisar curso,2016-05-20 23:57:32,2016-05-20 23:57:50,Role 2,66,1.047883064516129,-1,{}
9,Homologacion por grupo de cursos,2016-05-20 23:57:54,2016-05-20 23:58:10,Role 3,66,1.5632560483870968,-1,{}
9,Revisar curso,2016-05-20 23:58:14,2016-05-20 23:58:34,Role 2,66,1.047883064516129,-1,{}
9,Evaluacion curso,2016-05-20 23:58:38,2016-05-20 23:58:53,Role 4,66,1.0778729838709677,-1,{}
9,Validar solicitud / pre-homologacion,2016-05-20 23:58:57,2016-05-20 23:59:13,Role 2,66,1.0128528225806452,-1,{}
7,Cancelar Solicitud,2016-05-21 00:15:15,2016-05-21 00:15:15,Role 2,55,1.2653729838709677,-1,{}
28,Radicar Solicitud Homologacion,2016-05-21 00:40:58,2016-05-21 00:46:24,Role 1,66,1.1023185483870968,-1,{}
24,Validar solicitud,2016-05-21 00:38:51,2016-05-21 00:48:26,Role 2,65,1.2416834677419355,-1,{}
29,Traer informacion estudiante - banner,2016-05-21 01:21:14,2016-05-21 01:21:37,Role 1,66,1.0,-1,{}
8,Cancelar Solicitud,2016-05-21 01:35:00,2016-05-21 01:35:00,Role 2,56,1.2653729838709677,-1,{}
12,Revisar curso,2016-05-21 01:40:33,2016-05-21 01:40:45,Role 2,65,1.047883064516129,-1,{}
13,Revisar curso,2016-05-21 02:01:05,2016-05-21 02:01:15,Role 2,66,1.047883064516129,-1,{}
18,Cancelar Solicitud,2016-05-21 02:49:13,2016-05-21 02:49:40,Role 2,60,1.2653729838709677,-1,{}
30,Traer informacion estudiante - banner,2016-05-21 02:54:08,2016-05-21 02:54:31,Role 1,67,1.0,-1,{}
26,Validar solicitud,2016-05-21 03:29:45,2016-05-21 03:38:17,Role 2,66,1.2416834677419355,-1,{}
20,Recepcion de documentos,2016-05-21 03:44:14,2016-05-21 03:44:17,Role 2,66,1.0148689516129032,-1,{}
31,Traer informacion estudiante - banner,2016-05-21 04:07:04,2016-05-21 04:07:26,Role 1,68,1.0,-1,{}
23,Recepcion de documentos,2016-05-21 07:13:37,2016-05-21 07:13:37,Role 2,66,1.0148689516129032,-1,{}
29,Radicar Solicitud Homologacion,2016-05-21 07:59:45,2016-05-21 08:02:53,Role 1,66,1.1023185483870968,-1,{}
30,Radicar Solicitud Homologacion,2016-05-21 09:21:32,2016-05-21 09:24:33,Role 1,67,1.1023185483870968,-1,{}
32,Traer informacion estudiante - banner,2016-05-21 09:31:15,2016-05-21 09:31:36,Role 1,69,1.0,-1,{}
5,Recepcion de documentos,2016-05-21 09:44:04,2016-05-21 09:44:16,Role 2,65,1.0148689516129032,-1,{}
19,Cancelar Solicitud,2016-05-21 09:59:36,2016-05-21 09:59:36,Role 2,60,1.2653729838709677,-1,{}
33,Traer informacion estudiante - banner,2016-05-21 10:11:23,2016-05-21 10:11:45,Role 1,70,1.0,-1,{}
31,Radicar Solicitud Homologacion,2016-05-21 10:23:31,2016-05-21 10:26:29,Role 1,68,1.1023185483870968,-1,{}
12,Homologacion por grupo de cursos,2016-05-21 11:37:05,2016-05-21 11:37:07,Role 3,66,1.5632560483870968,-1,{}
13,Homologacion por grupo de cursos,2016-05-21 11:45:41,2016-05-21 11:45:43,Role 3,66,1.5632560483870968,-1,{}
34,Traer informacion estudiante - banner,2016-05-21 13:37:01,2016-05-21 13:37:22,Role 1,69,1.0,-1,{}
21,Cancelar Solicitud,2016-05-21 13:52:55,2016-05-21 13:52:55,Role 2,63,1.2653729838709677,-1,{}
22,Cancelar Solicitud,2016-05-21 14:15:54,2016-05-21 14:15:54,Role 2,65,1.2653729838709677,-1,{}
35,Traer informacion estudiante - banner,2016-05-21 15:31:00,2016-05-21 15:31:21,Role 1,70,1.0,-1,{}
32,Radicar Solicitud Homologacion,2016-05-21 15:36:56,2016-05-21 15:39:26,Role 1,69,1.1023185483870968,-1,{}
33,Radicar Solicitud Homologacion,2016-05-21 16:06:31,2016-05-21 16:09:00,Role 1,70,1.1023185483870968,-1,{}
36,Traer informacion estudiante - banner,2016-05-21 17:42:36,2016-05-21 17:42:58,Role 1,71,1.0,-1,{}
37,Traer informacion estudiante - banner,2016-05-21 18:39:24,2016-05-21 18:39:46,Role 1,72,1.0,-1,{}
25,Cancelar Solicitud,2016-05-21 19:11:38,2016-05-21 19:11:38,Role 2,66,1.2653729838709677,-1,{}
34,Radicar Solicitud Homologacion,2016-05-21 19:42:42,2016-05-21 19:44:55,Role 1,69,1.1023185483870968,-1,{}
38,Traer informacion estudiante - banner,2016-05-21 20:01:15,2016-05-21 20:01:37,Role 1,73,1.0,-1,{}
27,Cancelar Solicitud,2016-05-21 20:39:22,2016-05-21 20:39:22,Role 2,65,1.2653729838709677,-1,{}
35,Radicar Solicitud Homologacion,2016-05-21 21:26:07,2016-05-21 21:28:15,Role 1,70,1.1023185483870968,-1,{}
28,Validar solicitud,2016-05-21 21:52:15,2016-05-21 21:56:12,Role 2,65,1.2416834677419355,-1,{}
39,Traer informacion estudiante - banner,2016-05-21 21:59:59,2016-05-21 22:00:21,Role 1,74,1.0,-1,{}
40,Traer informacion estudiante - banner,2016-05-21 23:13:47,2016-05-21 23:14:09,Role 1,75,1.0,-1,{}
36,Radicar Solicitud Homologacion,2016-05-21 23:27:20,2016-05-21 23:29:23,Role 1,71,1.1023185483870968,-1,{}
37,Radicar Solicitud Homologacion,2016-05-22 00:13:55,2016-05-22 00:18:28,Role 1,72,1.1023185483870968,-1,{}
38,Radicar Solicitud Homologacion,2016-05-22 01:25:43,2016-05-22 01:30:08,Role 1,73,1.1023185483870968,-1,{}
20,Homologacion por grupo de cursos,2016-05-22 02:04:11,2016-05-22 02:04:11,Role 3,67,1.5632560483870968,-1,{}
20,Revisar curso,2016-05-22 02:04:15,2016-05-22 02:04:33,Role 2,75,1.047883064516129,-1,{}
20,Evaluacion curso,2016-05-22 02:04:37,2016-05-22 02:04:37,Role 4,75,1.0778729838709677,-1,{}
20,Validacion final,2016-05-22 02:04:41,2016-05-22 02:04:41,Role 2,75,1.0100806451612903,-1,{}
20,Visto Bueno Cierre Proceso,2016-05-22 02:04:45,2016-05-22 02:04:55,Role 3,75,1.0327620967741935,-1,{}
39,Radicar Solicitud Homologacion,2016-05-22 03:14:34,2016-05-22 03:18:45,Role 1,74,1.1023185483870968,-1,{}
40,Radicar Solicitud Homologacion,2016-05-22 04:18:40,2016-05-22 04:22:45,Role 1,75,1.1023185483870968,-1,{}
5,Homologacion por grupo de cursos,2016-05-22 04:49:00,2016-05-22 04:49:00,Role 3,69,1.5632560483870968,-1,{}
23,Homologacion por grupo de cursos,2016-05-22 06:05:43,2016-05-22 06:05:43,Role 3,68,1.5632560483870968,-1,{}
24,Homologacion por grupo de cursos,2016-05-22 11:23:57,2016-05-22 11:23:57,Role 3,65,1.5632560483870968,-1,{}
26,Recepcion de documentos,2016-05-22 14:27:00,2016-05-22 14:27:00,Role 2,67,1.0148689516129032,-1,{}
41,Traer informacion estudiante - banner,2016-05-22 17:35:34,2016-05-22 17:35:54,Role 1,73,1.0,-1,{}
42,Traer informacion estudiante - banner,2016-05-22 18:30:10,2016-05-22 18:30:30,Role 1,74,1.0,-1,{}
43,Traer informacion estudiante - banner,2016-05-22 19:20:49,2016-05-22 19:21:09,Role 1,75,1.0,-1,{}
24,Revisar curso,2016-05-22 19:25:45,2016-05-22 19:26:35,Role 2,72,1.047883064516129,-1,{}
24,Homologacion por grupo de cursos,2016-05-22 19:26:39,2016-05-22 19:26:39,Role 3,75,1.5632560483870968,-1,{}
24,Revisar curso,2016-05-22 19:26:43,2016-05-22 19:27:03,Role 2,75,1.047883064516129,-1,{}
24,Homologacion por grupo de cursos,2016-05-22 19:27:07,2016-05-22 19:27:07,Role 3,75,1.5632560483870968,-1,{}
44,Traer informacion estudiante - banner,2016-05-22 20:45:20,2016-05-22 20:45:40,Role 1,75,1.0,-1,{}
41,Radicar Solicitud Homologacion,2016-05-22 20:41:29,2016-05-22 20:48:14,Role 1,73,1.1023185483870968,-1,{}
45,Traer informacion estudiante - banner,2016-05-22 21:14:23,2016-05-22 21:14:43,Role 1,76,1.0,-1,{}
42,Radicar Solicitud Homologacion,2016-05-22 21:39:33,2016-05-22 21:46:18,Role 1,74,1.1023185483870968,-1,{}
46,Traer informacion estudiante - banner,2016-05-22 22:09:45,2016-05-22 22:10:05,Role 1,77,1.0,-1,{}
43,Radicar Solicitud Homologacion,2016-05-22 22:33:42,2016-05-22 22:40:25,Role 1,75,1.1023185483870968,-1,{}
26,Homologacion por grupo de cursos,2016-05-22 22:57:19,2016-05-22 22:57:33,Role 3,72,1.5632560483870968,-1,{}
47,Traer informacion estudiante - banner,2016-05-22 23:28:53,2016-05-22 23:29:13,Role 1,77,1.0,-1,{}
44,Radicar Solicitud Homologacion,2016-05-22 23:59:36,2016-05-23 00:06:05,Role 1,75,1.1023185483870968,-1,{}
48,Traer informacion estudiante - banner,2016-05-23 00:32:29,2016-05-23 00:32:34,Role 1,78,1.0,-1,{}
45,Radicar Solicitud Homologacion,2016-05-23 00:30:48,2016-05-23 00:44:48,Role 1,76,1.1023185483870968,-1,{}
48,Radicar Solicitud Homologacion,2016-05-23 01:21:43,2016-05-23 01:27:35,Role 1,78,1.1023185483870968,-1,{}
46,Radicar Solicitud Homologacion,2016-05-23 01:29:44,2016-05-23 01:43:40,Role 1,77,1.1023185483870968,-1,{}
49,Traer informacion estudiante - banner,2016-05-23 01:54:30,2016-05-23 01:54:36,Role 1,79,1.0,-1,{}
49,Radicar Solicitud Homologacion,2016-05-23 02:43:09,2016-05-23 02:49:00,Role 1,79,1.1023185483870968,-1,{}
47,Radicar Solicitud Homologacion,2016-05-23 02:48:52,2016-05-23 03:01:18,Role 1,77,2.102318548387097,-1,{}
48,Validar solicitud,2016-05-23 03:15:49,2016-05-23 03:43:31,Role 2,78,1.2416834677419355,-1,{}
10,Notificacion estudiante cancelacion soli,2016-05-23 03:47:12,2016-05-23 03:47:12,Role 2,65,1.0,-1,{}
11,Notificacion estudiante cancelacion soli,2016-05-23 05:20:28,2016-05-23 05:20:28,Role 2,65,1.0,-1,{}
48,Homologacion por grupo de cursos,2016-05-23 06:05:15,2016-05-23 06:06:01,Role 3,79,1.5632560483870968,-1,{}
49,Cancelar Solicitud,2016-05-23 06:10:50,2016-05-23 06:12:00,Role 2,79,1.2653729838709677,-1,{}
50,Traer informacion estudiante - banner,2016-05-23 06:36:11,2016-05-23 06:36:18,Role 1,78,1.0,-1,{}
50,Radicar Solicitud Homologacion,2016-05-23 07:24:51,2016-05-23 07:30:00,Role 1,78,1.1023185483870968,-1,{}
48,Revisar curso,2016-05-23 08:05:15,2016-05-23 08:11:13,Role 2,77,1.047883064516129,-1,{}
14,Notificacion estudiante cancelacion soli,2016-05-23 08:24:47,2016-05-23 08:24:47,Role 2,65,1.0,-1,{}
15,Notificacion estudiante cancelacion soli,2016-05-23 08:26:52,2016-05-23 08:26:52,Role 2,65,1.0,-1,{}
6,Notificacion estudiante cancelacion soli,2016-05-23 10:08:39,2016-05-23 10:08:39,Role 2,66,1.0,-1,{}
48,Cancelar curso,2016-05-23 10:11:49,2016-05-23 10:12:29,Role 1,78,1.001008064516129,-1,{}
3,Notificacion estudiante cancelacion soli,2016-05-23 10:27:28,2016-05-23 10:27:28,Role 2,66,1.0,-1,{}
32,Validar solicitud,2016-05-23 10:21:30,2016-05-23 10:37:05,Role 2,70,1.2416834677419355,-1,{}
50,Cancelar Solicitud,2016-05-23 10:48:37,2016-05-23 10:49:28,Role 2,78,1.2653729838709677,-1,{}
4,Notificacion estudiante cancelacion soli,2016-05-23 10:53:24,2016-05-23 10:53:24,Role 2,65,1.0,-1,{}
33,Validar solicitud,2016-05-23 10:45:48,2016-05-23 11:01:06,Role 2,70,1.2416834677419355,-1,{}
51,Traer informacion estudiante - banner,2016-05-23 11:08:05,2016-05-23 11:08:13,Role 1,73,1.0,-1,{}
51,Radicar Solicitud Homologacion,2016-05-23 11:56:59,2016-05-23 12:01:10,Role 1,73,1.1023185483870968,-1,{}
37,Cancelar Solicitud,2016-05-23 12:49:14,2016-05-23 12:49:53,Role 2,75,1.2653729838709677,-1,{}
38,Cancelar Solicitud,2016-05-23 14:04:17,2016-05-23 14:04:50,Role 2,75,1.2653729838709677,-1,{}
51,Cancelar Solicitud,2016-05-23 15:07:49,2016-05-23 15:08:17,Role 2,73,1.2653729838709677,-1,{}
52,Traer informacion estudiante - banner,2016-05-23 15:26:03,2016-05-23 15:26:13,Role 1,74,1.0,-1,{}
35,Validar solicitud,2016-05-23 15:33:46,2016-05-23 15:47:30,Role 2,73,1.2416834677419355,-1,{}
39,Cancelar Solicitud,2016-05-23 16:02:00,2016-05-23 16:02:24,Role 2,74,1.2653729838709677,-1,{}
32,Homologacion por grupo de cursos,2016-05-23 16:04:22,2016-05-23 16:04:22,Role 3,73,1.5632560483870968,-1,{}
32,Revisar curso,2016-05-23 16:04:26,2016-05-23 16:05:56,Role 2,74,1.047883064516129,-1,{}
32,Cancelar curso,2016-05-23 16:06:00,2016-05-23 16:06:15,Role 1,74,1.001008064516129,-1,{}
52,Radicar Solicitud Homologacion,2016-05-23 16:14:54,2016-05-23 16:18:49,Role 1,74,1.1023185483870968,-1,{}
33,Recepcion de documentos,2016-05-23 16:46:17,2016-05-23 16:46:27,Role 2,72,1.0148689516129032,-1,{}
33,Homologacion por grupo de cursos,2016-05-23 16:46:31,2016-05-23 16:47:18,Role 3,73,1.5632560483870968,-1,{}
33,Revisar curso,2016-05-23 16:47:22,2016-05-23 16:47:59,Role 2,73,1.047883064516129,-1,{}
33,Evaluacion curso,2016-05-23 16:48:03,2016-05-23 16:48:12,Role 4,73,1.0778729838709677,-1,{}
33,Validacion final,2016-05-23 16:48:16,2016-05-23 16:48:24,Role 2,73,1.0100806451612903,-1,{}
33,Visto Bueno Cierre Proceso,2016-05-23 16:53:54,2016-05-23 16:54:04,Role 3,73,1.0327620967741935,-1,{}
40,Cancelar Solicitud,2016-05-23 17:09:40,2016-05-23 17:10:04,Role 2,74,1.2653729838709677,-1,{}
36,Validar solicitud,2016-05-23 17:09:37,2016-05-23 17:22:52,Role 2,75,1.2416834677419355,-1,{}
52,Validar solicitud,2016-05-23 18:01:16,2016-05-23 18:19:15,Role 2,73,1.2416834677419355,-1,{}
53,Traer informacion estudiante - banner,2016-05-23 18:22:49,2016-05-23 18:23:00,Role 1,73,1.0,-1,{}
53,Radicar Solicitud Homologacion,2016-05-23 19:11:46,2016-05-23 19:15:26,Role 1,73,1.1023185483870968,-1,{}
52,Homologacion por grupo de cursos,2016-05-23 20:30:00,2016-05-23 20:30:04,Role 3,72,1.5632560483870968,-1,{}
35,Homologacion por grupo de cursos,2016-05-23 20:54:16,2016-05-23 20:54:16,Role 3,74,1.5632560483870968,-1,{}
35,Revisar curso,2016-05-23 20:54:20,2016-05-23 20:55:21,Role 2,73,1.047883064516129,-1,{}
35,Cancelar curso,2016-05-23 20:55:25,2016-05-23 20:55:37,Role 1,73,1.001008064516129,-1,{}
29,Cancelar Solicitud,2016-05-23 21:13:21,2016-05-23 21:13:26,Role 2,68,1.2653729838709677,-1,{}
53,Validar solicitud,2016-05-23 20:57:08,2016-05-23 21:13:54,Role 2,73,1.2416834677419355,-1,{}
54,Traer informacion estudiante - banner,2016-05-23 21:53:34,2016-05-23 21:53:47,Role 1,73,1.0,-1,{}
55,Traer informacion estudiante - banner,2016-05-23 22:15:27,2016-05-23 22:15:40,Role 1,74,1.0,-1,{}
52,Revisar curso,2016-05-23 22:17:53,2016-05-23 22:19:55,Role 2,73,1.047883064516129,-1,{}
30,Cancelar Solicitud,2016-05-23 22:31:56,2016-05-23 22:31:57,Role 2,68,1.2653729838709677,-1,{}
54,Radicar Solicitud Homologacion,2016-05-23 22:42:33,2016-05-23 22:46:03,Role 1,73,1.1023185483870968,-1,{}
36,Recepcion de documentos,2016-05-23 22:47:09,2016-05-23 22:47:12,Role 2,72,1.0148689516129032,-1,{}
36,Homologacion por grupo de cursos,2016-05-23 22:47:16,2016-05-23 22:47:47,Role 3,74,1.5632560483870968,-1,{}
55,Radicar Solicitud Homologacion,2016-05-23 23:04:21,2016-05-23 23:07:51,Role 1,74,1.1023185483870968,-1,{}
31,Cancelar Solicitud,2016-05-23 23:09:42,2016-05-23 23:09:42,Role 2,70,1.2653729838709677,-1,{}
56,Traer informacion estudiante - banner,2016-05-23 23:17:30,2016-05-23 23:17:43,Role 1,74,1.0,-1,{}
53,Homologacion por grupo de cursos,2016-05-23 23:23:48,2016-05-23 23:23:51,Role 3,72,1.5632560483870968,-1,{}
52,Homologacion por grupo de cursos,2016-05-23 23:47:47,2016-05-23 23:47:54,Role 3,74,1.5632560483870968,-1,{}
56,Radicar Solicitud Homologacion,2016-05-24 00:06:24,2016-05-24 00:17:44,Role 1,74,1.1023185483870968,-1,{}
57,Traer informacion estudiante - banner,2016-05-24 00:34:44,2016-05-24 00:36:02,Role 1,74,1.0,-1,{}
54,Validar solicitud,2016-05-24 00:27:57,2016-05-24 00:59:01,Role 2,74,1.2416834677419355,-1,{}
53,Revisar curso,2016-05-24 01:11:30,2016-05-24 01:16:42,Role 2,74,1.047883064516129,-1,{}
55,Validar solicitud,2016-05-24 00:50:18,2016-05-24 01:20:07,Role 2,73,2.2416834677419355,-1,{}
58,Traer informacion estudiante - banner,2016-05-24 01:24:52,2016-05-24 01:26:03,Role 1,75,1.0,-1,{}
57,Radicar Solicitud Homologacion,2016-05-24 01:44:50,2016-05-24 02:04:46,Role 1,74,1.1023185483870968,-1,{}
59,Traer informacion estudiante - banner,2016-05-24 02:32:40,2016-05-24 02:33:50,Role 1,76,1.0,-1,{}
58,Radicar Solicitud Homologacion,2016-05-24 02:36:40,2016-05-24 02:56:44,Role 1,75,1.1023185483870968,-1,{}
53,Evaluacion curso,2016-05-24 02:58:14,2016-05-24 02:59:06,Role 4,74,1.0778729838709677,-1,{}
56,Validar solicitud,2016-05-24 02:50:45,2016-05-24 03:34:22,Role 2,73,1.2416834677419355,-1,{}
60,Traer informacion estudiante - banner,2016-05-24 03:46:51,2016-05-24 03:47:59,Role 1,77,1.0,-1,{}
59,Radicar Solicitud Homologacion,2016-05-24 03:45:45,2016-05-24 04:05:22,Role 1,76,1.1023185483870968,-1,{}
54,Recepcion de documentos,2016-05-24 04:26:24,2016-05-24 04:32:01,Role 2,74,1.0148689516129032,-1,{}
55,Homologacion por grupo de cursos,2016-05-24 04:50:28,2016-05-24 04:50:28,Role 3,74,1.5632560483870968,-1,{}
49,Notificacion estudiante cancelacion soli,2016-05-24 04:51:02,2016-05-24 04:51:02,Role 2,77,1.0,-1,{}
61,Traer informacion estudiante - banner,2016-05-24 05:12:27,2016-05-24 05:13:32,Role 1,76,1.0,-1,{}
60,Radicar Solicitud Homologacion,2016-05-24 05:02:09,2016-05-24 05:21:08,Role 1,77,1.1023185483870968,-1,{}
53,Validacion final,2016-05-24 06:04:06,2016-05-24 06:04:15,Role 2,76,1.0100806451612903,-1,{}
61,Radicar Solicitud Homologacion,2016-05-24 06:26:21,2016-05-24 06:44:35,Role 1,76,1.1023185483870968,-1,{}
62,Traer informacion estudiante - banner,2016-05-24 07:40:16,2016-05-24 07:41:17,Role 1,77,1.0,-1,{}
34,Cancelar Solicitud,2016-05-24 08:04:45,2016-05-24 08:05:03,Role 2,72,1.2653729838709677,-1,{}
50,Notificacion estudiante cancelacion soli,2016-05-24 08:26:11,2016-05-24 08:26:11,Role 2,73,1.0,-1,{}
47,Validar solicitud,2016-05-24 08:23:03,2016-05-24 08:45:31,Role 2,79,1.2416834677419355,-1,{}
62,Radicar Solicitud Homologacion,2016-05-24 08:54:31,2016-05-24 09:11:46,Role 1,77,1.1023185483870968,-1,{}
53,Visto Bueno Cierre Proceso,2016-05-24 09:14:29,2016-05-24 09:15:07,Role 3,76,1.0327620967741935,-1,{}
28,Recepcion de documentos,2016-05-24 09:28:15,2016-05-24 09:29:09,Role 2,73,1.0148689516129032,-1,{}
63,Traer informacion estudiante - banner,2016-05-24 11:13:07,2016-05-24 11:14:03,Role 1,76,1.0,-1,{}
51,Notificacion estudiante cancelacion soli,2016-05-24 11:40:46,2016-05-24 11:40:46,Role 2,73,1.0,-1,{}
54,Homologacion por grupo de cursos,2016-05-24 12:01:29,2016-05-24 12:06:40,Role 3,77,1.5632560483870968,-1,{}
64,Traer informacion estudiante - banner,2016-05-24 12:26:16,2016-05-24 12:27:10,Role 1,76,1.0,-1,{}
63,Radicar Solicitud Homologacion,2016-05-24 12:25:58,2016-05-24 12:41:26,Role 1,76,1.1023185483870968,-1,{}
56,Homologacion por grupo de cursos,2016-05-24 13:44:04,2016-05-24 13:44:14,Role 3,76,1.5632560483870968,-1,{}
64,Radicar Solicitud Homologacion,2016-05-24 13:39:59,2016-05-24 13:55:01,Role 1,76,1.1023185483870968,-1,{}
65,Traer informacion estudiante - banner,2016-05-24 14:30:23,2016-05-24 14:31:18,Role 1,76,1.0,-1,{}
42,Validar solicitud,2016-05-24 14:09:19,2016-05-24 14:57:53,Role 2,76,1.2416834677419355,-1,{}
66,Traer informacion estudiante - banner,2016-05-24 15:33:26,2016-05-24 15:34:18,Role 1,77,1.0,-1,{}
65,Radicar Solicitud Homologacion,2016-05-24 15:42:32,2016-05-24 15:56:34,Role 1,76,1.1023185483870968,-1,{}
67,Traer informacion estudiante - banner,2016-05-24 16:09:01,2016-05-24 16:09:53,Role 1,78,1.0,-1,{}
66,Radicar Solicitud Homologacion,2016-05-24 16:47:32,2016-05-24 17:01:42,Role 1,77,1.1023185483870968,-1,{}
68,Traer informacion estudiante - banner,2016-05-24 17:35:44,2016-05-24 17:36:36,Role 1,79,1.0,-1,{}
67,Radicar Solicitud Homologacion,2016-05-24 17:24:30,2016-05-24 17:38:34,Role 1,78,1.1023185483870968,-1,{}
68,Radicar Solicitud Homologacion,2016-05-24 18:53:36,2016-05-24 19:07:19,Role 1,79,1.1023185483870968,-1,{}
69,Traer informacion estudiante - banner,2016-05-24 20:37:10,2016-05-24 20:38:00,Role 1,80,1.0,-1,{}
70,Traer informacion estudiante - banner,2016-05-24 21:16:55,2016-05-24 21:17:45,Role 1,81,1.0,-1,{}
71,Traer informacion estudiante - banner,2016-05-24 21:56:35,2016-05-24 21:57:25,Role 1,82,1.0,-1,{}
69,Radicar Solicitud Homologacion,2016-05-24 21:55:30,2016-05-24 22:08:30,Role 1,80,1.1023185483870968,-1,{}
70,Radicar Solicitud Homologacion,2016-05-24 22:36:45,2016-05-24 22:49:43,Role 1,81,1.1023185483870968,-1,{}
72,Traer informacion estudiante - banner,2016-05-24 22:56:38,2016-05-24 22:57:28,Role 1,83,1.0,-1,{}
54,Revisar curso,2016-05-24 23:17:39,2016-05-24 23:20:13,Role 2,75,1.047883064516129,-1,{}
71,Radicar Solicitud Homologacion,2016-05-24 23:18:59,2016-05-24 23:32:28,Role 1,82,1.1023185483870968,-1,{}
72,Radicar Solicitud Homologacion,2016-05-25 00:19:36,2016-05-25 00:32:12,Role 1,83,1.1023185483870968,-1,{}
73,Traer informacion estudiante - banner,2016-05-25 00:44:08,2016-05-25 00:44:24,Role 1,84,1.0,-1,{}
74,Traer informacion estudiante - banner,2016-05-25 01:08:49,2016-05-25 01:09:05,Role 1,85,1.0,-1,{}
73,Radicar Solicitud Homologacion,2016-05-25 01:16:35,2016-05-25 01:20:28,Role 1,84,1.1023185483870968,-1,{}
74,Radicar Solicitud Homologacion,2016-05-25 01:40:14,2016-05-25 01:44:07,Role 1,85,1.1023185483870968,-1,{}
75,Traer informacion estudiante - banner,2016-05-25 02:26:49,2016-05-25 02:27:05,Role 1,86,1.0,-1,{}
75,Radicar Solicitud Homologacion,2016-05-25 02:57:12,2016-05-25 03:01:15,Role 1,86,1.1023185483870968,-1,{}
58,Validar solicitud,2016-05-25 02:56:39,2016-05-25 03:33:56,Role 2,76,1.2416834677419355,-1,{}
73,Cancelar Solicitud,2016-05-25 04:00:02,2016-05-25 04:00:23,Role 2,85,1.2653729838709677,-1,{}
76,Traer informacion estudiante - banner,2016-05-25 04:07:33,2016-05-25 04:07:49,Role 1,87,1.0,-1,{}
74,Cancelar Solicitud,2016-05-25 04:24:24,2016-05-25 04:24:43,Role 2,85,1.2653729838709677,-1,{}
76,Radicar Solicitud Homologacion,2016-05-25 04:36:56,2016-05-25 04:40:38,Role 1,87,1.1023185483870968,-1,{}
44,Cancelar Solicitud,2016-05-25 05:18:54,2016-05-25 05:20:42,Role 2,77,1.2653729838709677,-1,{}
75,Cancelar Solicitud,2016-05-25 05:34:21,2016-05-25 05:34:34,Role 2,86,1.2653729838709677,-1,{}
77,Traer informacion estudiante - banner,2016-05-25 05:37:16,2016-05-25 05:37:33,Role 1,88,1.0,-1,{}
45,Cancelar Solicitud,2016-05-25 06:04:15,2016-05-25 06:04:15,Role 2,78,1.2653729838709677,-1,{}
77,Radicar Solicitud Homologacion,2016-05-25 06:05:41,2016-05-25 06:09:19,Role 1,88,1.1023185483870968,-1,{}
7,Notificacion estudiante cancelacion soli,2016-05-25 06:54:17,2016-05-25 06:54:17,Role 2,65,1.0,-1,{}
77,Validar solicitud,2016-05-25 06:48:11,2016-05-25 07:04:09,Role 2,88,1.2416834677419355,-1,{}
77,Homologacion por grupo de cursos,2016-05-25 07:04:13,2016-05-25 07:04:13,Role 3,87,1.5632560483870968,-1,{}
8,Notificacion estudiante cancelacion soli,2016-05-25 07:06:53,2016-05-25 07:06:53,Role 2,66,1.0,-1,{}
76,Cancelar Solicitud,2016-05-25 07:20:28,2016-05-25 07:20:39,Role 2,87,1.2653729838709677,-1,{}
46,Cancelar Solicitud,2016-05-25 07:30:45,2016-05-25 07:30:45,Role 2,78,1.2653729838709677,-1,{}
78,Traer informacion estudiante - banner,2016-05-25 08:24:36,2016-05-25 08:24:53,Role 1,86,1.0,-1,{}
61,Validar solicitud,2016-05-25 07:59:57,2016-05-25 08:33:23,Role 2,76,1.2416834677419355,-1,{}
78,Radicar Solicitud Homologacion,2016-05-25 08:53:16,2016-05-25 08:56:24,Role 1,86,1.1023185483870968,-1,{}
79,Traer informacion estudiante - banner,2016-05-25 09:47:32,2016-05-25 09:47:48,Role 1,87,1.0,-1,{}
28,Homologacion por grupo de cursos,2016-05-25 09:48:25,2016-05-25 09:49:03,Role 3,75,1.5632560483870968,-1,{}
72,Validar solicitud,2016-05-25 10:04:17,2016-05-25 10:14:24,Role 2,83,1.2416834677419355,-1,{}
79,Radicar Solicitud Homologacion,2016-05-25 10:16:55,2016-05-25 10:20:05,Role 1,87,1.1023185483870968,-1,{}
62,Validar solicitud,2016-05-25 10:24:55,2016-05-25 10:56:33,Role 2,76,1.2416834677419355,-1,{}
54,Homologacion por grupo de cursos,2016-05-25 11:13:48,2016-05-25 11:14:22,Role 3,83,1.5632560483870968,-1,{}
79,Validar solicitud,2016-05-25 11:01:05,2016-05-25 11:14:55,Role 2,86,1.2416834677419355,-1,{}
79,Homologacion por grupo de cursos,2016-05-25 11:14:59,2016-05-25 11:14:59,Role 3,85,1.5632560483870968,-1,{}
79,Revisar curso,2016-05-25 11:15:03,2016-05-25 11:15:10,Role 2,85,1.047883064516129,-1,{}
79,Cancelar curso,2016-05-25 11:15:14,2016-05-25 11:15:14,Role 1,85,1.001008064516129,-1,{}
78,Cancelar Solicitud,2016-05-25 11:25:07,2016-05-25 11:25:08,Role 2,86,1.2653729838709677,-1,{}
80,Traer informacion estudiante - banner,2016-05-25 12:09:58,2016-05-25 12:10:14,Role 1,85,1.0,-1,{}
80,Radicar Solicitud Homologacion,2016-05-25 12:41:23,2016-05-25 12:44:17,Role 1,85,1.1023185483870968,-1,{}
81,Traer informacion estudiante - banner,2016-05-25 14:31:21,2016-05-25 14:31:38,Role 1,86,1.0,-1,{}
81,Radicar Solicitud Homologacion,2016-05-25 15:01:45,2016-05-25 15:04:34,Role 1,86,1.1023185483870968,-1,{}
80,Cancelar Solicitud,2016-05-25 15:24:34,2016-05-25 15:24:34,Role 2,85,1.2653729838709677,-1,{}
82,Traer informacion estudiante - banner,2016-05-25 15:40:18,2016-05-25 15:40:36,Role 1,87,1.0,-1,{}
81,Validar solicitud,2016-05-25 15:46:26,2016-05-25 15:58:15,Role 2,86,2.2416834677419355,-1,{}
81,Homologacion por grupo de cursos,2016-05-25 15:58:19,2016-05-25 15:58:19,Role 3,87,1.5632560483870968,-1,{}
65,Validar solicitud,2016-05-25 15:43:48,2016-05-25 16:11:36,Role 2,77,1.2416834677419355,-1,{}
82,Radicar Solicitud Homologacion,2016-05-25 16:09:43,2016-05-25 16:12:40,Role 1,87,1.1023185483870968,-1,{}
83,Traer informacion estudiante - banner,2016-05-25 16:23:01,2016-05-25 16:23:19,Role 1,87,1.0,-1,{}
41,Cancelar Solicitud,2016-05-25 16:40:44,2016-05-25 16:42:00,Role 2,75,1.2653729838709677,-1,{}
83,Radicar Solicitud Homologacion,2016-05-25 16:52:26,2016-05-25 16:55:12,Role 1,87,1.1023185483870968,-1,{}
82,Validar solicitud,2016-05-25 16:53:40,2016-05-25 17:05:14,Role 2,86,1.2416834677419355,-1,{}
82,Homologacion por grupo de cursos,2016-05-25 17:05:18,2016-05-25 17:05:18,Role 3,87,1.5632560483870968,-1,{}
82,Revisar curso,2016-05-25 17:05:22,2016-05-25 17:05:26,Role 2,87,1.047883064516129,-1,{}
82,Evaluacion curso,2016-05-25 17:05:30,2016-05-25 17:05:30,Role 4,87,1.0778729838709677,-1,{}
82,Validar solicitud / pre-homologacion,2016-05-25 17:05:34,2016-05-25 17:05:34,Role 2,87,1.0128528225806452,-1,{}
82,Avanzar recepcion documentos,2016-05-25 17:05:38,2016-05-25 17:05:38,Role 8,87,1.002016129032258,-1,{}
82,Validacion final,2016-05-25 17:05:42,2016-05-25 17:05:44,Role 2,87,1.0100806451612903,-1,{}
82,Visto Bueno Cierre Proceso,2016-05-25 17:11:14,2016-05-25 17:11:16,Role 3,87,1.0327620967741935,-1,{}
82,Transferir Creditos,2016-05-25 17:18:15,2016-05-25 17:18:18,Role 3,87,1.0005040322580645,-1,{}
82,Transferir creditos homologables,2016-05-25 17:25:41,2016-05-25 17:25:42,Role 3,87,1.001008064516129,-1,{}
84,Traer informacion estudiante - banner,2016-05-25 17:52:29,2016-05-25 17:52:48,Role 1,87,1.0,-1,{}
84,Radicar Solicitud Homologacion,2016-05-25 18:21:55,2016-05-25 18:24:36,Role 1,87,1.1023185483870968,-1,{}
72,Homologacion por grupo de cursos,2016-05-25 18:30:43,2016-05-25 18:30:43,Role 3,86,1.5632560483870968,-1,{}
85,Traer informacion estudiante - banner,2016-05-25 19:06:43,2016-05-25 19:07:02,Role 1,87,1.0,-1,{}
84,Validar solicitud,2016-05-25 19:04:58,2016-05-25 19:16:30,Role 2,87,1.2416834677419355,-1,{}
84,Recepcion de documentos,2016-05-25 19:16:34,2016-05-25 19:16:34,Role 2,87,1.0148689516129032,-1,{}
84,Homologacion por grupo de cursos,2016-05-25 19:16:38,2016-05-25 19:16:38,Role 3,87,1.5632560483870968,-1,{}
84,Revisar curso,2016-05-25 19:16:42,2016-05-25 19:16:42,Role 2,87,1.047883064516129,-1,{}
84,Homologacion por grupo de cursos,2016-05-25 19:16:46,2016-05-25 19:16:46,Role 3,87,1.5632560483870968,-1,{}
84,Revisar curso,2016-05-25 19:16:50,2016-05-25 19:16:50,Role 2,87,1.047883064516129,-1,{}
84,Cancelar curso,2016-05-25 19:16:54,2016-05-25 19:16:55,Role 1,87,1.001008064516129,-1,{}
83,Cancelar Solicitud,2016-05-25 19:28:01,2016-05-25 19:28:01,Role 2,87,1.2653729838709677,-1,{}
85,Radicar Solicitud Homologacion,2016-05-25 19:34:28,2016-05-25 19:37:08,Role 1,87,1.1023185483870968,-1,{}
67,Validar solicitud,2016-05-25 19:14:03,2016-05-25 19:39:22,Role 2,79,2.2416834677419355,-1,{}
86,Traer informacion estudiante - banner,2016-05-25 20:00:25,2016-05-25 20:00:45,Role 1,87,1.0,-1,{}
43,Cancelar Solicitud,2016-05-25 19:59:53,2016-05-25 20:00:57,Role 2,77,1.2653729838709677,-1,{}
85,Validar solicitud,2016-05-25 20:12:26,2016-05-25 20:23:11,Role 2,86,1.2416834677419355,-1,{}
85,Recepcion de documentos,2016-05-25 20:23:15,2016-05-25 20:23:15,Role 2,87,1.0148689516129032,-1,{}
85,Homologacion por grupo de cursos,2016-05-25 20:23:19,2016-05-25 20:23:19,Role 3,87,1.5632560483870968,-1,{}
86,Radicar Solicitud Homologacion,2016-05-25 20:28:11,2016-05-25 20:30:40,Role 1,87,1.1023185483870968,-1,{}
86,Validar solicitud,2016-05-25 21:08:05,2016-05-25 21:19:08,Role 2,86,1.2416834677419355,-1,{}
86,Recepcion de documentos,2016-05-25 21:19:12,2016-05-25 21:19:12,Role 2,86,1.0148689516129032,-1,{}
86,Homologacion por grupo de cursos,2016-05-25 21:19:16,2016-05-25 21:19:16,Role 3,86,1.5632560483870968,-1,{}
86,Revisar curso,2016-05-25 21:19:20,2016-05-25 21:19:20,Role 2,86,1.047883064516129,-1,{}
86,Evaluacion curso,2016-05-25 21:19:24,2016-05-25 21:19:24,Role 4,86,1.0778729838709677,-1,{}
86,Validar solicitud / pre-homologacion,2016-05-25 21:19:28,2016-05-25 21:19:28,Role 2,86,1.0128528225806452,-1,{}
86,Avanzar recepcion documentos,2016-05-25 21:19:32,2016-05-25 21:19:32,Role 8,86,1.002016129032258,-1,{}
86,Validacion final,2016-05-25 21:25:18,2016-05-25 21:25:20,Role 2,86,1.0100806451612903,-1,{}
58,Recepcion de documentos,2016-05-25 21:24:53,2016-05-25 21:25:21,Role 2,86,1.0148689516129032,-1,{}
86,Visto Bueno Cierre Proceso,2016-05-25 21:32:14,2016-05-25 21:32:15,Role 3,86,1.0327620967741935,-1,{}
86,Transferir Creditos,2016-05-25 21:39:35,2016-05-25 21:39:37,Role 3,86,1.0005040322580645,-1,{}
86,Transferir creditos homologables,2016-05-25 21:47:02,2016-05-25 21:47:04,Role 3,86,1.001008064516129,-1,{}
68,Validar solicitud,2016-05-25 21:22:55,2016-05-25 21:48:23,Role 2,79,1.2416834677419355,-1,{}
87,Traer informacion estudiante - banner,2016-05-25 22:12:25,2016-05-25 22:12:45,Role 1,86,1.0,-1,{}
87,Radicar Solicitud Homologacion,2016-05-25 22:42:52,2016-05-25 22:45:20,Role 1,86,1.1023185483870968,-1,{}
87,Validar solicitud,2016-05-25 23:27:12,2016-05-25 23:38:05,Role 2,86,1.2416834677419355,-1,{}
87,Homologacion por grupo de cursos,2016-05-25 23:38:09,2016-05-25 23:38:09,Role 3,86,1.5632560483870968,-1,{}
87,Revisar curso,2016-05-25 23:38:13,2016-05-25 23:38:22,Role 2,86,1.047883064516129,-1,{}
87,Evaluacion curso,2016-05-25 23:38:26,2016-05-25 23:38:26,Role 4,86,1.0778729838709677,-1,{}
87,Validacion final,2016-05-25 23:38:30,2016-05-25 23:38:30,Role 2,86,1.0100806451612903,-1,{}
87,Visto Bueno Cierre Proceso,2016-05-25 23:38:34,2016-05-25 23:38:34,Role 3,86,1.0327620967741935,-1,{}
88,Traer informacion estudiante - banner,2016-05-26 00:35:13,2016-05-26 00:36:10,Role 1,86,1.0,-1,{}
69,Validar solicitud,2016-05-26 00:25:24,2016-05-26 01:00:42,Role 2,82,1.2416834677419355,-1,{}
89,Traer informacion estudiante - banner,2016-05-26 01:21:37,2016-05-26 01:22:30,Role 1,87,1.0,-1,{}
90,Traer informacion estudiante - banner,2016-05-26 02:47:36,2016-05-26 02:48:27,Role 1,88,1.0,-1,{}
61,Recepcion de documentos,2016-05-26 03:07:27,2016-05-26 03:08:22,Role 2,86,1.0148689516129032,-1,{}
73,Notificacion estudiante cancelacion soli,2016-05-26 04:21:22,2016-05-26 04:21:22,Role 2,86,1.0,-1,{}
88,Radicar Solicitud Homologacion,2016-05-26 04:41:09,2016-05-26 04:51:06,Role 1,86,1.1023185483870968,-1,{}
74,Notificacion estudiante cancelacion soli,2016-05-26 04:52:06,2016-05-26 04:52:06,Role 2,87,1.0,-1,{}
62,Recepcion de documentos,2016-05-26 05:21:58,2016-05-26 05:22:37,Role 2,86,1.0148689516129032,-1,{}
75,Notificacion estudiante cancelacion soli,2016-05-26 05:29:37,2016-05-26 05:29:37,Role 2,87,1.0,-1,{}
89,Radicar Solicitud Homologacion,2016-05-26 05:34:12,2016-05-26 05:44:03,Role 1,87,1.1023185483870968,-1,{}
58,Homologacion por grupo de cursos,2016-05-26 05:59:30,2016-05-26 06:00:38,Role 3,86,1.5632560483870968,-1,{}
91,Traer informacion estudiante - banner,2016-05-26 06:11:22,2016-05-26 06:12:05,Role 1,85,1.0,-1,{}
90,Radicar Solicitud Homologacion,2016-05-26 06:51:08,2016-05-26 07:00:37,Role 1,88,1.1023185483870968,-1,{}
76,Notificacion estudiante cancelacion soli,2016-05-26 08:18:02,2016-05-26 08:18:02,Role 2,85,1.0,-1,{}
92,Traer informacion estudiante - banner,2016-05-26 09:05:12,2016-05-26 09:05:51,Role 1,85,1.0,-1,{}
65,Homologacion por grupo de cursos,2016-05-26 09:54:16,2016-05-26 09:54:16,Role 3,86,1.5632560483870968,-1,{}
91,Radicar Solicitud Homologacion,2016-05-26 10:42:21,2016-05-26 10:50:29,Role 1,85,1.1023185483870968,-1,{}
78,Notificacion estudiante cancelacion soli,2016-05-26 11:12:28,2016-05-26 11:12:28,Role 2,84,1.0,-1,{}
89,Validar solicitud,2016-05-26 11:51:18,2016-05-26 12:23:25,Role 2,85,1.2416834677419355,-1,{}
90,Validar solicitud,2016-05-26 12:56:48,2016-05-26 13:27:52,Role 2,85,1.2416834677419355,-1,{}
88,Cancelar Solicitud,2016-05-26 13:31:50,2016-05-26 13:32:54,Role 2,87,1.2653729838709677,-1,{}
92,Radicar Solicitud Homologacion,2016-05-26 13:36:07,2016-05-26 13:43:29,Role 1,85,1.1023185483870968,-1,{}
67,Homologacion por grupo de cursos,2016-05-26 14:09:27,2016-05-26 14:09:27,Role 3,86,1.5632560483870968,-1,{}
93,Traer informacion estudiante - banner,2016-05-26 14:47:06,2016-05-26 14:47:40,Role 1,85,1.0,-1,{}
80,Notificacion estudiante cancelacion soli,2016-05-26 15:55:27,2016-05-26 15:55:27,Role 2,86,1.0,-1,{}
94,Traer informacion estudiante - banner,2016-05-26 16:02:51,2016-05-26 16:03:25,Role 1,85,1.0,-1,{}
68,Recepcion de documentos,2016-05-26 16:54:47,2016-05-26 16:54:54,Role 2,85,1.0148689516129032,-1,{}
61,Homologacion por grupo de cursos,2016-05-26 18:15:09,2016-05-26 18:16:28,Role 3,88,1.5632560483870968,-1,{}
83,Notificacion estudiante cancelacion soli,2016-05-26 18:43:47,2016-05-26 18:43:47,Role 2,86,1.0,-1,{}
95,Traer informacion estudiante - banner,2016-05-26 19:15:41,2016-05-26 19:16:13,Role 1,85,1.0,-1,{}
93,Radicar Solicitud Homologacion,2016-05-26 19:17:56,2016-05-26 19:24:10,Role 1,85,1.1023185483870968,-1,{}
89,Homologacion por grupo de cursos,2016-05-26 19:59:29,2016-05-26 19:59:29,Role 3,84,1.5632560483870968,-1,{}
62,Homologacion por grupo de cursos,2016-05-26 20:19:52,2016-05-26 20:20:57,Role 3,86,1.5632560483870968,-1,{}
91,Cancelar Solicitud,2016-05-26 20:30:48,2016-05-26 20:31:03,Role 2,85,1.2653729838709677,-1,{}
94,Radicar Solicitud Homologacion,2016-05-26 20:33:41,2016-05-26 20:39:58,Role 1,85,1.1023185483870968,-1,{}
90,Recepcion de documentos,2016-05-26 20:39:28,2016-05-26 20:40:13,Role 2,84,1.0148689516129032,-1,{}
92,Validar solicitud,2016-05-26 20:19:22,2016-05-26 20:46:27,Role 2,84,1.2416834677419355,-1,{}
57,Cancelar Solicitud,2016-05-26 20:58:56,2016-05-26 21:00:05,Role 2,75,1.2653729838709677,-1,{}
96,Traer informacion estudiante - banner,2016-05-26 21:09:57,2016-05-26 21:10:28,Role 1,85,1.0,-1,{}
97,Traer informacion estudiante - banner,2016-05-26 22:20:21,2016-05-26 22:20:52,Role 1,86,1.0,-1,{}
98,Traer informacion estudiante - banner,2016-05-26 23:32:07,2016-05-26 23:32:38,Role 1,87,1.0,-1,{}
95,Radicar Solicitud Homologacion,2016-05-26 23:46:29,2016-05-26 23:52:04,Role 1,85,1.1023185483870968,-1,{}
65,Revisar curso,2016-05-27 00:14:18,2016-05-27 00:16:07,Role 2,85,1.047883064516129,-1,{}
99,Traer informacion estudiante - banner,2016-05-27 00:49:51,2016-05-27 00:51:10,Role 1,88,1.0,-1,{}
100,Traer informacion estudiante - banner,2016-05-27 01:18:28,2016-05-27 01:19:47,Role 1,89,1.0,-1,{}
99,Radicar Solicitud Homologacion,2016-05-27 01:32:17,2016-05-27 01:44:20,Role 1,88,1.1023185483870968,-1,{}
96,Radicar Solicitud Homologacion,2016-05-27 01:40:44,2016-05-27 01:48:04,Role 1,85,2.102318548387097,-1,{}
47,Homologacion por grupo de cursos,2016-05-27 01:58:12,2016-05-27 02:01:24,Role 3,76,1.5632560483870968,-1,{}
100,Radicar Solicitud Homologacion,2016-05-27 01:58:51,2016-05-27 02:12:40,Role 1,89,1.1023185483870968,-1,{}
93,Validar solicitud,2016-05-27 01:54:18,2016-05-27 02:13:38,Role 2,85,1.2416834677419355,-1,{}
90,Homologacion por grupo de cursos,2016-05-27 02:17:48,2016-05-27 02:19:25,Role 3,84,1.5632560483870968,-1,{}
59,Cancelar Solicitud,2016-05-27 02:35:08,2016-05-27 02:38:09,Role 2,77,1.2653729838709677,-1,{}
97,Radicar Solicitud Homologacion,2016-05-27 02:41:45,2016-05-27 02:49:57,Role 1,86,1.1023185483870968,-1,{}
94,Validar solicitud,2016-05-27 02:50:18,2016-05-27 03:08:16,Role 2,84,1.2416834677419355,-1,{}
98,Radicar Solicitud Homologacion,2016-05-27 03:44:20,2016-05-27 03:52:20,Role 1,87,1.1023185483870968,-1,{}
96,Validar solicitud,2016-05-27 04:08:28,2016-05-27 04:24:55,Role 2,89,1.2416834677419355,-1,{}
92,Recepcion de documentos,2016-05-27 04:32:50,2016-05-27 04:33:49,Role 2,84,1.0148689516129032,-1,{}
61,Revisar curso,2016-05-27 04:32:51,2016-05-27 04:34:32,Role 2,85,1.047883064516129,-1,{}
67,Revisar curso,2016-05-27 04:50:35,2016-05-27 04:51:52,Role 2,84,1.047883064516129,-1,{}
96,Homologacion por grupo de cursos,2016-05-27 04:56:00,2016-05-27 04:56:41,Role 3,87,1.5632560483870968,-1,{}
96,Revisar curso,2016-05-27 04:56:45,2016-05-27 04:58:49,Role 2,87,1.047883064516129,-1,{}
96,Homologacion por grupo de cursos,2016-05-27 04:58:53,2016-05-27 04:59:38,Role 3,87,1.5632560483870968,-1,{}
96,Revisar curso,2016-05-27 04:59:42,2016-05-27 05:01:00,Role 2,87,1.047883064516129,-1,{}
96,Cancelar curso,2016-05-27 05:01:04,2016-05-27 05:02:00,Role 1,87,1.001008064516129,-1,{}
93,Homologacion por grupo de cursos,2016-05-27 05:05:13,2016-05-27 05:05:50,Role 3,88,1.5632560483870968,-1,{}
60,Cancelar Solicitud,2016-05-27 05:04:25,2016-05-27 05:06:58,Role 2,76,1.2653729838709677,-1,{}
93,Revisar curso,2016-05-27 05:05:54,2016-05-27 05:08:07,Role 2,86,1.047883064516129,-1,{}
93,Cancelar curso,2016-05-27 05:08:11,2016-05-27 05:09:02,Role 1,86,1.001008064516129,-1,{}
94,Recepcion de documentos,2016-05-27 05:46:21,2016-05-27 05:47:54,Role 2,87,1.0148689516129032,-1,{}
94,Homologacion por grupo de cursos,2016-05-27 05:47:58,2016-05-27 05:49:26,Role 3,85,1.5632560483870968,-1,{}
98,Validar solicitud,2016-05-27 06:07:10,2016-05-27 06:24:57,Role 2,87,1.2416834677419355,-1,{}
62,Revisar curso,2016-05-27 06:24:48,2016-05-27 06:26:07,Role 2,84,1.047883064516129,-1,{}
95,Validar solicitud,2016-05-27 06:10:50,2016-05-27 06:26:13,Role 2,87,2.2416834677419355,-1,{}
92,Homologacion por grupo de cursos,2016-05-27 06:26:37,2016-05-27 06:28:23,Role 3,87,1.5632560483870968,-1,{}
92,Revisar curso,2016-05-27 06:28:27,2016-05-27 06:29:39,Role 2,84,1.047883064516129,-1,{}
92,Cancelar curso,2016-05-27 06:29:43,2016-05-27 06:30:33,Role 1,84,1.001008064516129,-1,{}
98,Homologacion por grupo de cursos,2016-05-27 06:39:48,2016-05-27 06:40:19,Role 3,84,1.5632560483870968,-1,{}
98,Revisar curso,2016-05-27 06:40:23,2016-05-27 06:42:06,Role 2,83,1.047883064516129,-1,{}
98,Cancelar curso,2016-05-27 06:42:10,2016-05-27 06:42:58,Role 1,83,1.001008064516129,-1,{}
100,Validar solicitud,2016-05-27 07:06:01,2016-05-27 07:25:17,Role 2,88,1.2416834677419355,-1,{}
69,Homologacion por grupo de cursos,2016-05-27 07:52:33,2016-05-27 07:52:33,Role 3,86,1.5632560483870968,-1,{}
29,Notificacion estudiante cancelacion soli,2016-05-27 08:03:44,2016-05-27 08:03:44,Role 2,72,1.0,-1,{}
68,Homologacion por grupo de cursos,2016-05-27 08:21:22,2016-05-27 08:22:07,Role 3,85,1.5632560483870968,-1,{}
97,Cancelar Solicitud,2016-05-27 08:21:34,2016-05-27 08:23:01,Role 2,87,1.2653729838709677,-1,{}
95,Recepcion de documentos,2016-05-27 09:24:02,2016-05-27 09:24:39,Role 2,84,1.0148689516129032,-1,{}
61,Homologacion por grupo de cursos,2016-05-27 09:23:59,2016-05-27 09:24:44,Role 3,87,1.5632560483870968,-1,{}
95,Homologacion por grupo de cursos,2016-05-27 09:27:51,2016-05-27 09:28:46,Role 3,79,1.5632560483870968,-1,{}
95,Revisar curso,2016-05-27 09:28:50,2016-05-27 09:29:30,Role 2,78,1.047883064516129,-1,{}
95,Homologacion por grupo de cursos,2016-05-27 09:29:34,2016-05-27 09:30:01,Role 3,78,1.5632560483870968,-1,{}
95,Revisar curso,2016-05-27 09:30:05,2016-05-27 09:30:47,Role 2,78,1.047883064516129,-1,{}
95,Evaluacion curso,2016-05-27 09:30:51,2016-05-27 09:31:22,Role 4,78,1.0778729838709677,-1,{}
95,Validar solicitud / pre-homologacion,2016-05-27 09:31:26,2016-05-27 09:31:57,Role 2,78,1.0128528225806452,-1,{}
30,Notificacion estudiante cancelacion soli,2016-05-27 10:07:26,2016-05-27 10:07:26,Role 2,74,1.0,-1,{}
101,Traer informacion estudiante - banner,2016-05-27 10:22:12,2016-05-27 10:23:09,Role 1,77,1.0,-1,{}
31,Notificacion estudiante cancelacion soli,2016-05-27 10:51:52,2016-05-27 10:51:52,Role 2,73,1.0,-1,{}
63,Cancelar Solicitud,2016-05-27 11:10:07,2016-05-27 11:11:24,Role 2,76,1.2653729838709677,-1,{}
102,Traer informacion estudiante - banner,2016-05-27 11:17:28,2016-05-27 11:18:24,Role 1,77,1.0,-1,{}
65,Cancelar curso,2016-05-27 11:20:50,2016-05-27 11:21:32,Role 1,87,1.001008064516129,-1,{}
101,Radicar Solicitud Homologacion,2016-05-27 11:29:58,2016-05-27 11:37:56,Role 1,77,1.1023185483870968,-1,{}
100,Recepcion de documentos,2016-05-27 11:37:36,2016-05-27 11:39:21,Role 2,82,1.0148689516129032,-1,{}
100,Homologacion por grupo de cursos,2016-05-27 11:39:25,2016-05-27 11:40:54,Role 3,76,1.5632560483870968,-1,{}
62,Cancelar curso,2016-05-27 12:15:08,2016-05-27 12:15:51,Role 1,84,1.001008064516129,-1,{}
102,Radicar Solicitud Homologacion,2016-05-27 12:25:13,2016-05-27 12:32:54,Role 1,77,1.1023185483870968,-1,{}
64,Cancelar Solicitud,2016-05-27 13:00:38,2016-05-27 13:01:43,Role 2,75,1.2653729838709677,-1,{}
103,Traer informacion estudiante - banner,2016-05-27 14:24:53,2016-05-27 14:25:45,Role 1,75,1.0,-1,{}
104,Traer informacion estudiante - banner,2016-05-27 15:13:51,2016-05-27 15:14:42,Role 1,76,1.0,-1,{}
103,Radicar Solicitud Homologacion,2016-05-27 15:37:56,2016-05-27 15:44:53,Role 1,75,1.1023185483870968,-1,{}
67,Cancelar curso,2016-05-27 16:05:52,2016-05-27 16:06:23,Role 1,87,1.001008064516129,-1,{}
105,Traer informacion estudiante - banner,2016-05-27 16:06:31,2016-05-27 16:07:21,Role 1,76,1.0,-1,{}
66,Cancelar Solicitud,2016-05-27 16:09:02,2016-05-27 16:09:50,Role 2,78,1.2653729838709677,-1,{}
37,Notificacion estudiante cancelacion soli,2016-05-27 16:22:13,2016-05-27 16:22:13,Role 2,73,1.0,-1,{}
104,Radicar Solicitud Homologacion,2016-05-27 16:24:10,2016-05-27 16:30:59,Role 1,76,1.1023185483870968,-1,{}
106,Traer informacion estudiante - banner,2016-05-27 17:04:36,2016-05-27 17:05:26,Role 1,76,1.0,-1,{}
105,Radicar Solicitud Homologacion,2016-05-27 17:16:49,2016-05-27 17:23:30,Role 1,76,1.1023185483870968,-1,{}
18,Notificacion estudiante cancelacion soli,2016-05-27 17:47:39,2016-05-27 17:47:39,Role 2,66,1.0,-1,{}
38,Notificacion estudiante cancelacion soli,2016-05-27 17:54:10,2016-05-27 17:54:10,Role 2,73,1.0,-1,{}
106,Radicar Solicitud Homologacion,2016-05-27 18:14:54,2016-05-27 18:21:19,Role 1,76,1.1023185483870968,-1,{}
107,Traer informacion estudiante - banner,2016-05-27 18:27:15,2016-05-27 18:28:03,Role 1,75,1.0,-1,{}
108,Traer informacion estudiante - banner,2016-05-27 18:59:43,2016-05-27 19:00:31,Role 1,76,1.0,-1,{}
107,Radicar Solicitud Homologacion,2016-05-27 19:40:14,2016-05-27 19:46:25,Role 1,75,1.1023185483870968,-1,{}
39,Notificacion estudiante cancelacion soli,2016-05-27 20:00:36,2016-05-27 20:00:36,Role 2,74,1.0,-1,{}
108,Radicar Solicitud Homologacion,2016-05-27 20:09:59,2016-05-27 20:16:05,Role 1,76,1.1023185483870968,-1,{}
40,Notificacion estudiante cancelacion soli,2016-05-27 20:27:34,2016-05-27 20:27:34,Role 2,72,1.0,-1,{}
109,Traer informacion estudiante - banner,2016-05-27 21:28:33,2016-05-27 21:29:19,Role 1,75,1.0,-1,{}
103,Validar solicitud,2016-05-27 21:31:36,2016-05-27 21:40:37,Role 2,76,1.2416834677419355,-1,{}
110,Traer informacion estudiante - banner,2016-05-27 22:03:37,2016-05-27 22:04:23,Role 1,76,1.0,-1,{}
111,Traer informacion estudiante - banner,2016-05-27 22:25:36,2016-05-27 22:26:24,Role 1,77,1.0,-1,{}
104,Validar solicitud,2016-05-27 22:19:14,2016-05-27 22:27:53,Role 2,75,1.2416834677419355,-1,{}
109,Radicar Solicitud Homologacion,2016-05-27 22:41:30,2016-05-27 22:47:11,Role 1,75,1.1023185483870968,-1,{}
105,Validar solicitud,2016-05-27 23:09:26,2016-05-27 23:17:51,Role 2,76,1.2416834677419355,-1,{}
110,Radicar Solicitud Homologacion,2016-05-27 23:13:51,2016-05-27 23:19:42,Role 1,76,1.1023185483870968,-1,{}
111,Radicar Solicitud Homologacion,2016-05-27 23:25:07,2016-05-27 23:30:38,Role 1,77,1.1023185483870968,-1,{}
112,Traer informacion estudiante - banner,2016-05-27 23:54:35,2016-05-27 23:55:20,Role 1,78,1.0,-1,{}
19,Notificacion estudiante cancelacion soli,2016-05-28 00:22:28,2016-05-28 00:22:28,Role 2,69,1.0,-1,{}
70,Cancelar Solicitud,2016-05-28 00:26:48,2016-05-28 00:26:48,Role 2,82,1.2653729838709677,-1,{}
112,Radicar Solicitud Homologacion,2016-05-28 00:59:34,2016-05-28 01:05:45,Role 1,78,1.1023185483870968,-1,{}
113,Traer informacion estudiante - banner,2016-05-28 01:14:22,2016-05-28 01:14:48,Role 1,78,1.0,-1,{}
99,Cancelar Solicitud,2016-05-28 01:51:25,2016-05-28 01:52:21,Role 2,89,1.2653729838709677,-1,{}
108,Validar solicitud,2016-05-28 02:04:20,2016-05-28 02:14:15,Role 2,75,1.2416834677419355,-1,{}
114,Traer informacion estudiante - banner,2016-05-28 02:19:43,2016-05-28 02:20:08,Role 1,79,1.0,-1,{}
71,Cancelar Solicitud,2016-05-28 02:25:18,2016-05-28 02:25:18,Role 2,83,1.2653729838709677,-1,{}
22,Notificacion estudiante cancelacion soli,2016-05-28 02:51:19,2016-05-28 02:51:19,Role 2,69,1.0,-1,{}
103,Recepcion de documentos,2016-05-28 03:37:21,2016-05-28 03:37:30,Role 2,75,1.0148689516129032,-1,{}
21,Notificacion estudiante cancelacion soli,2016-05-28 03:59:07,2016-05-28 03:59:07,Role 2,69,1.0,-1,{}
115,Traer informacion estudiante - banner,2016-05-28 04:14:32,2016-05-28 04:14:56,Role 1,78,1.0,-1,{}
104,Recepcion de documentos,2016-05-28 04:17:49,2016-05-28 04:17:56,Role 2,77,1.0148689516129032,-1,{}
105,Homologacion por grupo de cursos,2016-05-28 04:35:45,2016-05-28 04:35:45,Role 3,77,1.5632560483870968,-1,{}
110,Validar solicitud,2016-05-28 05:03:19,2016-05-28 05:11:49,Role 2,77,1.2416834677419355,-1,{}
113,Radicar Solicitud Homologacion,2016-05-28 05:51:12,2016-05-28 05:55:18,Role 1,78,1.1023185483870968,-1,{}
114,Radicar Solicitud Homologacion,2016-05-28 06:47:29,2016-05-28 06:51:29,Role 1,79,1.1023185483870968,-1,{}
25,Notificacion estudiante cancelacion soli,2016-05-28 08:31:56,2016-05-28 08:31:56,Role 2,72,1.0,-1,{}
116,Traer informacion estudiante - banner,2016-05-28 08:34:21,2016-05-28 08:34:44,Role 1,77,1.0,-1,{}
115,Radicar Solicitud Homologacion,2016-05-28 08:51:20,2016-05-28 08:55:00,Role 1,78,1.1023185483870968,-1,{}
88,Notificacion estudiante cancelacion soli,2016-05-28 08:59:57,2016-05-28 08:59:57,Role 2,84,1.0,-1,{}
27,Notificacion estudiante cancelacion soli,2016-05-28 09:57:12,2016-05-28 09:57:12,Role 2,73,1.0,-1,{}
117,Traer informacion estudiante - banner,2016-05-28 09:58:58,2016-05-28 09:59:21,Role 1,76,1.0,-1,{}
101,Cancelar Solicitud,2016-05-28 10:03:21,2016-05-28 10:03:27,Role 2,76,1.2653729838709677,-1,{}
118,Traer informacion estudiante - banner,2016-05-28 11:34:07,2016-05-28 11:34:29,Role 1,77,1.0,-1,{}
102,Cancelar Solicitud,2016-05-28 12:02:25,2016-05-28 12:02:26,Role 2,74,1.2653729838709677,-1,{}
116,Radicar Solicitud Homologacion,2016-05-28 13:20:20,2016-05-28 13:23:26,Role 1,77,1.1023185483870968,-1,{}
119,Traer informacion estudiante - banner,2016-05-28 14:53:03,2016-05-28 14:53:25,Role 1,78,1.0,-1,{}
117,Radicar Solicitud Homologacion,2016-05-28 14:54:20,2016-05-28 14:57:15,Role 1,76,1.1023185483870968,-1,{}
120,Traer informacion estudiante - banner,2016-05-28 15:15:21,2016-05-28 15:15:43,Role 1,79,1.0,-1,{}
118,Radicar Solicitud Homologacion,2016-05-28 16:20:05,2016-05-28 16:22:55,Role 1,77,1.1023185483870968,-1,{}
121,Traer informacion estudiante - banner,2016-05-28 16:42:56,2016-05-28 16:43:18,Role 1,80,1.0,-1,{}
91,Notificacion estudiante cancelacion soli,2016-05-28 17:01:12,2016-05-28 17:01:12,Role 2,84,1.0,-1,{}
122,Traer informacion estudiante - banner,2016-05-28 17:19:50,2016-05-28 17:20:12,Role 1,80,1.0,-1,{}
106,Cancelar Solicitud,2016-05-28 17:43:32,2016-05-28 17:43:32,Role 2,74,1.2653729838709677,-1,{}
123,Traer informacion estudiante - banner,2016-05-28 18:32:11,2016-05-28 18:32:34,Role 1,81,1.0,-1,{}
107,Cancelar Solicitud,2016-05-28 18:53:48,2016-05-28 18:53:48,Role 2,76,1.2653729838709677,-1,{}
119,Radicar Solicitud Homologacion,2016-05-28 19:29:49,2016-05-28 19:32:26,Role 1,78,1.1023185483870968,-1,{}
120,Radicar Solicitud Homologacion,2016-05-28 19:43:04,2016-05-28 19:45:42,Role 1,79,1.1023185483870968,-1,{}
121,Radicar Solicitud Homologacion,2016-05-28 21:01:46,2016-05-28 21:04:19,Role 1,80,1.1023185483870968,-1,{}
111,Cancelar Solicitud,2016-05-28 21:19:45,2016-05-28 21:19:45,Role 2,77,1.2653729838709677,-1,{}
122,Radicar Solicitud Homologacion,2016-05-28 21:38:40,2016-05-28 21:41:10,Role 1,80,1.1023185483870968,-1,{}
109,Cancelar Solicitud,2016-05-28 21:50:47,2016-05-28 21:50:47,Role 2,77,1.2653729838709677,-1,{}
123,Radicar Solicitud Homologacion,2016-05-28 22:42:18,2016-05-28 22:44:45,Role 1,81,1.1023185483870968,-1,{}
103,Homologacion por grupo de cursos,2016-05-29 00:03:38,2016-05-29 00:03:38,Role 3,78,1.5632560483870968,-1,{}
104,Homologacion por grupo de cursos,2016-05-29 00:36:54,2016-05-29 00:36:54,Role 3,78,1.5632560483870968,-1,{}
104,Revisar curso,2016-05-29 00:36:58,2016-05-29 00:37:19,Role 2,80,1.047883064516129,-1,{}
104,Homologacion por grupo de cursos,2016-05-29 00:37:23,2016-05-29 00:37:23,Role 3,80,1.5632560483870968,-1,{}
104,Revisar curso,2016-05-29 00:37:27,2016-05-29 00:37:37,Role 2,80,1.047883064516129,-1,{}
104,Evaluacion curso,2016-05-29 00:37:41,2016-05-29 00:37:41,Role 4,80,1.0778729838709677,-1,{}
104,Validar solicitud / pre-homologacion,2016-05-29 00:37:45,2016-05-29 00:37:45,Role 2,80,1.0128528225806452,-1,{}
124,Traer informacion estudiante - banner,2016-05-29 01:08:22,2016-05-29 01:08:49,Role 1,80,1.0,-1,{}
125,Traer informacion estudiante - banner,2016-05-29 03:24:19,2016-05-29 03:24:44,Role 1,81,1.0,-1,{}
124,Radicar Solicitud Homologacion,2016-05-29 04:39:17,2016-05-29 04:51:05,Role 1,80,1.1023185483870968,-1,{}
125,Radicar Solicitud Homologacion,2016-05-29 06:58:52,2016-05-29 07:10:01,Role 1,81,1.1023185483870968,-1,{}
126,Traer informacion estudiante - banner,2016-05-29 09:18:46,2016-05-29 09:19:09,Role 1,82,1.0,-1,{}
127,Traer informacion estudiante - banner,2016-05-29 10:01:20,2016-05-29 10:01:43,Role 1,83,1.0,-1,{}
34,Notificacion estudiante cancelacion soli,2016-05-29 10:59:13,2016-05-29 10:59:13,Role 2,77,1.0,-1,{}
42,Homologacion por grupo de cursos,2016-05-29 11:57:37,2016-05-29 11:57:37,Role 3,76,1.5632560483870968,-1,{}
108,Recepcion de documentos,2016-05-29 12:10:03,2016-05-29 12:10:03,Role 2,78,1.0148689516129032,-1,{}
126,Radicar Solicitud Homologacion,2016-05-29 12:56:59,2016-05-29 13:06:33,Role 1,82,1.1023185483870968,-1,{}
127,Radicar Solicitud Homologacion,2016-05-29 13:43:16,2016-05-29 13:52:45,Role 1,83,1.1023185483870968,-1,{}
110,Recepcion de documentos,2016-05-29 15:11:47,2016-05-29 15:11:47,Role 2,77,1.0148689516129032,-1,{}
97,Notificacion estudiante cancelacion soli,2016-05-29 15:27:27,2016-05-29 15:27:27,Role 2,79,1.0,-1,{}
128,Traer informacion estudiante - banner,2016-05-29 16:50:42,2016-05-29 16:51:03,Role 1,82,1.0,-1,{}
108,Homologacion por grupo de cursos,2016-05-29 18:17:40,2016-05-29 18:18:05,Role 3,82,1.5632560483870968,-1,{}
129,Traer informacion estudiante - banner,2016-05-29 19:45:49,2016-05-29 19:46:10,Role 1,82,1.0,-1,{}
130,Traer informacion estudiante - banner,2016-05-29 20:05:40,2016-05-29 20:06:01,Role 1,83,1.0,-1,{}
128,Radicar Solicitud Homologacion,2016-05-29 20:28:53,2016-05-29 20:36:47,Role 1,82,1.1023185483870968,-1,{}
110,Homologacion por grupo de cursos,2016-05-29 21:17:25,2016-05-29 21:17:42,Role 3,82,1.5632560483870968,-1,{}
131,Traer informacion estudiante - banner,2016-05-29 21:40:26,2016-05-29 21:40:47,Role 1,83,1.0,-1,{}
132,Traer informacion estudiante - banner,2016-05-29 22:11:53,2016-05-29 22:12:14,Role 1,84,1.0,-1,{}
129,Radicar Solicitud Homologacion,2016-05-29 23:24:00,2016-05-29 23:31:25,Role 1,82,1.1023185483870968,-1,{}
130,Radicar Solicitud Homologacion,2016-05-29 23:47:34,2016-05-29 23:54:59,Role 1,83,1.1023185483870968,-1,{}
131,Radicar Solicitud Homologacion,2016-05-30 01:22:20,2016-05-30 01:37:33,Role 1,83,1.1023185483870968,-1,{}
115,Validar solicitud,2016-05-30 01:49:00,2016-05-30 02:09:28,Role 2,77,1.2416834677419355,-1,{}
132,Radicar Solicitud Homologacion,2016-05-30 01:57:32,2016-05-30 02:13:23,Role 1,84,1.1023185483870968,-1,{}
112,Cancelar Solicitud,2016-05-30 03:09:58,2016-05-30 03:09:58,Role 2,77,1.2653729838709677,-1,{}
133,Traer informacion estudiante - banner,2016-05-30 03:46:16,2016-05-30 03:46:23,Role 1,85,1.0,-1,{}
133,Radicar Solicitud Homologacion,2016-05-30 04:35:15,2016-05-30 04:41:39,Role 1,85,1.1023185483870968,-1,{}
115,Recepcion de documentos,2016-05-30 06:15:16,2016-05-30 06:15:52,Role 2,84,1.0148689516129032,-1,{}
115,Homologacion por grupo de cursos,2016-05-30 06:15:56,2016-05-30 06:18:09,Role 3,85,1.5632560483870968,-1,{}
115,Revisar curso,2016-05-30 06:18:13,2016-05-30 06:20:04,Role 2,85,1.047883064516129,-1,{}
115,Evaluacion curso,2016-05-30 06:20:08,2016-05-30 06:20:19,Role 4,85,1.0778729838709677,-1,{}
115,Validacion final,2016-05-30 06:20:23,2016-05-30 06:20:29,Role 2,85,1.0100806451612903,-1,{}
115,Visto Bueno Cierre Proceso,2016-05-30 06:26:56,2016-05-30 06:27:14,Role 3,85,1.0327620967741935,-1,{}
116,Validar solicitud,2016-05-30 06:20:34,2016-05-30 06:38:29,Role 2,77,1.2416834677419355,-1,{}
117,Validar solicitud,2016-05-30 07:48:02,2016-05-30 08:05:16,Role 2,78,1.2416834677419355,-1,{}
133,Cancelar Solicitud,2016-05-30 08:18:49,2016-05-30 08:20:03,Role 2,85,1.2653729838709677,-1,{}
134,Traer informacion estudiante - banner,2016-05-30 10:44:15,2016-05-30 10:44:25,Role 1,85,1.0,-1,{}
116,Recepcion de documentos,2016-05-30 10:45:28,2016-05-30 10:45:50,Role 2,84,1.0148689516129032,-1,{}
116,Homologacion por grupo de cursos,2016-05-30 10:45:54,2016-05-30 10:47:25,Role 3,85,1.5632560483870968,-1,{}
116,Revisar curso,2016-05-30 10:47:29,2016-05-30 10:48:45,Role 2,85,1.047883064516129,-1,{}
116,Homologacion por grupo de cursos,2016-05-30 10:48:49,2016-05-30 10:48:58,Role 3,85,1.5632560483870968,-1,{}
135,Traer informacion estudiante - banner,2016-05-30 11:02:24,2016-05-30 11:02:34,Role 1,85,1.0,-1,{}
134,Radicar Solicitud Homologacion,2016-05-30 11:33:17,2016-05-30 11:38:49,Role 1,85,1.1023185483870968,-1,{}
135,Radicar Solicitud Homologacion,2016-05-30 11:51:26,2016-05-30 11:57:19,Role 1,85,1.1023185483870968,-1,{}
119,Validar solicitud,2016-05-30 11:48:32,2016-05-30 12:04:01,Role 2,81,1.2416834677419355,-1,{}
117,Recepcion de documentos,2016-05-30 12:12:02,2016-05-30 12:12:19,Role 2,84,1.0148689516129032,-1,{}
117,Homologacion por grupo de cursos,2016-05-30 12:12:23,2016-05-30 12:13:44,Role 3,85,1.5632560483870968,-1,{}
136,Traer informacion estudiante - banner,2016-05-30 12:22:00,2016-05-30 12:22:10,Role 1,85,1.0,-1,{}
136,Radicar Solicitud Homologacion,2016-05-30 13:11:02,2016-05-30 13:16:23,Role 1,85,1.1023185483870968,-1,{}
134,Validar solicitud,2016-05-30 13:33:02,2016-05-30 13:55:24,Role 2,85,1.2416834677419355,-1,{}
122,Validar solicitud,2016-05-30 13:52:08,2016-05-30 14:05:59,Role 2,81,3.2416834677419355,-1,{}
135,Validar solicitud,2016-05-30 13:50:59,2016-05-30 14:12:36,Role 2,85,2.2416834677419355,-1,{}
123,Validar solicitud,2016-05-30 14:53:25,2016-05-30 15:07:30,Role 2,81,1.2416834677419355,-1,{}
119,Homologacion por grupo de cursos,2016-05-30 15:23:23,2016-05-30 15:23:23,Role 3,85,1.5632560483870968,-1,{}
137,Traer informacion estudiante - banner,2016-05-30 16:26:37,2016-05-30 16:26:49,Role 1,85,1.0,-1,{}
134,Recepcion de documentos,2016-05-30 16:26:33,2016-05-30 16:28:10,Role 2,85,1.0148689516129032,-1,{}
135,Homologacion por grupo de cursos,2016-05-30 16:43:45,2016-05-30 16:43:45,Role 3,85,1.5632560483870968,-1,{}
136,Cancelar Solicitud,2016-05-30 16:53:33,2016-05-30 16:54:12,Role 2,85,1.2653729838709677,-1,{}
113,Cancelar Solicitud,2016-05-30 17:16:32,2016-05-30 17:16:46,Role 2,77,1.2653729838709677,-1,{}
137,Radicar Solicitud Homologacion,2016-05-30 17:15:05,2016-05-30 17:19:54,Role 1,85,1.1023185483870968,-1,{}
122,Recepcion de documentos,2016-05-30 17:29:13,2016-05-30 17:29:13,Role 2,85,1.0148689516129032,-1,{}
122,Homologacion por grupo de cursos,2016-05-30 17:29:17,2016-05-30 17:30:00,Role 3,85,1.5632560483870968,-1,{}
122,Revisar curso,2016-05-30 17:30:04,2016-05-30 17:30:37,Role 2,85,1.047883064516129,-1,{}
122,Cancelar curso,2016-05-30 17:30:41,2016-05-30 17:30:55,Role 1,85,1.001008064516129,-1,{}
138,Traer informacion estudiante - banner,2016-05-30 17:51:21,2016-05-30 17:51:33,Role 1,85,1.0,-1,{}
114,Cancelar Solicitud,2016-05-30 18:12:55,2016-05-30 18:13:06,Role 2,77,1.2653729838709677,-1,{}
123,Homologacion por grupo de cursos,2016-05-30 18:17:10,2016-05-30 18:17:10,Role 3,85,1.5632560483870968,-1,{}
123,Revisar curso,2016-05-30 18:17:14,2016-05-30 18:18:35,Role 2,85,1.047883064516129,-1,{}
123,Evaluacion curso,2016-05-30 18:18:39,2016-05-30 18:18:48,Role 4,85,1.0778729838709677,-1,{}
123,Validacion final,2016-05-30 18:18:52,2016-05-30 18:19:00,Role 2,85,1.0100806451612903,-1,{}
123,Visto Bueno Cierre Proceso,2016-05-30 18:19:04,2016-05-30 18:19:16,Role 3,85,1.0327620967741935,-1,{}
139,Traer informacion estudiante - banner,2016-05-30 18:31:17,2016-05-30 18:31:30,Role 1,85,1.0,-1,{}
138,Radicar Solicitud Homologacion,2016-05-30 18:40:25,2016-05-30 18:45:14,Role 1,85,1.1023185483870968,-1,{}
134,Homologacion por grupo de cursos,2016-05-30 18:45:43,2016-05-30 18:47:49,Role 3,85,1.5632560483870968,-1,{}
135,Revisar curso,2016-05-30 18:53:20,2016-05-30 18:56:42,Role 2,85,1.047883064516129,-1,{}
139,Radicar Solicitud Homologacion,2016-05-30 19:20:22,2016-05-30 19:25:25,Role 1,85,1.1023185483870968,-1,{}
137,Validar solicitud,2016-05-30 19:12:30,2016-05-30 19:31:47,Role 2,85,1.2416834677419355,-1,{}
140,Traer informacion estudiante - banner,2016-05-30 19:33:27,2016-05-30 19:33:40,Role 1,85,1.0,-1,{}
140,Radicar Solicitud Homologacion,2016-05-30 20:22:32,2016-05-30 20:27:13,Role 1,85,1.1023185483870968,-1,{}
141,Traer informacion estudiante - banner,2016-05-30 20:34:16,2016-05-30 20:34:30,Role 1,86,1.0,-1,{}
138,Validar solicitud,2016-05-30 20:39:27,2016-05-30 20:58:11,Role 2,85,1.2416834677419355,-1,{}
135,Cancelar curso,2016-05-30 21:08:02,2016-05-30 21:08:23,Role 1,84,1.001008064516129,-1,{}
141,Radicar Solicitud Homologacion,2016-05-30 21:23:27,2016-05-30 21:28:06,Role 1,86,1.1023185483870968,-1,{}
142,Traer informacion estudiante - banner,2016-05-30 21:43:45,2016-05-30 21:43:59,Role 1,86,1.0,-1,{}
137,Homologacion por grupo de cursos,2016-05-30 22:01:48,2016-05-30 22:01:54,Role 3,84,1.5632560483870968,-1,{}
142,Radicar Solicitud Homologacion,2016-05-30 22:32:56,2016-05-30 22:37:32,Role 1,86,1.1023185483870968,-1,{}
143,Traer informacion estudiante - banner,2016-05-30 22:37:59,2016-05-30 22:38:14,Role 1,87,1.0,-1,{}
139,Cancelar Solicitud,2016-05-30 22:59:56,2016-05-30 23:00:18,Role 2,84,1.2653729838709677,-1,{}
144,Traer informacion estudiante - banner,2016-05-30 23:29:36,2016-05-30 23:29:51,Role 1,88,1.0,-1,{}
138,Recepcion de documentos,2016-05-30 23:30:50,2016-05-30 23:31:58,Role 2,86,1.0148689516129032,-1,{}
143,Radicar Solicitud Homologacion,2016-05-30 23:27:18,2016-05-30 23:32:13,Role 1,87,1.1023185483870968,-1,{}
141,Validar solicitud,2016-05-30 23:23:11,2016-05-30 23:40:44,Role 2,85,1.2416834677419355,-1,{}
140,Cancelar Solicitud,2016-05-31 00:04:23,2016-05-31 00:06:43,Role 2,85,1.2653729838709677,-1,{}
137,Revisar curso,2016-05-31 00:10:47,2016-05-31 00:18:05,Role 2,86,1.047883064516129,-1,{}
144,Radicar Solicitud Homologacion,2016-05-31 00:19:04,2016-05-31 00:33:37,Role 1,88,1.1023185483870968,-1,{}
124,Validar solicitud,2016-05-31 00:17:23,2016-05-31 01:20:34,Role 2,81,1.2416834677419355,-1,{}
138,Homologacion por grupo de cursos,2016-05-31 01:51:59,2016-05-31 01:56:08,Role 3,88,1.5632560483870968,-1,{}
141,Homologacion por grupo de cursos,2016-05-31 02:14:40,2016-05-31 02:15:16,Role 3,88,1.5632560483870968,-1,{}
142,Cancelar Solicitud,2016-05-31 02:17:31,2016-05-31 02:19:24,Role 2,86,1.2653729838709677,-1,{}
137,Homologacion por grupo de cursos,2016-05-31 02:50:53,2016-05-31 02:52:31,Role 3,88,1.5632560483870968,-1,{}
143,Cancelar Solicitud,2016-05-31 03:13:22,2016-05-31 03:14:57,Role 2,88,1.2653729838709677,-1,{}
118,Cancelar Solicitud,2016-05-31 03:25:19,2016-05-31 03:26:13,Role 2,79,1.2653729838709677,-1,{}
120,Cancelar Solicitud,2016-05-31 06:30:18,2016-05-31 06:30:49,Role 2,81,1.2653729838709677,-1,{}
121,Cancelar Solicitud,2016-05-31 07:49:38,2016-05-31 07:50:01,Role 2,81,1.2653729838709677,-1,{}
144,Cancelar Solicitud,2016-05-31 08:45:06,2016-05-31 08:48:38,Role 2,88,1.2653729838709677,-1,{}
133,Notificacion estudiante cancelacion soli,2016-05-31 09:01:32,2016-05-31 09:01:32,Role 2,84,1.0,-1,{}
131,Validar solicitud,2016-05-31 08:56:02,2016-05-31 09:25:27,Role 2,84,1.2416834677419355,-1,{}
132,Validar solicitud,2016-05-31 09:48:02,2016-05-31 10:16:08,Role 2,84,1.2416834677419355,-1,{}
145,Traer informacion estudiante - banner,2016-05-31 14:56:46,2016-05-31 14:57:43,Role 1,85,1.0,-1,{}
146,Traer informacion estudiante - banner,2016-05-31 16:11:54,2016-05-31 16:12:51,Role 1,86,1.0,-1,{}
145,Radicar Solicitud Homologacion,2016-05-31 16:23:09,2016-05-31 16:39:15,Role 1,85,1.1023185483870968,-1,{}
147,Traer informacion estudiante - banner,2016-05-31 17:34:41,2016-05-31 17:35:37,Role 1,87,1.0,-1,{}
136,Notificacion estudiante cancelacion soli,2016-05-31 17:37:43,2016-05-31 17:37:43,Role 2,85,1.0,-1,{}
146,Radicar Solicitud Homologacion,2016-05-31 17:40:00,2016-05-31 17:55:43,Role 1,86,1.1023185483870968,-1,{}
148,Traer informacion estudiante - banner,2016-05-31 18:54:10,2016-05-31 18:55:05,Role 1,87,1.0,-1,{}
147,Radicar Solicitud Homologacion,2016-05-31 19:04:31,2016-05-31 19:19:55,Role 1,87,1.1023185483870968,-1,{}
149,Traer informacion estudiante - banner,2016-05-31 19:37:52,2016-05-31 19:38:47,Role 1,88,1.0,-1,{}
148,Radicar Solicitud Homologacion,2016-05-31 20:23:59,2016-05-31 20:38:58,Role 1,87,1.1023185483870968,-1,{}
150,Traer informacion estudiante - banner,2016-05-31 20:51:07,2016-05-31 20:52:01,Role 1,89,1.0,-1,{}
151,Traer informacion estudiante - banner,2016-05-31 21:05:44,2016-05-31 21:06:39,Role 1,90,1.0,-1,{}
149,Radicar Solicitud Homologacion,2016-05-31 21:09:29,2016-05-31 21:24:29,Role 1,88,1.1023185483870968,-1,{}
152,Traer informacion estudiante - banner,2016-05-31 22:33:27,2016-05-31 22:34:22,Role 1,91,1.0,-1,{}
150,Radicar Solicitud Homologacion,2016-05-31 22:24:33,2016-05-31 22:39:14,Role 1,89,1.1023185483870968,-1,{}
151,Radicar Solicitud Homologacion,2016-05-31 22:41:03,2016-05-31 22:55:51,Role 1,90,1.1023185483870968,-1,{}
139,Notificacion estudiante cancelacion soli,2016-05-31 23:14:09,2016-05-31 23:14:09,Role 2,87,1.0,-1,{}
153,Traer informacion estudiante - banner,2016-05-31 23:50:36,2016-05-31 23:51:30,Role 1,91,1.0,-1,{}
152,Radicar Solicitud Homologacion,2016-06-01 00:11:55,2016-06-01 00:26:02,Role 1,91,1.1023185483870968,-1,{}
153,Radicar Solicitud Homologacion,2016-06-01 01:27:49,2016-06-01 01:41:34,Role 1,91,1.1023185483870968,-1,{}
154,Traer informacion estudiante - banner,2016-06-01 01:45:47,2016-06-01 01:46:05,Role 1,92,1.0,-1,{}
155,Traer informacion estudiante - banner,2016-06-01 02:09:36,2016-06-01 02:09:55,Role 1,93,1.0,-1,{}
154,Radicar Solicitud Homologacion,2016-06-01 02:10:26,2016-06-01 02:14:51,Role 1,92,1.1023185483870968,-1,{}
155,Radicar Solicitud Homologacion,2016-06-01 02:33:22,2016-06-01 02:37:47,Role 1,93,1.1023185483870968,-1,{}
155,Validar solicitud,2016-06-01 03:09:16,2016-06-01 03:28:05,Role 2,93,1.2416834677419355,-1,{}
155,Homologacion por grupo de cursos,2016-06-01 03:28:09,2016-06-01 03:28:09,Role 3,93,1.5632560483870968,-1,{}
155,Revisar curso,2016-06-01 03:28:13,2016-06-01 03:28:54,Role 2,93,1.047883064516129,-1,{}
155,Homologacion por grupo de cursos,2016-06-01 03:28:58,2016-06-01 03:28:58,Role 3,93,1.5632560483870968,-1,{}
154,Cancelar Solicitud,2016-06-01 04:53:16,2016-06-01 04:53:36,Role 2,93,1.2653729838709677,-1,{}
44,Notificacion estudiante cancelacion soli,2016-06-01 07:09:13,2016-06-01 07:09:13,Role 2,87,1.0,-1,{}
45,Notificacion estudiante cancelacion soli,2016-06-01 07:40:37,2016-06-01 07:40:37,Role 2,88,1.0,-1,{}
125,Cancelar Solicitud,2016-06-01 08:34:39,2016-06-01 08:38:19,Role 2,81,1.2653729838709677,-1,{}
46,Notificacion estudiante cancelacion soli,2016-06-01 09:41:24,2016-06-01 09:41:24,Role 2,85,1.0,-1,{}
156,Traer informacion estudiante - banner,2016-06-01 09:55:05,2016-06-01 09:55:22,Role 1,90,1.0,-1,{}
157,Traer informacion estudiante - banner,2016-06-01 09:59:52,2016-06-01 10:00:10,Role 1,91,1.0,-1,{}
156,Radicar Solicitud Homologacion,2016-06-01 10:21:35,2016-06-01 10:24:59,Role 1,90,1.1023185483870968,-1,{}
157,Radicar Solicitud Homologacion,2016-06-01 10:25:26,2016-06-01 10:28:52,Role 1,91,1.1023185483870968,-1,{}
152,Validar solicitud,2016-06-01 10:54:03,2016-06-01 11:04:46,Role 2,91,1.2416834677419355,-1,{}
156,Validar solicitud,2016-06-01 11:00:16,2016-06-01 11:14:04,Role 2,91,2.2416834677419355,-1,{}
156,Recepcion de documentos,2016-06-01 11:14:08,2016-06-01 11:14:08,Role 2,91,1.0148689516129032,-1,{}
156,Homologacion por grupo de cursos,2016-06-01 11:14:12,2016-06-01 11:14:12,Role 3,91,1.5632560483870968,-1,{}
153,Validar solicitud,2016-06-01 12:00:00,2016-06-01 12:10:13,Role 2,91,1.2416834677419355,-1,{}
158,Traer informacion estudiante - banner,2016-06-01 12:47:36,2016-06-01 12:47:54,Role 1,91,1.0,-1,{}
157,Cancelar Solicitud,2016-06-01 13:08:15,2016-06-01 13:08:15,Role 2,91,1.2653729838709677,-1,{}
158,Radicar Solicitud Homologacion,2016-06-01 13:13:10,2016-06-01 13:16:23,Role 1,91,1.1023185483870968,-1,{}
159,Traer informacion estudiante - banner,2016-06-01 13:52:43,2016-06-01 13:53:02,Role 1,92,1.0,-1,{}
158,Validar solicitud,2016-06-01 13:50:49,2016-06-01 14:04:02,Role 2,91,1.2416834677419355,-1,{}
158,Homologacion por grupo de cursos,2016-06-01 14:04:06,2016-06-01 14:04:06,Role 3,92,1.5632560483870968,-1,{}
158,Revisar curso,2016-06-01 14:04:10,2016-06-01 14:04:17,Role 2,92,1.047883064516129,-1,{}
158,Homologacion por grupo de cursos,2016-06-01 14:04:21,2016-06-01 14:04:21,Role 3,92,1.5632560483870968,-1,{}
158,Revisar curso,2016-06-01 14:04:25,2016-06-01 14:04:25,Role 2,92,1.047883064516129,-1,{}
158,Homologacion por grupo de cursos,2016-06-01 14:04:29,2016-06-01 14:04:29,Role 3,92,1.5632560483870968,-1,{}
158,Revisar curso,2016-06-01 14:04:33,2016-06-01 14:04:37,Role 2,92,1.047883064516129,-1,{}
158,Evaluacion curso,2016-06-01 14:09:44,2016-06-01 14:09:48,Role 4,92,1.0778729838709677,-1,{}
160,Traer informacion estudiante - banner,2016-06-01 14:13:26,2016-06-01 14:13:45,Role 1,93,1.0,-1,{}
158,Validar solicitud / pre-homologacion,2016-06-01 14:16:19,2016-06-01 14:16:21,Role 2,92,1.0128528225806452,-1,{}
159,Radicar Solicitud Homologacion,2016-06-01 14:15:58,2016-06-01 14:19:05,Role 1,92,1.1023185483870968,-1,{}
158,Avanzar recepcion documentos,2016-06-01 14:23:19,2016-06-01 14:23:20,Role 8,93,1.002016129032258,-1,{}
158,Validacion final,2016-06-01 14:30:22,2016-06-01 14:30:25,Role 2,93,1.0100806451612903,-1,{}
158,Visto Bueno Cierre Proceso,2016-06-01 14:37:30,2016-06-01 14:37:33,Role 3,93,1.0327620967741935,-1,{}
160,Radicar Solicitud Homologacion,2016-06-01 14:37:12,2016-06-01 14:40:26,Role 1,93,1.1023185483870968,-1,{}
158,Transferir Creditos,2016-06-01 14:44:48,2016-06-01 14:44:54,Role 3,93,1.0005040322580645,-1,{}
158,Transferir creditos homologables,2016-06-01 14:52:13,2016-06-01 14:52:18,Role 3,93,1.001008064516129,-1,{}
159,Validar solicitud,2016-06-01 14:48:06,2016-06-01 15:01:07,Role 2,93,1.2416834677419355,-1,{}
159,Recepcion de documentos,2016-06-01 15:01:11,2016-06-01 15:01:11,Role 2,92,1.0148689516129032,-1,{}
159,Homologacion por grupo de cursos,2016-06-01 15:01:15,2016-06-01 15:01:15,Role 3,92,1.5632560483870968,-1,{}
161,Traer informacion estudiante - banner,2016-06-01 15:08:41,2016-06-01 15:09:00,Role 1,92,1.0,-1,{}
126,Cancelar Solicitud,2016-06-01 15:14:27,2016-06-01 15:16:36,Role 2,82,1.2653729838709677,-1,{}
162,Traer informacion estudiante - banner,2016-06-01 15:33:54,2016-06-01 15:34:13,Role 1,93,1.0,-1,{}
161,Radicar Solicitud Homologacion,2016-06-01 15:33:21,2016-06-01 15:36:28,Role 1,92,1.1023185483870968,-1,{}
162,Radicar Solicitud Homologacion,2016-06-01 15:58:09,2016-06-01 16:01:17,Role 1,93,1.1023185483870968,-1,{}
163,Traer informacion estudiante - banner,2016-06-01 16:13:00,2016-06-01 16:13:20,Role 1,94,1.0,-1,{}
161,Validar solicitud,2016-06-01 16:08:49,2016-06-01 16:21:20,Role 2,93,1.2416834677419355,-1,{}
161,Homologacion por grupo de cursos,2016-06-01 16:21:24,2016-06-01 16:21:24,Role 3,94,1.5632560483870968,-1,{}
163,Radicar Solicitud Homologacion,2016-06-01 16:34:34,2016-06-01 16:37:36,Role 1,94,1.1023185483870968,-1,{}
127,Cancelar Solicitud,2016-06-01 16:36:31,2016-06-01 16:38:29,Role 2,82,1.2653729838709677,-1,{}
163,Validar solicitud,2016-06-01 17:02:53,2016-06-01 17:15:05,Role 2,93,1.2416834677419355,-1,{}
163,Homologacion por grupo de cursos,2016-06-01 17:15:09,2016-06-01 17:15:09,Role 3,93,1.5632560483870968,-1,{}
160,Cancelar Solicitud,2016-06-01 17:19:48,2016-06-01 17:19:48,Role 2,93,1.2653729838709677,-1,{}
164,Traer informacion estudiante - banner,2016-06-01 17:40:02,2016-06-01 17:40:22,Role 1,93,1.0,-1,{}
164,Radicar Solicitud Homologacion,2016-06-01 18:03:49,2016-06-01 18:06:50,Role 1,93,1.1023185483870968,-1,{}
162,Cancelar Solicitud,2016-06-01 18:44:51,2016-06-01 18:44:51,Role 2,93,1.2653729838709677,-1,{}
165,Traer informacion estudiante - banner,2016-06-01 18:48:39,2016-06-01 18:49:00,Role 1,94,1.0,-1,{}
164,Validar solicitud,2016-06-01 18:38:19,2016-06-01 18:50:08,Role 2,93,1.2416834677419355,-1,{}
164,Recepcion de documentos,2016-06-01 18:50:12,2016-06-01 18:50:12,Role 2,94,1.0148689516129032,-1,{}
164,Homologacion por grupo de cursos,2016-06-01 18:50:16,2016-06-01 18:50:16,Role 3,94,1.5632560483870968,-1,{}
164,Revisar curso,2016-06-01 18:50:20,2016-06-01 18:50:20,Role 2,94,1.047883064516129,-1,{}
164,Cancelar curso,2016-06-01 18:50:24,2016-06-01 18:50:24,Role 1,94,1.001008064516129,-1,{}
165,Radicar Solicitud Homologacion,2016-06-01 19:10:14,2016-06-01 19:13:07,Role 1,94,1.1023185483870968,-1,{}
152,Recepcion de documentos,2016-06-01 19:58:17,2016-06-01 19:58:31,Role 2,91,1.0148689516129032,-1,{}
166,Traer informacion estudiante - banner,2016-06-01 20:49:43,2016-06-01 20:50:04,Role 1,94,1.0,-1,{}
153,Homologacion por grupo de cursos,2016-06-01 20:56:36,2016-06-01 20:56:36,Role 3,90,1.5632560483870968,-1,{}
145,Validar solicitud,2016-06-01 20:37:23,2016-06-01 21:04:15,Role 2,86,1.2416834677419355,-1,{}
166,Radicar Solicitud Homologacion,2016-06-01 21:11:18,2016-06-01 21:14:05,Role 1,94,1.1023185483870968,-1,{}
165,Cancelar Solicitud,2016-06-01 21:41:45,2016-06-01 21:41:45,Role 2,93,1.2653729838709677,-1,{}
167,Traer informacion estudiante - banner,2016-06-01 21:45:33,2016-06-01 21:45:54,Role 1,94,1.0,-1,{}
168,Traer informacion estudiante - banner,2016-06-01 22:10:43,2016-06-01 22:11:05,Role 1,95,1.0,-1,{}
167,Radicar Solicitud Homologacion,2016-06-01 22:08:27,2016-06-01 22:11:18,Role 1,94,1.1023185483870968,-1,{}
168,Radicar Solicitud Homologacion,2016-06-01 22:33:14,2016-06-01 22:36:07,Role 1,95,1.1023185483870968,-1,{}
128,Cancelar Solicitud,2016-06-01 22:52:05,2016-06-01 22:53:10,Role 2,83,1.2653729838709677,-1,{}
169,Traer informacion estudiante - banner,2016-06-01 22:56:07,2016-06-01 22:56:29,Role 1,96,1.0,-1,{}
169,Radicar Solicitud Homologacion,2016-06-01 23:17:17,2016-06-01 23:20:11,Role 1,96,1.1023185483870968,-1,{}
166,Cancelar Solicitud,2016-06-01 23:42:43,2016-06-01 23:42:43,Role 2,93,1.2653729838709677,-1,{}
152,Homologacion por grupo de cursos,2016-06-02 00:14:00,2016-06-02 00:14:34,Role 3,93,1.5632560483870968,-1,{}
167,Cancelar Solicitud,2016-06-02 00:49:45,2016-06-02 00:49:53,Role 2,95,1.2653729838709677,-1,{}
170,Traer informacion estudiante - banner,2016-06-02 00:55:08,2016-06-02 00:56:09,Role 1,97,1.0,-1,{}
171,Traer informacion estudiante - banner,2016-06-02 01:17:54,2016-06-02 01:18:55,Role 1,98,1.0,-1,{}
168,Cancelar Solicitud,2016-06-02 01:19:51,2016-06-02 01:19:58,Role 2,95,1.2653729838709677,-1,{}
129,Cancelar Solicitud,2016-06-02 01:54:06,2016-06-02 01:57:31,Role 2,84,1.2653729838709677,-1,{}
169,Cancelar Solicitud,2016-06-02 01:59:44,2016-06-02 01:59:50,Role 2,96,1.2653729838709677,-1,{}
172,Traer informacion estudiante - banner,2016-06-02 02:19:14,2016-06-02 02:20:13,Role 1,99,1.0,-1,{}
152,Revisar curso,2016-06-02 02:37:52,2016-06-02 02:38:43,Role 2,96,1.047883064516129,-1,{}
130,Cancelar Solicitud,2016-06-02 02:53:29,2016-06-02 02:57:01,Role 2,84,1.2653729838709677,-1,{}
149,Validar solicitud,2016-06-02 02:26:44,2016-06-02 03:02:00,Role 2,90,1.2416834677419355,-1,{}
173,Traer informacion estudiante - banner,2016-06-02 03:23:34,2016-06-02 03:24:31,Role 1,100,1.0,-1,{}
170,Radicar Solicitud Homologacion,2016-06-02 03:45:21,2016-06-02 03:57:24,Role 1,97,1.1023185483870968,-1,{}
171,Radicar Solicitud Homologacion,2016-06-02 04:00:45,2016-06-02 04:12:47,Role 1,98,1.1023185483870968,-1,{}
152,Evaluacion curso,2016-06-02 04:14:52,2016-06-02 04:15:03,Role 4,99,1.0778729838709677,-1,{}
174,Traer informacion estudiante - banner,2016-06-02 04:52:07,2016-06-02 04:53:02,Role 1,101,1.0,-1,{}
172,Radicar Solicitud Homologacion,2016-06-02 04:54:49,2016-06-02 05:06:38,Role 1,99,1.1023185483870968,-1,{}
173,Radicar Solicitud Homologacion,2016-06-02 05:52:02,2016-06-02 06:03:35,Role 1,100,1.1023185483870968,-1,{}
152,Validacion final,2016-06-02 06:14:12,2016-06-02 06:14:22,Role 2,100,1.0100806451612903,-1,{}
154,Notificacion estudiante cancelacion soli,2016-06-02 06:25:46,2016-06-02 06:25:46,Role 2,92,1.0,-1,{}
174,Radicar Solicitud Homologacion,2016-06-02 07:13:37,2016-06-02 07:24:42,Role 1,101,1.1023185483870968,-1,{}
175,Traer informacion estudiante - banner,2016-06-02 07:35:12,2016-06-02 07:36:03,Role 1,101,1.0,-1,{}
152,Visto Bueno Cierre Proceso,2016-06-02 08:27:54,2016-06-02 08:28:14,Role 3,101,1.0327620967741935,-1,{}
172,Validar solicitud,2016-06-02 08:06:42,2016-06-02 08:40:53,Role 2,101,1.2416834677419355,-1,{}
176,Traer informacion estudiante - banner,2016-06-02 09:18:54,2016-06-02 09:19:42,Role 1,101,1.0,-1,{}
170,Cancelar Solicitud,2016-06-02 10:03:29,2016-06-02 10:05:14,Role 2,100,1.2653729838709677,-1,{}
175,Radicar Solicitud Homologacion,2016-06-02 09:56:38,2016-06-02 10:06:51,Role 1,101,1.1023185483870968,-1,{}
171,Cancelar Solicitud,2016-06-02 10:11:20,2016-06-02 10:13:01,Role 2,100,1.2653729838709677,-1,{}
177,Traer informacion estudiante - banner,2016-06-02 10:36:23,2016-06-02 10:37:10,Role 1,102,1.0,-1,{}
178,Traer informacion estudiante - banner,2016-06-02 11:41:06,2016-06-02 11:41:52,Role 1,103,1.0,-1,{}
173,Cancelar Solicitud,2016-06-02 11:42:19,2016-06-02 11:43:40,Role 2,101,1.2653729838709677,-1,{}
176,Radicar Solicitud Homologacion,2016-06-02 11:40:17,2016-06-02 11:50:01,Role 1,101,1.1023185483870968,-1,{}
172,Homologacion por grupo de cursos,2016-06-02 11:56:27,2016-06-02 11:56:38,Role 3,100,1.5632560483870968,-1,{}
177,Radicar Solicitud Homologacion,2016-06-02 12:50:57,2016-06-02 13:00:25,Role 1,102,1.1023185483870968,-1,{}
174,Cancelar Solicitud,2016-06-02 13:01:58,2016-06-02 13:03:07,Role 2,100,1.2653729838709677,-1,{}
175,Validar solicitud,2016-06-02 12:52:04,2016-06-02 13:21:41,Role 2,101,1.2416834677419355,-1,{}
178,Radicar Solicitud Homologacion,2016-06-02 13:50:50,2016-06-02 14:00:04,Role 1,103,1.1023185483870968,-1,{}
157,Notificacion estudiante cancelacion soli,2016-06-02 14:30:42,2016-06-02 14:30:42,Role 2,91,1.0,-1,{}
176,Validar solicitud,2016-06-02 14:27:26,2016-06-02 14:55:50,Role 2,103,1.2416834677419355,-1,{}
179,Traer informacion estudiante - banner,2016-06-02 15:34:31,2016-06-02 15:35:13,Role 1,102,1.0,-1,{}
180,Traer informacion estudiante - banner,2016-06-02 16:15:11,2016-06-02 16:15:52,Role 1,103,1.0,-1,{}
175,Recepcion de documentos,2016-06-02 16:18:52,2016-06-02 16:19:52,Role 2,102,1.0148689516129032,-1,{}
145,Recepcion de documentos,2016-06-02 17:03:07,2016-06-02 17:03:20,Role 2,93,1.0148689516129032,-1,{}
140,Notificacion estudiante cancelacion soli,2016-06-02 17:32:03,2016-06-02 17:32:03,Role 2,88,1.0,-1,{}
175,Homologacion por grupo de cursos,2016-06-02 17:42:04,2016-06-02 17:43:11,Role 3,103,1.5632560483870968,-1,{}
176,Homologacion por grupo de cursos,2016-06-02 17:47:18,2016-06-02 17:47:18,Role 3,101,1.5632560483870968,-1,{}
179,Radicar Solicitud Homologacion,2016-06-02 17:49:00,2016-06-02 17:57:07,Role 1,102,1.1023185483870968,-1,{}
177,Cancelar Solicitud,2016-06-02 18:07:55,2016-06-02 18:08:13,Role 2,102,1.2653729838709677,-1,{}
181,Traer informacion estudiante - banner,2016-06-02 18:19:56,2016-06-02 18:20:35,Role 1,102,1.0,-1,{}
180,Radicar Solicitud Homologacion,2016-06-02 18:22:59,2016-06-02 18:31:05,Role 1,103,1.1023185483870968,-1,{}
160,Notificacion estudiante cancelacion soli,2016-06-02 19:01:54,2016-06-02 19:01:54,Role 2,92,1.0,-1,{}
176,Revisar curso,2016-06-02 19:06:42,2016-06-02 19:08:24,Role 2,101,1.047883064516129,-1,{}
178,Cancelar Solicitud,2016-06-02 19:22:03,2016-06-02 19:22:13,Role 2,102,1.2653729838709677,-1,{}
162,Notificacion estudiante cancelacion soli,2016-06-02 19:49:09,2016-06-02 19:49:09,Role 2,93,1.0,-1,{}
176,Cancelar curso,2016-06-02 19:54:06,2016-06-02 19:54:29,Role 1,101,1.001008064516129,-1,{}
142,Notificacion estudiante cancelacion soli,2016-06-02 20:23:24,2016-06-02 20:23:24,Role 2,86,1.0,-1,{}
181,Radicar Solicitud Homologacion,2016-06-02 20:34:22,2016-06-02 20:41:46,Role 1,102,1.1023185483870968,-1,{}
179,Validar solicitud,2016-06-02 20:35:08,2016-06-02 20:59:32,Role 2,101,1.2416834677419355,-1,{}
143,Notificacion estudiante cancelacion soli,2016-06-02 21:04:54,2016-06-02 21:04:54,Role 2,85,1.0,-1,{}
165,Notificacion estudiante cancelacion soli,2016-06-02 22:27:11,2016-06-02 22:27:11,Role 2,93,1.0,-1,{}
180,Cancelar Solicitud,2016-06-02 23:44:49,2016-06-02 23:44:49,Role 2,102,1.2653729838709677,-1,{}
181,Validar solicitud,2016-06-02 23:22:09,2016-06-02 23:45:08,Role 2,98,1.2416834677419355,-1,{}
179,Homologacion por grupo de cursos,2016-06-03 00:06:53,2016-06-03 00:06:58,Role 3,98,1.5632560483870968,-1,{}
166,Notificacion estudiante cancelacion soli,2016-06-03 00:17:50,2016-06-03 00:17:50,Role 2,96,1.0,-1,{}
181,Recepcion de documentos,2016-06-03 03:01:53,2016-06-03 03:02:38,Role 2,96,1.0148689516129032,-1,{}
181,Homologacion por grupo de cursos,2016-06-03 03:02:42,2016-06-03 03:04:22,Role 3,94,1.5632560483870968,-1,{}
113,Notificacion estudiante cancelacion soli,2016-06-03 03:38:42,2016-06-03 03:38:51,Role 2,85,1.0,-1,{}
114,Notificacion estudiante cancelacion soli,2016-06-03 04:37:21,2016-06-03 04:37:29,Role 2,85,1.0,-1,{}
57,Notificacion estudiante cancelacion soli,2016-06-03 05:29:54,2016-06-03 05:30:00,Role 2,84,1.0,-1,{}
131,Recepcion de documentos,2016-06-03 07:32:52,2016-06-03 07:40:09,Role 2,84,1.0148689516129032,-1,{}
132,Homologacion por grupo de cursos,2016-06-03 08:10:05,2016-06-03 08:13:11,Role 3,84,1.5632560483870968,-1,{}
145,Homologacion por grupo de cursos,2016-06-03 08:46:12,2016-06-03 08:47:31,Role 3,103,1.5632560483870968,-1,{}
167,Notificacion estudiante cancelacion soli,2016-06-03 08:56:55,2016-06-03 08:56:55,Role 2,96,1.0,-1,{}
168,Notificacion estudiante cancelacion soli,2016-06-03 09:55:53,2016-06-03 09:55:53,Role 2,98,1.0,-1,{}
169,Notificacion estudiante cancelacion soli,2016-06-03 10:17:57,2016-06-03 10:17:57,Role 2,98,1.0,-1,{}
112,Notificacion estudiante cancelacion soli,2016-06-03 11:06:36,2016-06-03 11:06:41,Role 2,84,1.0,-1,{}
149,Recepcion de documentos,2016-06-03 11:54:22,2016-06-03 11:54:58,Role 2,99,1.0148689516129032,-1,{}
99,Notificacion estudiante cancelacion soli,2016-06-03 13:27:38,2016-06-03 13:27:50,Role 2,78,1.0,-1,{}
59,Notificacion estudiante cancelacion soli,2016-06-03 16:40:26,2016-06-03 16:40:46,Role 2,87,1.0,-1,{}
145,Revisar curso,2016-06-03 16:43:50,2016-06-03 16:44:54,Role 2,90,1.047883064516129,-1,{}
60,Notificacion estudiante cancelacion soli,2016-06-03 19:12:54,2016-06-03 19:13:08,Role 2,86,1.0,-1,{}
145,Evaluacion curso,2016-06-03 19:48:26,2016-06-03 19:48:59,Role 4,84,1.0778729838709677,-1,{}
101,Notificacion estudiante cancelacion soli,2016-06-03 21:08:48,2016-06-03 21:08:48,Role 2,76,1.0,-1,{}
41,Notificacion estudiante cancelacion soli,2016-06-03 21:11:00,2016-06-03 21:11:00,Role 2,87,1.0,-1,{}
145,Validacion final,2016-06-03 21:18:51,2016-06-03 21:19:24,Role 2,83,1.0100806451612903,-1,{}
145,Visto Bueno Cierre Proceso,2016-06-03 21:59:41,2016-06-03 22:00:09,Role 3,81,1.0327620967741935,-1,{}
146,Cancelar Solicitud,2016-06-03 22:37:34,2016-06-03 22:38:14,Role 2,86,1.2653729838709677,-1,{}
170,Notificacion estudiante cancelacion soli,2016-06-04 00:17:47,2016-06-04 00:17:47,Role 2,101,1.0,-1,{}
171,Notificacion estudiante cancelacion soli,2016-06-04 00:18:02,2016-06-04 00:18:02,Role 2,101,1.0,-1,{}
102,Notificacion estudiante cancelacion soli,2016-06-04 00:18:32,2016-06-04 00:18:32,Role 2,77,1.0,-1,{}
147,Cancelar Solicitud,2016-06-04 00:38:42,2016-06-04 00:38:48,Role 2,87,1.2653729838709677,-1,{}
173,Notificacion estudiante cancelacion soli,2016-06-04 01:19:53,2016-06-04 01:19:53,Role 2,103,1.0,-1,{}
148,Cancelar Solicitud,2016-06-04 01:58:42,2016-06-04 01:58:42,Role 2,88,1.2653729838709677,-1,{}
174,Notificacion estudiante cancelacion soli,2016-06-04 01:58:51,2016-06-04 01:58:51,Role 2,102,1.0,-1,{}
43,Notificacion estudiante cancelacion soli,2016-06-04 01:58:55,2016-06-04 01:58:55,Role 2,87,1.0,-1,{}
63,Notificacion estudiante cancelacion soli,2016-06-04 02:20:03,2016-06-04 02:20:03,Role 2,76,1.0,-1,{}
64,Notificacion estudiante cancelacion soli,2016-06-04 05:06:16,2016-06-04 05:06:16,Role 2,74,1.0,-1,{}
150,Cancelar Solicitud,2016-06-04 05:13:26,2016-06-04 05:13:26,Role 2,91,1.2653729838709677,-1,{}
106,Notificacion estudiante cancelacion soli,2016-06-04 05:23:21,2016-06-04 05:23:21,Role 2,80,1.0,-1,{}
151,Cancelar Solicitud,2016-06-04 06:05:46,2016-06-04 06:05:46,Role 2,91,1.2653729838709677,-1,{}
107,Notificacion estudiante cancelacion soli,2016-06-04 06:08:36,2016-06-04 06:08:36,Role 2,81,1.0,-1,{}
111,Notificacion estudiante cancelacion soli,2016-06-04 06:37:06,2016-06-04 06:37:06,Role 2,81,1.0,-1,{}
177,Notificacion estudiante cancelacion soli,2016-06-04 07:11:21,2016-06-04 07:11:21,Role 2,101,1.0,-1,{}
66,Notificacion estudiante cancelacion soli,2016-06-04 07:40:25,2016-06-04 07:40:25,Role 2,76,1.0,-1,{}
149,Homologacion por grupo de cursos,2016-06-04 07:52:24,2016-06-04 07:53:15,Role 3,86,1.5632560483870968,-1,{}
109,Notificacion estudiante cancelacion soli,2016-06-04 09:00:21,2016-06-04 09:00:21,Role 2,81,1.0,-1,{}
178,Notificacion estudiante cancelacion soli,2016-06-04 09:39:41,2016-06-04 09:39:41,Role 2,101,1.0,-1,{}
180,Notificacion estudiante cancelacion soli,2016-06-04 13:38:20,2016-06-04 13:38:20,Role 2,96,1.0,-1,{}
42,Revisar curso,2016-06-05 04:48:09,2016-06-05 04:51:37,Role 2,82,1.047883064516129,-1,{}
118,Notificacion estudiante cancelacion soli,2016-06-05 06:15:45,2016-06-05 06:15:45,Role 2,85,1.0,-1,{}
124,Recepcion de documentos,2016-06-05 08:00:45,2016-06-05 08:03:16,Role 2,88,1.0148689516129032,-1,{}
120,Notificacion estudiante cancelacion soli,2016-06-05 09:40:19,2016-06-05 09:40:19,Role 2,85,1.0,-1,{}
121,Notificacion estudiante cancelacion soli,2016-06-05 11:11:48,2016-06-05 11:11:48,Role 2,85,1.0,-1,{}
149,Revisar curso,2016-06-05 13:41:08,2016-06-05 13:41:16,Role 2,67,1.047883064516129,-1,{}
144,Notificacion estudiante cancelacion soli,2016-06-06 00:23:45,2016-06-06 00:23:45,Role 2,85,1.0,-1,{}
149,Cancelar curso,2016-06-06 04:54:05,2016-06-06 04:54:21,Role 1,61,1.001008064516129,-1,{}
70,Notificacion estudiante cancelacion soli,2016-06-06 07:42:44,2016-06-06 07:42:44,Role 2,77,1.0,-1,{}
71,Notificacion estudiante cancelacion soli,2016-06-06 10:23:30,2016-06-06 10:23:30,Role 2,79,1.0,-1,{}
132,Revisar curso,2016-06-07 05:35:18,2016-06-07 05:43:05,Role 2,90,1.047883064516129,-1,{}
131,Homologacion por grupo de cursos,2016-06-07 06:36:55,2016-06-07 06:42:17,Role 3,90,1.5632560483870968,-1,{}
125,Notificacion estudiante cancelacion soli,2016-06-10 18:35:43,2016-06-10 18:35:43,Role 2,90,1.0,-1,{}
126,Notificacion estudiante cancelacion soli,2016-06-11 01:56:03,2016-06-11 01:56:03,Role 2,92,1.0,-1,{}
127,Notificacion estudiante cancelacion soli,2016-06-11 03:50:05,2016-06-11 03:50:05,Role 2,93,1.0,-1,{}
131,Revisar curso,2016-06-11 06:48:56,2016-06-11 06:49:24,Role 2,57,1.047883064516129,-1,{}
128,Notificacion estudiante cancelacion soli,2016-06-11 09:42:52,2016-06-11 09:42:52,Role 2,95,1.0,-1,{}
146,Notificacion estudiante cancelacion soli,2016-06-11 16:35:22,2016-06-11 16:35:22,Role 2,80,1.0,-1,{}
124,Homologacion por grupo de cursos,2016-06-12 10:09:04,2016-06-12 10:12:02,Role 3,63,1.5632560483870968,-1,{}
132,Cancelar curso,2016-06-12 10:56:41,2016-06-12 10:56:58,Role 1,57,1.001008064516129,-1,{}
147,Notificacion estudiante cancelacion soli,2016-06-13 09:19:31,2016-06-13 09:19:31,Role 2,77,1.0,-1,{}
148,Notificacion estudiante cancelacion soli,2016-06-13 10:45:46,2016-06-13 10:45:46,Role 2,76,1.0,-1,{}
150,Notificacion estudiante cancelacion soli,2016-06-13 14:52:33,2016-06-13 14:52:33,Role 2,72,1.0,-1,{}
151,Notificacion estudiante cancelacion soli,2016-06-13 16:04:21,2016-06-13 16:04:21,Role 2,71,1.0,-1,{}
129,Notificacion estudiante cancelacion soli,2016-06-13 20:14:33,2016-06-13 20:14:33,Role 2,98,1.0,-1,{}
130,Notificacion estudiante cancelacion soli,2016-06-13 20:56:26,2016-06-13 20:56:26,Role 2,99,1.0,-1,{}
42,Cancelar curso,2016-06-15 18:36:05,2016-06-15 18:36:33,Role 1,64,1.001008064516129,-1,{}
131,Homologacion por grupo de cursos,2016-06-17 15:37:46,2016-06-17 15:38:17,Role 3,54,1.5632560483870968,-1,{}
131,Revisar curso,2016-06-21 12:06:56,2016-06-21 12:07:52,Role 2,44,1.047883064516129,-1,{}
124,Revisar curso,2016-06-21 18:15:35,2016-06-21 18:20:51,Role 2,52,1.047883064516129,-1,{}
131,Cancelar curso,2016-06-23 17:01:29,2016-06-23 17:01:57,Role 1,44,1.001008064516129,-1,{}
124,Homologacion por grupo de cursos,2016-07-03 09:06:10,2016-07-03 09:06:11,Role 3,44,1.5632560483870968,-1,{}
124,Revisar curso,2016-07-17 18:19:23,2016-07-17 18:20:10,Role 2,43,1.047883064516129,-1,{}
124,Cancelar curso,2016-08-05 03:02:17,2016-08-05 03:03:03,Role 1,43,1.001008064516129,-1,{}
