caseid,task,start:timestamp,time:timestamp,role,st_wip,st_tsk_wip,queue,attrib
1,Traer informacion estudiante - banner,2016-05-18 22:19:04,2016-05-18 22:19:22,Role 1,43,1.0,-1,{}
2,Traer informacion estudiante - banner,2016-05-18 23:51:50,2016-05-18 23:52:10,Role 1,44,1.0,-1,{}
1,Radicar Solicitud Homologacion,2016-05-18 23:58:47,2016-05-19 00:00:30,Role 1,43,1.1023185483870968,-1,{}
3,Traer informacion estudiante - banner,2016-05-19 00:02:14,2016-05-19 00:02:45,Role 1,45,1.0,-1,{}
2,Radicar Solicitud Homologacion,2016-05-19 01:29:09,2016-05-19 01:32:08,Role 1,44,1.1023185483870968,-1,{}
4,Traer informacion estudiante - banner,2016-05-19 01:34:01,2016-05-19 01:34:30,Role 1,46,1.0,-1,{}
5,Traer informacion estudiante - banner,2016-05-19 02:00:18,2016-05-19 02:00:47,Role 1,47,1.0,-1,{}
1,Validar solicitud,2016-05-19 04:21:25,2016-05-19 04:48:13,Role 2,44,1.2416834677419355,-1,{}
6,Traer informacion estudiante - banner,2016-05-19 05:36:00,2016-05-19 05:36:25,Role 1,48,1.0,-1,{}
7,Traer informacion estudiante - banner,2016-05-19 06:00:43,2016-05-19 06:01:09,Role 1,49,1.0,-1,{}
2,Cancelar Solicitud,2016-05-19 07:53:58,2016-05-19 07:54:30,Role 2,45,1.2653729838709677,-1,{}
8,Traer informacion estudiante - banner,2016-05-19 09:07:06,2016-05-19 09:07:30,Role 1,50,1.0,-1,{}
9,Traer informacion estudiante - banner,2016-05-19 12:02:25,2016-05-19 12:02:48,Role 1,51,1.0,-1,{}
1,Homologacion por grupo de cursos,2016-05-19 12:38:52,2016-05-19 12:39:29,Role 3,47,1.5632560483870968,-1,{}
10,Traer informacion estudiante - banner,2016-05-19 13:14:55,2016-05-19 13:15:18,Role 1,52,1.0,-1,{}
3,Radicar Solicitud Homologacion,2016-05-19 13:55:49,2016-05-19 14:00:46,Role 1,45,1.1023185483870968,-1,{}
4,Radicar Solicitud Homologacion,2016-05-19 15:08:12,2016-05-19 15:12:59,Role 1,46,1.1023185483870968,-1,{}
5,Radicar Solicitud Homologacion,2016-05-19 15:15:26,2016-05-19 15:20:14,Role 1,47,1.1023185483870968,-1,{}
11,Traer informacion estudiante - banner,2016-05-19 16:26:10,2016-05-19 16:26:33,Role 1,53,1.0,-1,{}
12,Traer informacion estudiante - banner,2016-05-19 18:06:09,2016-05-19 18:06:32,Role 1,54,1.0,-1,{}
6,Radicar Solicitud Homologacion,2016-05-19 18:32:19,2016-05-19 18:36:43,Role 1,48,1.1023185483870968,-1,{}
7,Radicar Solicitud Homologacion,2016-05-19 18:38:37,2016-05-19 18:43:02,Role 1,49,1.1023185483870968,-1,{}
13,Traer informacion estudiante - banner,2016-05-19 19:27:19,2016-05-19 19:27:42,Role 1,55,1.0,-1,{}
14,Traer informacion estudiante - banner,2016-05-19 20:53:54,2016-05-19 20:54:18,Role 1,56,1.0,-1,{}
15,Traer informacion estudiante - banner,2016-05-19 21:15:44,2016-05-19 21:16:08,Role 1,57,1.0,-1,{}
8,Radicar Solicitud Homologacion,2016-05-19 21:26:49,2016-05-19 21:30:59,Role 1,50,1.1023185483870968,-1,{}
1,Revisar curso,2016-05-19 21:48:12,2016-05-19 21:53:51,Role 2,51,1.047883064516129,-1,{}
16,Traer informacion estudiante - banner,2016-05-19 22:30:20,2016-05-19 22:30:44,Role 1,58,1.0,-1,{}
17,Traer informacion estudiante - banner,2016-05-19 23:03:15,2016-05-19 23:03:40,Role 1,59,1.0,-1,{}
18,Traer informacion estudiante - banner,2016-05-19 23:48:13,2016-05-19 23:48:38,Role 1,60,1.0,-1,{}
9,Radicar Solicitud Homologacion,2016-05-20 00:04:17,2016-05-20 00:10:22,Role 1,51,1.1023185483870968,-1,{}
19,Traer informacion estudiante - banner,2016-05-20 00:17:05,2016-05-20 00:18:08,Role 1,61,1.0,-1,{}
10,Radicar Solicitud Homologacion,2016-05-20 00:59:14,2016-05-20 01:05:12,Role 1,52,1.1023185483870968,-1,{}
19,Radicar Solicitud Homologacion,2016-05-20 02:15:09,2016-05-20 02:23:55,Role 1,61,1.1023185483870968,-1,{}
20,Traer informacion estudiante - banner,2016-05-20 02:48:12,2016-05-20 02:49:12,Role 1,62,1.0,-1,{}
21,Traer informacion estudiante - banner,2016-05-20 03:08:47,2016-05-20 03:09:47,Role 1,63,1.0,-1,{}
11,Radicar Solicitud Homologacion,2016-05-20 03:53:13,2016-05-20 03:58:42,Role 1,53,1.1023185483870968,-1,{}
22,Traer informacion estudiante - banner,2016-05-20 04:30:11,2016-05-20 04:31:09,Role 1,64,1.0,-1,{}
20,Radicar Solicitud Homologacion,2016-05-20 04:42:33,2016-05-20 04:50:51,Role 1,62,1.1023185483870968,-1,{}
21,Radicar Solicitud Homologacion,2016-05-20 04:59:32,2016-05-20 05:07:49,Role 1,63,1.1023185483870968,-1,{}
12,Radicar Solicitud Homologacion,2016-05-20 05:16:14,2016-05-20 05:21:32,Role 1,54,1.1023185483870968,-1,{}
23,Traer informacion estudiante - banner,2016-05-20 05:32:59,2016-05-20 05:33:56,Role 1,65,1.0,-1,{}
13,Radicar Solicitud Homologacion,2016-05-20 06:20:43,2016-05-20 06:25:04,Role 1,55,2.102318548387097,-1,{}
22,Radicar Solicitud Homologacion,2016-05-20 06:17:22,2016-05-20 06:25:25,Role 1,64,1.1023185483870968,-1,{}
1,Homologacion por grupo de cursos,2016-05-20 06:57:29,2016-05-20 06:57:33,Role 3,57,1.5632560483870968,-1,{}
23,Radicar Solicitud Homologacion,2016-05-20 07:16:43,2016-05-20 07:24:35,Role 1,65,1.1023185483870968,-1,{}
14,Radicar Solicitud Homologacion,2016-05-20 07:30:55,2016-05-20 07:35:57,Role 1,56,1.1023185483870968,-1,{}
15,Radicar Solicitud Homologacion,2016-05-20 07:36:38,2016-05-20 07:41:41,Role 1,57,1.1023185483870968,-1,{}
16,Radicar Solicitud Homologacion,2016-05-20 08:35:24,2016-05-20 08:40:19,Role 1,58,1.1023185483870968,-1,{}
17,Radicar Solicitud Homologacion,2016-05-20 08:52:46,2016-05-20 08:57:41,Role 1,59,1.1023185483870968,-1,{}
24,Traer informacion estudiante - banner,2016-05-20 09:25:06,2016-05-20 09:25:59,Role 1,66,1.0,-1,{}
18,Radicar Solicitud Homologacion,2016-05-20 09:22:26,2016-05-20 09:27:18,Role 1,60,1.1023185483870968,-1,{}
1,Revisar curso,2016-05-20 10:23:43,2016-05-20 10:24:05,Role 2,65,1.047883064516129,-1,{}
9,Validar solicitud,2016-05-20 10:54:03,2016-05-20 11:09:45,Role 2,60,1.2416834677419355,-1,{}
24,Radicar Solicitud Homologacion,2016-05-20 11:06:43,2016-05-20 11:14:03,Role 1,66,1.1023185483870968,-1,{}
20,Validar solicitud,2016-05-20 11:24:23,2016-05-20 11:37:32,Role 2,64,1.2416834677419355,-1,{}
1,Evaluacion curso,2016-05-20 11:37:55,2016-05-20 11:37:56,Role 4,66,1.0778729838709677,-1,{}
21,Validar solicitud,2016-05-20 11:39:35,2016-05-20 11:52:33,Role 2,64,1.2416834677419355,-1,{}
1,Validacion final,2016-05-20 12:22:40,2016-05-20 12:22:40,Role 2,66,1.0100806451612903,-1,{}
1,Visto Bueno Cierre Proceso,2016-05-20 12:44:10,2016-05-20 12:44:10,Role 3,66,1.0327620967741935,-1,{}
25,Traer informacion estudiante - banner,2016-05-20 15:06:20,2016-05-20 15:07:07,Role 1,66,1.0,-1,{}
10,Cancelar Solicitud,2016-05-20 15:21:36,2016-05-20 15:22:19,Role 2,61,1.2653729838709677,-1,{}
13,Validar solicitud,2016-05-20 15:33:47,2016-05-20 15:43:44,Role 2,65,1.2416834677419355,-1,{}
5,Validar solicitud,2016-05-20 15:50:40,2016-05-20 16:05:43,Role 2,52,1.2416834677419355,-1,{}
26,Traer informacion estudiante - banner,2016-05-20 16:24:05,2016-05-20 16:24:54,Role 1,67,1.0,-1,{}
4,Validar solicitud,2016-05-20 16:15:06,2016-05-20 16:30:10,Role 2,52,1.2416834677419355,-1,{}
25,Radicar Solicitud Homologacion,2016-05-20 16:46:31,2016-05-20 16:52:31,Role 1,66,1.1023185483870968,-1,{}
27,Traer informacion estudiante - banner,2016-05-20 17:30:19,2016-05-20 17:31:05,Role 1,68,1.0,-1,{}
11,Cancelar Solicitud,2016-05-20 17:39:46,2016-05-20 17:40:14,Role 2,63,1.2653729838709677,-1,{}
24,Validar solicitud,2016-05-20 17:43:07,2016-05-20 17:52:49,Role 2,66,1.2416834677419355,-1,{}
26,Radicar Solicitud Homologacion,2016-05-20 17:51:18,2016-05-20 17:57:30,Role 1,67,1.1023185483870968,-1,{}
7,Validar solicitud,2016-05-20 17:44:51,2016-05-20 17:57:45,Role 2,54,2.2416834677419355,-1,{}
28,Traer informacion estudiante - banner,2016-05-20 17:59:44,2016-05-20 18:00:30,Role 1,69,1.0,-1,{}
9,Recepcion de documentos,2016-05-20 18:03:54,2016-05-20 18:04:39,Role 2,66,1.0148689516129032,-1,{}
6,Validar solicitud,2016-05-20 18:08:47,2016-05-20 18:22:32,Role 2,54,1.2416834677419355,-1,{}
12,Cancelar Solicitud,2016-05-20 18:37:29,2016-05-20 18:37:51,Role 2,64,1.2653729838709677,-1,{}
20,Recepcion de documentos,2016-05-20 19:03:26,2016-05-20 19:04:09,Role 2,66,1.0148689516129032,-1,{}
27,Radicar Solicitud Homologacion,2016-05-20 19:03:58,2016-05-20 19:09:56,Role 1,68,1.1023185483870968,-1,{}
29,Traer informacion estudiante - banner,2016-05-20 19:14:07,2016-05-20 19:14:53,Role 1,70,1.0,-1,{}
21,Recepcion de documentos,2016-05-20 19:15:55,2016-05-20 19:16:37,Role 2,66,1.0148689516129032,-1,{}
28,Radicar Solicitud Homologacion,2016-05-20 19:30:14,2016-05-20 19:36:12,Role 1,69,1.1023185483870968,-1,{}
8,Validar solicitud,2016-05-20 19:24:14,2016-05-20 19:37:09,Role 2,57,1.2416834677419355,-1,{}
2,Notificacion estudiante cancelacion soli,2016-05-20 19:40:57,2016-05-20 19:40:57,Role 2,49,1.0,-1,{}
15,Cancelar Solicitud,2016-05-20 20:03:27,2016-05-20 20:03:39,Role 2,65,1.2653729838709677,-1,{}
14,Cancelar Solicitud,2016-05-20 20:12:26,2016-05-20 20:12:38,Role 2,65,1.2653729838709677,-1,{}
29,Radicar Solicitud Homologacion,2016-05-20 20:41:32,2016-05-20 20:47:05,Role 1,70,1.1023185483870968,-1,{}
16,Cancelar Solicitud,2016-05-20 20:47:43,2016-05-20 20:47:50,Role 2,65,1.2653729838709677,-1,{}
17,Cancelar Solicitud,2016-05-20 20:51:04,2016-05-20 20:51:10,Role 2,65,1.2653729838709677,-1,{}
30,Traer informacion estudiante - banner,2016-05-20 20:55:15,2016-05-20 20:56:00,Role 1,70,1.0,-1,{}
18,Cancelar Solicitud,2016-05-20 20:58:48,2016-05-20 20:58:48,Role 2,66,2.265372983870968,-1,{}
3,Cancelar Solicitud,2016-05-20 20:58:45,2016-05-20 20:58:53,Role 2,52,1.2653729838709677,-1,{}
31,Traer informacion estudiante - banner,2016-05-20 20:58:28,2016-05-20 20:59:13,Role 1,71,1.0,-1,{}
9,Homologacion por grupo de cursos,2016-05-20 21:01:34,2016-05-20 21:02:03,Role 3,69,1.5632560483870968,-1,{}
20,Homologacion por grupo de cursos,2016-05-20 21:17:25,2016-05-20 21:17:58,Role 3,69,1.5632560483870968,-1,{}
21,Homologacion por grupo de cursos,2016-05-20 21:21:05,2016-05-20 21:21:37,Role 3,70,1.5632560483870968,-1,{}
21,Revisar curso,2016-05-20 21:21:41,2016-05-20 21:22:08,Role 2,69,1.047883064516129,-1,{}
21,Homologacion por grupo de cursos,2016-05-20 21:22:12,2016-05-20 21:22:35,Role 3,69,1.5632560483870968,-1,{}
13,Homologacion por grupo de cursos,2016-05-20 21:50:37,2016-05-20 21:50:37,Role 3,66,1.5632560483870968,-1,{}
32,Traer informacion estudiante - banner,2016-05-20 22:19:35,2016-05-20 22:20:18,Role 1,69,1.0,-1,{}
31,Radicar Solicitud Homologacion,2016-05-20 22:22:50,2016-05-20 22:27:24,Role 1,71,2.102318548387097,-1,{}
30,Radicar Solicitud Homologacion,2016-05-20 22:22:39,2016-05-20 22:27:56,Role 1,70,1.1023185483870968,-1,{}
33,Traer informacion estudiante - banner,2016-05-20 23:25:02,2016-05-20 23:25:47,Role 1,70,1.0,-1,{}
26,Validar solicitud,2016-05-20 23:22:30,2016-05-20 23:29:35,Role 2,68,1.2416834677419355,-1,{}
32,Radicar Solicitud Homologacion,2016-05-20 23:50:02,2016-05-20 23:55:05,Role 1,69,1.1023185483870968,-1,{}
13,Revisar curso,2016-05-21 00:07:18,2016-05-21 00:07:31,Role 2,68,1.047883064516129,-1,{}
24,Homologacion por grupo de cursos,2016-05-21 00:14:49,2016-05-21 00:14:49,Role 3,68,1.5632560483870968,-1,{}
33,Radicar Solicitud Homologacion,2016-05-21 00:43:14,2016-05-21 00:48:39,Role 1,70,1.1023185483870968,-1,{}
19,Cancelar Solicitud,2016-05-21 01:05:01,2016-05-21 01:05:40,Role 2,61,1.2653729838709677,-1,{}
34,Traer informacion estudiante - banner,2016-05-21 01:25:22,2016-05-21 01:25:47,Role 1,71,1.0,-1,{}
27,Validar solicitud,2016-05-21 01:20:57,2016-05-21 01:30:21,Role 2,69,1.2416834677419355,-1,{}
29,Validar solicitud,2016-05-21 02:55:37,2016-05-21 03:04:36,Role 2,69,1.2416834677419355,-1,{}
22,Cancelar Solicitud,2016-05-21 05:05:27,2016-05-21 05:05:47,Role 2,65,1.2653729838709677,-1,{}
35,Traer informacion estudiante - banner,2016-05-21 05:26:37,2016-05-21 05:27:00,Role 1,72,1.0,-1,{}
26,Recepcion de documentos,2016-05-21 05:29:48,2016-05-21 05:29:48,Role 2,70,1.0148689516129032,-1,{}
32,Validar solicitud,2016-05-21 06:02:19,2016-05-21 06:10:14,Role 2,70,1.2416834677419355,-1,{}
23,Cancelar Solicitud,2016-05-21 06:10:27,2016-05-21 06:10:43,Role 2,65,1.2653729838709677,-1,{}
13,Evaluacion curso,2016-05-21 06:59:44,2016-05-21 06:59:46,Role 4,70,1.0778729838709677,-1,{}
34,Radicar Solicitud Homologacion,2016-05-21 06:57:14,2016-05-21 07:00:41,Role 1,71,1.1023185483870968,-1,{}
5,Homologacion por grupo de cursos,2016-05-21 08:29:00,2016-05-21 08:29:00,Role 3,66,1.5632560483870968,-1,{}
4,Recepcion de documentos,2016-05-21 08:31:33,2016-05-21 08:31:55,Role 2,67,1.0148689516129032,-1,{}
7,Homologacion por grupo de cursos,2016-05-21 08:59:45,2016-05-21 08:59:45,Role 3,68,1.5632560483870968,-1,{}
8,Homologacion por grupo de cursos,2016-05-21 09:30:39,2016-05-21 09:30:39,Role 3,70,1.5632560483870968,-1,{}
6,Homologacion por grupo de cursos,2016-05-21 09:33:28,2016-05-21 09:33:28,Role 3,69,1.5632560483870968,-1,{}
35,Radicar Solicitud Homologacion,2016-05-21 11:01:09,2016-05-21 11:04:12,Role 1,72,1.1023185483870968,-1,{}
36,Traer informacion estudiante - banner,2016-05-21 13:40:11,2016-05-21 13:40:33,Role 1,72,1.0,-1,{}
37,Traer informacion estudiante - banner,2016-05-21 14:05:35,2016-05-21 14:05:57,Role 1,73,1.0,-1,{}
25,Cancelar Solicitud,2016-05-21 15:35:53,2016-05-21 15:35:53,Role 2,67,1.2653729838709677,-1,{}
28,Cancelar Solicitud,2016-05-21 17:31:17,2016-05-21 17:31:17,Role 2,70,1.2653729838709677,-1,{}
38,Traer informacion estudiante - banner,2016-05-21 17:43:54,2016-05-21 17:44:16,Role 1,74,1.0,-1,{}
39,Traer informacion estudiante - banner,2016-05-21 18:26:44,2016-05-21 18:27:06,Role 1,75,1.0,-1,{}
40,Traer informacion estudiante - banner,2016-05-21 19:14:29,2016-05-21 19:14:51,Role 1,76,1.0,-1,{}
36,Radicar Solicitud Homologacion,2016-05-21 19:14:42,2016-05-21 19:17:06,Role 1,72,1.1023185483870968,-1,{}
37,Radicar Solicitud Homologacion,2016-05-21 19:30:03,2016-05-21 19:32:27,Role 1,73,1.1023185483870968,-1,{}
41,Traer informacion estudiante - banner,2016-05-21 20:41:27,2016-05-21 20:41:49,Role 1,77,1.0,-1,{}
30,Cancelar Solicitud,2016-05-21 21:28:19,2016-05-21 21:28:19,Role 2,69,1.2653729838709677,-1,{}
31,Cancelar Solicitud,2016-05-21 21:39:01,2016-05-21 21:39:01,Role 2,69,1.2653729838709677,-1,{}
24,Revisar curso,2016-05-21 21:39:58,2016-05-21 21:40:00,Role 2,70,1.047883064516129,-1,{}
38,Radicar Solicitud Homologacion,2016-05-21 22:58:29,2016-05-21 23:00:40,Role 1,74,1.1023185483870968,-1,{}
39,Radicar Solicitud Homologacion,2016-05-21 23:31:37,2016-05-21 23:33:48,Role 1,75,1.1023185483870968,-1,{}
40,Radicar Solicitud Homologacion,2016-05-22 00:10:27,2016-05-22 00:15:17,Role 1,76,1.1023185483870968,-1,{}
42,Traer informacion estudiante - banner,2016-05-22 00:53:45,2016-05-22 00:54:11,Role 1,78,1.0,-1,{}
41,Radicar Solicitud Homologacion,2016-05-22 01:27:25,2016-05-22 01:32:08,Role 1,77,1.1023185483870968,-1,{}
26,Homologacion por grupo de cursos,2016-05-22 02:03:20,2016-05-22 02:03:20,Role 3,72,1.5632560483870968,-1,{}
13,Validacion final,2016-05-22 02:06:06,2016-05-22 02:06:11,Role 2,72,1.0100806451612903,-1,{}
13,Visto Bueno Cierre Proceso,2016-05-22 02:06:15,2016-05-22 02:06:24,Role 3,77,1.0327620967741935,-1,{}
43,Traer informacion estudiante - banner,2016-05-22 02:39:03,2016-05-22 02:39:28,Role 1,77,1.0,-1,{}
8,Revisar curso,2016-05-22 02:44:43,2016-05-22 02:44:43,Role 2,72,1.047883064516129,-1,{}
7,Revisar curso,2016-05-22 03:01:15,2016-05-22 03:01:15,Role 2,72,1.047883064516129,-1,{}
4,Homologacion por grupo de cursos,2016-05-22 03:03:00,2016-05-22 03:03:00,Role 3,72,1.5632560483870968,-1,{}
5,Revisar curso,2016-05-22 03:25:55,2016-05-22 03:25:55,Role 2,72,1.047883064516129,-1,{}
44,Traer informacion estudiante - banner,2016-05-22 04:04:22,2016-05-22 04:04:46,Role 1,78,1.0,-1,{}
42,Radicar Solicitud Homologacion,2016-05-22 04:17:25,2016-05-22 04:28:53,Role 1,78,1.1023185483870968,-1,{}
8,Evaluacion curso,2016-05-22 04:54:19,2016-05-22 04:54:19,Role 4,77,1.0778729838709677,-1,{}
8,Validar solicitud / pre-homologacion,2016-05-22 04:54:23,2016-05-22 04:54:23,Role 2,78,1.0128528225806452,-1,{}
43,Radicar Solicitud Homologacion,2016-05-22 05:59:07,2016-05-22 06:09:50,Role 1,77,1.1023185483870968,-1,{}
5,Evaluacion curso,2016-05-22 06:38:02,2016-05-22 06:38:02,Role 4,77,1.0778729838709677,-1,{}
5,Validacion final,2016-05-22 06:38:06,2016-05-22 06:38:06,Role 2,77,1.0100806451612903,-1,{}
5,Visto Bueno Cierre Proceso,2016-05-22 06:38:10,2016-05-22 06:38:18,Role 3,77,1.0327620967741935,-1,{}
4,Revisar curso,2016-05-22 07:19:38,2016-05-22 07:19:56,Role 2,77,1.047883064516129,-1,{}
4,Homologacion por grupo de cursos,2016-05-22 07:20:00,2016-05-22 07:20:00,Role 3,76,1.5632560483870968,-1,{}
44,Radicar Solicitud Homologacion,2016-05-22 07:28:00,2016-05-22 07:38:15,Role 1,78,1.1023185483870968,-1,{}
7,Cancelar curso,2016-05-22 09:13:06,2016-05-22 09:13:06,Role 1,77,1.001008064516129,-1,{}
27,Recepcion de documentos,2016-05-22 11:52:33,2016-05-22 11:52:33,Role 2,71,1.0148689516129032,-1,{}
29,Homologacion por grupo de cursos,2016-05-22 13:03:21,2016-05-22 13:03:21,Role 3,71,1.5632560483870968,-1,{}
45,Traer informacion estudiante - banner,2016-05-22 13:03:47,2016-05-22 13:04:07,Role 1,74,1.0,-1,{}
45,Radicar Solicitud Homologacion,2016-05-22 16:13:10,2016-05-22 16:20:48,Role 1,74,1.1023185483870968,-1,{}
32,Recepcion de documentos,2016-05-22 16:27:30,2016-05-22 16:27:30,Role 2,72,1.0148689516129032,-1,{}
46,Traer informacion estudiante - banner,2016-05-22 17:41:33,2016-05-22 17:41:53,Role 1,75,1.0,-1,{}
47,Traer informacion estudiante - banner,2016-05-22 19:28:58,2016-05-22 19:29:18,Role 1,76,1.0,-1,{}
27,Homologacion por grupo de cursos,2016-05-22 19:44:23,2016-05-22 19:44:42,Role 3,74,1.5632560483870968,-1,{}
48,Traer informacion estudiante - banner,2016-05-22 20:55:33,2016-05-22 20:55:53,Role 1,76,1.0,-1,{}
46,Radicar Solicitud Homologacion,2016-05-22 20:54:26,2016-05-22 21:01:20,Role 1,75,1.1023185483870968,-1,{}
49,Traer informacion estudiante - banner,2016-05-22 21:12:15,2016-05-22 21:12:35,Role 1,77,1.0,-1,{}
50,Traer informacion estudiante - banner,2016-05-22 21:58:50,2016-05-22 21:59:10,Role 1,78,1.0,-1,{}
47,Radicar Solicitud Homologacion,2016-05-22 22:45:23,2016-05-22 22:52:11,Role 1,76,1.1023185483870968,-1,{}
51,Traer informacion estudiante - banner,2016-05-22 23:11:36,2016-05-22 23:11:57,Role 1,79,1.0,-1,{}
33,Cancelar Solicitud,2016-05-22 23:24:39,2016-05-22 23:24:39,Role 2,70,1.2653729838709677,-1,{}
32,Homologacion por grupo de cursos,2016-05-23 00:08:46,2016-05-23 00:10:11,Role 3,74,1.5632560483870968,-1,{}
48,Radicar Solicitud Homologacion,2016-05-23 00:13:22,2016-05-23 00:27:30,Role 1,76,1.1023185483870968,-1,{}
49,Radicar Solicitud Homologacion,2016-05-23 00:32:14,2016-05-23 00:46:26,Role 1,77,1.1023185483870968,-1,{}
52,Traer informacion estudiante - banner,2016-05-23 00:51:02,2016-05-23 00:51:07,Role 1,79,1.0,-1,{}
10,Notificacion estudiante cancelacion soli,2016-05-23 01:19:00,2016-05-23 01:19:00,Role 2,66,1.0,-1,{}
50,Radicar Solicitud Homologacion,2016-05-23 01:22:24,2016-05-23 01:36:29,Role 1,78,1.1023185483870968,-1,{}
52,Radicar Solicitud Homologacion,2016-05-23 01:39:40,2016-05-23 01:45:36,Role 1,79,1.1023185483870968,-1,{}
24,Homologacion por grupo de cursos,2016-05-23 02:19:35,2016-05-23 02:19:42,Role 3,77,1.5632560483870968,-1,{}
11,Notificacion estudiante cancelacion soli,2016-05-23 02:48:25,2016-05-23 02:48:25,Role 2,68,1.0,-1,{}
51,Radicar Solicitud Homologacion,2016-05-23 02:38:47,2016-05-23 02:52:34,Role 1,79,1.1023185483870968,-1,{}
12,Notificacion estudiante cancelacion soli,2016-05-23 03:21:46,2016-05-23 03:21:46,Role 2,69,1.0,-1,{}
18,Notificacion estudiante cancelacion soli,2016-05-23 03:38:14,2016-05-23 03:38:14,Role 2,71,1.0,-1,{}
15,Notificacion estudiante cancelacion soli,2016-05-23 04:35:46,2016-05-23 04:35:46,Role 2,69,1.0,-1,{}
14,Notificacion estudiante cancelacion soli,2016-05-23 04:45:55,2016-05-23 04:45:55,Role 2,69,1.0,-1,{}
52,Cancelar Solicitud,2016-05-23 05:06:16,2016-05-23 05:07:26,Role 2,78,1.2653729838709677,-1,{}
16,Notificacion estudiante cancelacion soli,2016-05-23 05:19:05,2016-05-23 05:19:05,Role 2,69,1.0,-1,{}
17,Notificacion estudiante cancelacion soli,2016-05-23 05:21:49,2016-05-23 05:21:49,Role 2,69,1.0,-1,{}
53,Traer informacion estudiante - banner,2016-05-23 07:15:04,2016-05-23 07:15:10,Role 1,71,1.0,-1,{}
3,Notificacion estudiante cancelacion soli,2016-05-23 07:53:15,2016-05-23 07:53:15,Role 2,71,1.0,-1,{}
53,Radicar Solicitud Homologacion,2016-05-23 08:04:07,2016-05-23 08:08:23,Role 1,71,1.1023185483870968,-1,{}
54,Traer informacion estudiante - banner,2016-05-23 08:12:01,2016-05-23 08:12:07,Role 1,71,1.0,-1,{}
54,Radicar Solicitud Homologacion,2016-05-23 09:01:04,2016-05-23 09:05:18,Role 1,71,1.1023185483870968,-1,{}
55,Traer informacion estudiante - banner,2016-05-23 09:11:03,2016-05-23 09:11:10,Role 1,72,1.0,-1,{}
55,Radicar Solicitud Homologacion,2016-05-23 10:00:01,2016-05-23 10:04:36,Role 1,72,1.1023185483870968,-1,{}
53,Validar solicitud,2016-05-23 09:48:01,2016-05-23 10:09:52,Role 2,70,1.2416834677419355,-1,{}
54,Validar solicitud,2016-05-23 10:45:07,2016-05-23 11:06:33,Role 2,71,1.2416834677419355,-1,{}
55,Validar solicitud,2016-05-23 11:44:57,2016-05-23 12:05:36,Role 2,72,1.2416834677419355,-1,{}
53,Homologacion por grupo de cursos,2016-05-23 12:16:31,2016-05-23 12:16:44,Role 3,72,1.5632560483870968,-1,{}
36,Validar solicitud,2016-05-23 12:42:48,2016-05-23 12:57:28,Role 2,76,1.2416834677419355,-1,{}
40,Cancelar Solicitud,2016-05-23 13:00:01,2016-05-23 13:00:45,Role 2,77,1.2653729838709677,-1,{}
37,Validar solicitud,2016-05-23 12:53:59,2016-05-23 13:08:14,Role 2,76,2.2416834677419355,-1,{}
56,Traer informacion estudiante - banner,2016-05-23 13:13:22,2016-05-23 13:13:31,Role 1,72,1.0,-1,{}
54,Homologacion por grupo de cursos,2016-05-23 13:13:42,2016-05-23 13:13:53,Role 3,72,1.5632560483870968,-1,{}
41,Cancelar Solicitud,2016-05-23 14:05:32,2016-05-23 14:06:05,Role 2,78,1.2653729838709677,-1,{}
56,Radicar Solicitud Homologacion,2016-05-23 14:02:22,2016-05-23 14:06:15,Role 1,72,1.1023185483870968,-1,{}
55,Recepcion de documentos,2016-05-23 14:12:21,2016-05-23 14:13:42,Role 2,72,1.0148689516129032,-1,{}
57,Traer informacion estudiante - banner,2016-05-23 15:12:23,2016-05-23 15:12:33,Role 1,72,1.0,-1,{}
57,Radicar Solicitud Homologacion,2016-05-23 16:01:24,2016-05-23 16:05:11,Role 1,72,1.1023185483870968,-1,{}
55,Homologacion por grupo de cursos,2016-05-23 16:06:43,2016-05-23 16:08:19,Role 3,71,1.5632560483870968,-1,{}
58,Traer informacion estudiante - banner,2016-05-23 16:47:51,2016-05-23 16:48:01,Role 1,73,1.0,-1,{}
56,Cancelar Solicitud,2016-05-23 17:10:14,2016-05-23 17:10:37,Role 2,71,1.2653729838709677,-1,{}
55,Revisar curso,2016-05-23 17:28:41,2016-05-23 17:29:53,Role 2,72,1.047883064516129,-1,{}
59,Traer informacion estudiante - banner,2016-05-23 17:35:03,2016-05-23 17:35:14,Role 1,74,1.0,-1,{}
36,Homologacion por grupo de cursos,2016-05-23 17:38:48,2016-05-23 17:38:48,Role 3,71,1.5632560483870968,-1,{}
36,Revisar curso,2016-05-23 17:38:52,2016-05-23 17:40:04,Role 2,74,1.047883064516129,-1,{}
36,Homologacion por grupo de cursos,2016-05-23 17:40:08,2016-05-23 17:40:15,Role 3,74,1.5632560483870968,-1,{}
58,Radicar Solicitud Homologacion,2016-05-23 17:36:47,2016-05-23 17:40:36,Role 1,73,1.1023185483870968,-1,{}
34,Cancelar Solicitud,2016-05-23 17:57:49,2016-05-23 17:57:56,Role 2,72,1.2653729838709677,-1,{}
37,Homologacion por grupo de cursos,2016-05-23 18:06:09,2016-05-23 18:06:09,Role 3,71,1.5632560483870968,-1,{}
37,Revisar curso,2016-05-23 18:06:13,2016-05-23 18:07:18,Role 2,73,1.047883064516129,-1,{}
37,Homologacion por grupo de cursos,2016-05-23 18:07:22,2016-05-23 18:07:28,Role 3,73,1.5632560483870968,-1,{}
37,Revisar curso,2016-05-23 18:07:32,2016-05-23 18:07:56,Role 2,73,1.047883064516129,-1,{}
37,Cancelar curso,2016-05-23 18:08:00,2016-05-23 18:08:11,Role 1,73,1.001008064516129,-1,{}
55,Evaluacion curso,2016-05-23 18:21:27,2016-05-23 18:21:36,Role 4,73,1.0778729838709677,-1,{}
59,Radicar Solicitud Homologacion,2016-05-23 18:23:55,2016-05-23 18:27:39,Role 1,74,1.1023185483870968,-1,{}
55,Validacion final,2016-05-23 19:00:57,2016-05-23 19:01:05,Role 2,72,1.0100806451612903,-1,{}
57,Cancelar Solicitud,2016-05-23 19:09:34,2016-05-23 19:09:54,Role 2,72,1.2653729838709677,-1,{}
60,Traer informacion estudiante - banner,2016-05-23 19:18:07,2016-05-23 19:18:19,Role 1,73,1.0,-1,{}
55,Visto Bueno Cierre Proceso,2016-05-23 19:30:26,2016-05-23 19:30:38,Role 3,72,1.0327620967741935,-1,{}
60,Radicar Solicitud Homologacion,2016-05-23 20:07:05,2016-05-23 20:10:40,Role 1,73,1.1023185483870968,-1,{}
59,Validar solicitud,2016-05-23 20:09:53,2016-05-23 20:26:53,Role 2,72,1.2416834677419355,-1,{}
58,Cancelar Solicitud,2016-05-23 20:47:15,2016-05-23 20:47:33,Role 2,73,1.2653729838709677,-1,{}
59,Recepcion de documentos,2016-05-23 22:35:58,2016-05-23 22:36:40,Role 2,72,1.0148689516129032,-1,{}
61,Traer informacion estudiante - banner,2016-05-23 22:55:18,2016-05-23 22:55:31,Role 1,73,1.0,-1,{}
62,Traer informacion estudiante - banner,2016-05-23 23:03:42,2016-05-23 23:03:55,Role 1,74,1.0,-1,{}
60,Cancelar Solicitud,2016-05-23 23:15:28,2016-05-23 23:15:43,Role 2,72,1.2653729838709677,-1,{}
35,Cancelar Solicitud,2016-05-23 23:28:39,2016-05-23 23:28:39,Role 2,71,1.2653729838709677,-1,{}
61,Radicar Solicitud Homologacion,2016-05-23 23:44:17,2016-05-23 23:47:44,Role 1,73,1.1023185483870968,-1,{}
62,Radicar Solicitud Homologacion,2016-05-23 23:52:36,2016-05-23 23:56:05,Role 1,74,1.1023185483870968,-1,{}
63,Traer informacion estudiante - banner,2016-05-24 00:09:45,2016-05-24 00:10:59,Role 1,75,1.0,-1,{}
59,Homologacion por grupo de cursos,2016-05-24 00:31:12,2016-05-24 00:34:15,Role 3,72,1.5632560483870968,-1,{}
63,Radicar Solicitud Homologacion,2016-05-24 01:21:36,2016-05-24 01:42:09,Role 1,75,1.1023185483870968,-1,{}
64,Traer informacion estudiante - banner,2016-05-24 01:45:36,2016-05-24 01:46:47,Role 1,75,1.0,-1,{}
61,Cancelar Solicitud,2016-05-24 02:54:47,2016-05-24 02:55:59,Role 2,74,1.2653729838709677,-1,{}
65,Traer informacion estudiante - banner,2016-05-24 02:57:32,2016-05-24 02:58:41,Role 1,76,1.0,-1,{}
62,Cancelar Solicitud,2016-05-24 03:05:02,2016-05-24 03:06:14,Role 2,74,1.2653729838709677,-1,{}
64,Radicar Solicitud Homologacion,2016-05-24 02:57:24,2016-05-24 03:17:11,Role 1,75,1.1023185483870968,-1,{}
52,Notificacion estudiante cancelacion soli,2016-05-24 03:23:00,2016-05-24 03:23:00,Role 2,72,1.0,-1,{}
65,Radicar Solicitud Homologacion,2016-05-24 04:11:30,2016-05-24 04:30:45,Role 1,76,1.1023185483870968,-1,{}
66,Traer informacion estudiante - banner,2016-05-24 08:20:18,2016-05-24 08:21:17,Role 1,76,1.0,-1,{}
66,Radicar Solicitud Homologacion,2016-05-24 09:33:12,2016-05-24 09:50:00,Role 1,76,1.1023185483870968,-1,{}
38,Cancelar Solicitud,2016-05-24 10:23:04,2016-05-24 10:23:10,Role 2,77,1.2653729838709677,-1,{}
39,Cancelar Solicitud,2016-05-24 10:55:37,2016-05-24 10:55:40,Role 2,77,1.2653729838709677,-1,{}
67,Traer informacion estudiante - banner,2016-05-24 12:27:41,2016-05-24 12:28:36,Role 1,77,1.0,-1,{}
68,Traer informacion estudiante - banner,2016-05-24 13:07:29,2016-05-24 13:08:24,Role 1,78,1.0,-1,{}
56,Notificacion estudiante cancelacion soli,2016-05-24 13:19:43,2016-05-24 13:19:43,Role 2,73,1.0,-1,{}
67,Radicar Solicitud Homologacion,2016-05-24 13:41:50,2016-05-24 13:57:06,Role 1,77,1.1023185483870968,-1,{}
69,Traer informacion estudiante - banner,2016-05-24 14:01:59,2016-05-24 14:02:56,Role 1,78,1.0,-1,{}
46,Validar solicitud,2016-05-24 13:49:23,2016-05-24 14:38:03,Role 2,76,1.2416834677419355,-1,{}
68,Radicar Solicitud Homologacion,2016-05-24 14:23:01,2016-05-24 14:38:54,Role 1,78,1.1023185483870968,-1,{}
57,Notificacion estudiante cancelacion soli,2016-05-24 15:22:41,2016-05-24 15:22:41,Role 2,72,1.0,-1,{}
69,Radicar Solicitud Homologacion,2016-05-24 15:16:45,2016-05-24 15:31:18,Role 1,78,1.1023185483870968,-1,{}
70,Traer informacion estudiante - banner,2016-05-24 15:54:33,2016-05-24 15:55:25,Role 1,78,1.0,-1,{}
71,Traer informacion estudiante - banner,2016-05-24 16:20:33,2016-05-24 16:21:28,Role 1,79,1.0,-1,{}
47,Validar solicitud,2016-05-24 16:18:29,2016-05-24 17:05:41,Role 2,78,1.2416834677419355,-1,{}
58,Notificacion estudiante cancelacion soli,2016-05-24 17:18:14,2016-05-24 17:18:14,Role 2,72,1.0,-1,{}
70,Radicar Solicitud Homologacion,2016-05-24 17:10:02,2016-05-24 17:24:16,Role 1,78,1.1023185483870968,-1,{}
71,Radicar Solicitud Homologacion,2016-05-24 17:36:39,2016-05-24 17:50:27,Role 1,79,1.1023185483870968,-1,{}
72,Traer informacion estudiante - banner,2016-05-24 17:50:13,2016-05-24 17:51:04,Role 1,79,1.0,-1,{}
73,Traer informacion estudiante - banner,2016-05-24 18:37:42,2016-05-24 18:38:33,Role 1,80,1.0,-1,{}
60,Notificacion estudiante cancelacion soli,2016-05-24 19:21:05,2016-05-24 19:21:05,Role 2,74,1.0,-1,{}
72,Radicar Solicitud Homologacion,2016-05-24 19:07:47,2016-05-24 19:21:30,Role 1,79,1.1023185483870968,-1,{}
74,Traer informacion estudiante - banner,2016-05-24 19:49:11,2016-05-24 19:50:01,Role 1,80,1.0,-1,{}
73,Radicar Solicitud Homologacion,2016-05-24 19:56:03,2016-05-24 20:09:38,Role 1,80,1.1023185483870968,-1,{}
74,Radicar Solicitud Homologacion,2016-05-24 21:07:31,2016-05-24 21:20:42,Role 1,80,1.1023185483870968,-1,{}
75,Traer informacion estudiante - banner,2016-05-24 21:43:10,2016-05-24 21:44:00,Role 1,81,1.0,-1,{}
76,Traer informacion estudiante - banner,2016-05-24 22:49:55,2016-05-24 22:50:45,Role 1,82,1.0,-1,{}
75,Radicar Solicitud Homologacion,2016-05-24 23:03:00,2016-05-24 23:15:49,Role 1,81,1.1023185483870968,-1,{}
77,Traer informacion estudiante - banner,2016-05-24 23:34:03,2016-05-24 23:34:53,Role 1,83,1.0,-1,{}
76,Radicar Solicitud Homologacion,2016-05-25 00:11:18,2016-05-25 00:23:50,Role 1,82,1.1023185483870968,-1,{}
78,Traer informacion estudiante - banner,2016-05-25 00:30:22,2016-05-25 00:30:38,Role 1,84,1.0,-1,{}
79,Traer informacion estudiante - banner,2016-05-25 01:00:58,2016-05-25 01:01:14,Role 1,85,1.0,-1,{}
78,Radicar Solicitud Homologacion,2016-05-25 01:02:49,2016-05-25 01:06:02,Role 1,84,2.102318548387097,-1,{}
77,Radicar Solicitud Homologacion,2016-05-25 00:57:01,2016-05-25 01:09:31,Role 1,83,1.1023185483870968,-1,{}
79,Radicar Solicitud Homologacion,2016-05-25 01:32:54,2016-05-25 01:36:48,Role 1,85,1.1023185483870968,-1,{}
78,Validar solicitud,2016-05-25 01:50:36,2016-05-25 02:04:47,Role 2,85,1.2416834677419355,-1,{}
78,Homologacion por grupo de cursos,2016-05-25 02:04:51,2016-05-25 02:04:51,Role 3,85,1.5632560483870968,-1,{}
42,Cancelar Solicitud,2016-05-25 03:43:29,2016-05-25 03:48:08,Role 2,78,1.2653729838709677,-1,{}
80,Traer informacion estudiante - banner,2016-05-25 03:51:10,2016-05-25 03:51:26,Role 1,85,1.0,-1,{}
79,Cancelar Solicitud,2016-05-25 04:21:04,2016-05-25 04:21:23,Role 2,85,1.2653729838709677,-1,{}
80,Radicar Solicitud Homologacion,2016-05-25 04:22:35,2016-05-25 04:26:10,Role 1,85,1.1023185483870968,-1,{}
81,Traer informacion estudiante - banner,2016-05-25 04:42:53,2016-05-25 04:43:10,Role 1,86,1.0,-1,{}
43,Cancelar Solicitud,2016-05-25 04:41:01,2016-05-25 04:45:08,Role 2,77,1.2653729838709677,-1,{}
81,Radicar Solicitud Homologacion,2016-05-25 05:11:33,2016-05-25 05:15:14,Role 1,86,1.1023185483870968,-1,{}
80,Validar solicitud,2016-05-25 05:09:32,2016-05-25 05:26:01,Role 2,85,1.2416834677419355,-1,{}
80,Homologacion por grupo de cursos,2016-05-25 05:26:05,2016-05-25 05:26:05,Role 3,86,1.5632560483870968,-1,{}
80,Revisar curso,2016-05-25 05:26:09,2016-05-25 05:26:29,Role 2,86,1.047883064516129,-1,{}
80,Evaluacion curso,2016-05-25 05:26:33,2016-05-25 05:26:33,Role 4,86,1.0778729838709677,-1,{}
80,Validar solicitud / pre-homologacion,2016-05-25 05:26:37,2016-05-25 05:26:37,Role 2,86,1.0128528225806452,-1,{}
48,Cancelar Solicitud,2016-05-25 06:13:01,2016-05-25 06:13:03,Role 2,78,1.2653729838709677,-1,{}
65,Validar solicitud,2016-05-25 05:44:55,2016-05-25 06:20:02,Role 2,75,1.2416834677419355,-1,{}
49,Cancelar Solicitud,2016-05-25 06:33:31,2016-05-25 06:33:31,Role 2,78,2.265372983870968,-1,{}
44,Cancelar Solicitud,2016-05-25 06:30:13,2016-05-25 06:33:42,Role 2,75,1.2653729838709677,-1,{}
82,Traer informacion estudiante - banner,2016-05-25 06:38:21,2016-05-25 06:38:37,Role 1,86,1.0,-1,{}
82,Radicar Solicitud Homologacion,2016-05-25 07:08:44,2016-05-25 07:12:07,Role 1,86,1.1023185483870968,-1,{}
81,Cancelar Solicitud,2016-05-25 07:37:30,2016-05-25 07:37:37,Role 2,86,1.2653729838709677,-1,{}
50,Cancelar Solicitud,2016-05-25 07:51:18,2016-05-25 07:51:18,Role 2,78,1.2653729838709677,-1,{}
83,Traer informacion estudiante - banner,2016-05-25 07:57:43,2016-05-25 07:58:00,Role 1,87,1.0,-1,{}
82,Validar solicitud,2016-05-25 07:53:59,2016-05-25 08:09:11,Role 2,86,1.2416834677419355,-1,{}
82,Recepcion de documentos,2016-05-25 08:09:15,2016-05-25 08:09:29,Role 2,87,1.0148689516129032,-1,{}
82,Homologacion por grupo de cursos,2016-05-25 08:09:33,2016-05-25 08:09:35,Role 3,87,1.5632560483870968,-1,{}
83,Radicar Solicitud Homologacion,2016-05-25 08:25:26,2016-05-25 08:28:39,Role 1,87,1.1023185483870968,-1,{}
51,Cancelar Solicitud,2016-05-25 09:25:10,2016-05-25 09:25:10,Role 2,76,1.2653729838709677,-1,{}
76,Validar solicitud,2016-05-25 09:50:20,2016-05-25 10:00:32,Role 2,83,1.2416834677419355,-1,{}
77,Validar solicitud,2016-05-25 10:41:26,2016-05-25 10:51:24,Role 2,85,1.2416834677419355,-1,{}
83,Cancelar Solicitud,2016-05-25 10:58:04,2016-05-25 10:58:07,Role 2,86,1.2653729838709677,-1,{}
66,Validar solicitud,2016-05-25 10:44:37,2016-05-25 11:14:41,Role 2,76,2.2416834677419355,-1,{}
45,Cancelar Solicitud,2016-05-25 12:41:29,2016-05-25 12:43:16,Role 2,74,1.2653729838709677,-1,{}
84,Traer informacion estudiante - banner,2016-05-25 13:21:16,2016-05-25 13:21:33,Role 1,87,1.0,-1,{}
84,Radicar Solicitud Homologacion,2016-05-25 13:50:40,2016-05-25 13:53:36,Role 1,87,1.1023185483870968,-1,{}
85,Traer informacion estudiante - banner,2016-05-25 14:45:25,2016-05-25 14:45:44,Role 1,88,1.0,-1,{}
84,Validar solicitud,2016-05-25 14:33:58,2016-05-25 14:46:40,Role 2,87,1.2416834677419355,-1,{}
84,Homologacion por grupo de cursos,2016-05-25 14:46:44,2016-05-25 14:46:44,Role 3,88,1.5632560483870968,-1,{}
84,Revisar curso,2016-05-25 14:46:48,2016-05-25 14:46:53,Role 2,88,1.047883064516129,-1,{}
84,Evaluacion curso,2016-05-25 14:46:57,2016-05-25 14:46:57,Role 4,88,1.0778729838709677,-1,{}
84,Validacion final,2016-05-25 14:47:01,2016-05-25 14:47:01,Role 2,88,1.0100806451612903,-1,{}
84,Visto Bueno Cierre Proceso,2016-05-25 14:47:05,2016-05-25 14:47:05,Role 3,88,1.0327620967741935,-1,{}
67,Validar solicitud,2016-05-25 14:34:18,2016-05-25 15:01:55,Role 2,77,2.2416834677419355,-1,{}
86,Traer informacion estudiante - banner,2016-05-25 15:08:51,2016-05-25 15:09:09,Role 1,88,1.0,-1,{}
85,Radicar Solicitud Homologacion,2016-05-25 15:10:42,2016-05-25 15:13:25,Role 1,88,1.1023185483870968,-1,{}
86,Radicar Solicitud Homologacion,2016-05-25 15:37:17,2016-05-25 15:40:10,Role 1,88,1.1023185483870968,-1,{}
85,Validar solicitud,2016-05-25 15:45:31,2016-05-25 15:57:47,Role 2,88,1.2416834677419355,-1,{}
85,Homologacion por grupo de cursos,2016-05-25 15:57:51,2016-05-25 15:57:51,Role 3,88,1.5632560483870968,-1,{}
87,Traer informacion estudiante - banner,2016-05-25 15:58:26,2016-05-25 15:58:44,Role 1,88,1.0,-1,{}
69,Validar solicitud,2016-05-25 15:54:33,2016-05-25 16:21:19,Role 2,77,2.2416834677419355,-1,{}
87,Radicar Solicitud Homologacion,2016-05-25 16:25:14,2016-05-25 16:28:08,Role 1,88,1.1023185483870968,-1,{}
86,Validar solicitud,2016-05-25 16:19:02,2016-05-25 16:30:47,Role 2,88,2.2416834677419355,-1,{}
86,Homologacion por grupo de cursos,2016-05-25 16:30:51,2016-05-25 16:30:51,Role 3,88,1.5632560483870968,-1,{}
87,Validar solicitud,2016-05-25 17:01:25,2016-05-25 17:12:58,Role 2,88,1.2416834677419355,-1,{}
87,Recepcion de documentos,2016-05-25 17:13:02,2016-05-25 17:13:02,Role 2,87,1.0148689516129032,-1,{}
87,Homologacion por grupo de cursos,2016-05-25 17:13:06,2016-05-25 17:13:06,Role 3,87,1.5632560483870968,-1,{}
88,Traer informacion estudiante - banner,2016-05-25 17:23:10,2016-05-25 17:23:28,Role 1,87,1.0,-1,{}
89,Traer informacion estudiante - banner,2016-05-25 17:51:58,2016-05-25 17:52:17,Role 1,88,1.0,-1,{}
88,Radicar Solicitud Homologacion,2016-05-25 17:52:35,2016-05-25 17:55:19,Role 1,87,1.1023185483870968,-1,{}
76,Recepcion de documentos,2016-05-25 18:19:36,2016-05-25 18:19:48,Role 2,86,1.0148689516129032,-1,{}
89,Radicar Solicitud Homologacion,2016-05-25 18:20:25,2016-05-25 18:23:09,Role 1,88,1.1023185483870968,-1,{}
90,Traer informacion estudiante - banner,2016-05-25 18:32:43,2016-05-25 18:33:02,Role 1,89,1.0,-1,{}
91,Traer informacion estudiante - banner,2016-05-25 18:48:12,2016-05-25 18:48:31,Role 1,90,1.0,-1,{}
92,Traer informacion estudiante - banner,2016-05-25 19:00:06,2016-05-25 19:00:26,Role 1,91,1.0,-1,{}
90,Radicar Solicitud Homologacion,2016-05-25 19:00:12,2016-05-25 19:03:10,Role 1,89,1.1023185483870968,-1,{}
77,Recepcion de documentos,2016-05-25 19:05:16,2016-05-25 19:05:28,Role 2,86,1.0148689516129032,-1,{}
91,Radicar Solicitud Homologacion,2016-05-25 19:14:44,2016-05-25 19:17:43,Role 1,90,1.1023185483870968,-1,{}
70,Validar solicitud,2016-05-25 18:58:31,2016-05-25 19:25:10,Role 2,78,1.2416834677419355,-1,{}
92,Radicar Solicitud Homologacion,2016-05-25 19:24:26,2016-05-25 19:27:20,Role 1,91,1.1023185483870968,-1,{}
92,Validar solicitud,2016-05-25 19:58:58,2016-05-25 20:09:54,Role 2,91,1.2416834677419355,-1,{}
92,Homologacion por grupo de cursos,2016-05-25 20:09:58,2016-05-25 20:09:58,Role 3,91,1.5632560483870968,-1,{}
92,Revisar curso,2016-05-25 20:10:02,2016-05-25 20:10:06,Role 2,91,1.047883064516129,-1,{}
92,Evaluacion curso,2016-05-25 20:10:10,2016-05-25 20:10:10,Role 4,91,1.0778729838709677,-1,{}
92,Validar solicitud / pre-homologacion,2016-05-25 20:10:14,2016-05-25 20:10:14,Role 2,91,1.0128528225806452,-1,{}
92,Avanzar recepcion documentos,2016-05-25 20:10:18,2016-05-25 20:10:18,Role 8,91,1.002016129032258,-1,{}
92,Validacion final,2016-05-25 20:10:22,2016-05-25 20:10:24,Role 2,91,1.0100806451612903,-1,{}
92,Visto Bueno Cierre Proceso,2016-05-25 20:15:12,2016-05-25 20:15:14,Role 3,91,1.0327620967741935,-1,{}
92,Transferir Creditos,2016-05-25 20:21:58,2016-05-25 20:22:00,Role 3,91,1.0005040322580645,-1,{}
92,Transferir creditos homologables,2016-05-25 20:29:18,2016-05-25 20:29:19,Role 3,91,1.001008064516129,-1,{}
88,Cancelar Solicitud,2016-05-25 20:34:10,2016-05-25 20:34:10,Role 2,88,1.2653729838709677,-1,{}
89,Cancelar Solicitud,2016-05-25 21:02:49,2016-05-25 21:02:49,Role 2,88,1.2653729838709677,-1,{}
93,Traer informacion estudiante - banner,2016-05-25 21:03:07,2016-05-25 21:03:27,Role 1,91,1.0,-1,{}
93,Radicar Solicitud Homologacion,2016-05-25 21:28:43,2016-05-25 21:31:37,Role 1,91,1.1023185483870968,-1,{}
90,Cancelar Solicitud,2016-05-25 21:33:40,2016-05-25 21:33:40,Role 2,91,1.2653729838709677,-1,{}
91,Cancelar Solicitud,2016-05-25 21:49:00,2016-05-25 21:49:00,Role 2,91,1.2653729838709677,-1,{}
72,Validar solicitud,2016-05-25 21:27:32,2016-05-25 21:53:00,Role 2,79,1.2416834677419355,-1,{}
94,Traer informacion estudiante - banner,2016-05-25 22:06:19,2016-05-25 22:06:40,Role 1,92,1.0,-1,{}
93,Validar solicitud,2016-05-25 22:03:51,2016-05-25 22:14:25,Role 2,91,1.2416834677419355,-1,{}
93,Recepcion de documentos,2016-05-25 22:14:29,2016-05-25 22:14:29,Role 2,92,1.0148689516129032,-1,{}
93,Homologacion por grupo de cursos,2016-05-25 22:14:33,2016-05-25 22:14:33,Role 3,92,1.5632560483870968,-1,{}
93,Revisar curso,2016-05-25 22:14:37,2016-05-25 22:14:37,Role 2,92,1.047883064516129,-1,{}
93,Cancelar curso,2016-05-25 22:14:41,2016-05-25 22:14:41,Role 1,92,1.001008064516129,-1,{}
76,Homologacion por grupo de cursos,2016-05-25 22:24:10,2016-05-25 22:24:19,Role 3,88,1.5632560483870968,-1,{}
94,Radicar Solicitud Homologacion,2016-05-25 22:29:36,2016-05-25 22:32:13,Role 1,92,1.1023185483870968,-1,{}
77,Homologacion por grupo de cursos,2016-05-25 23:03:45,2016-05-25 23:03:54,Role 3,91,1.5632560483870968,-1,{}
94,Validar solicitud,2016-05-25 23:02:25,2016-05-25 23:13:07,Role 2,91,1.2416834677419355,-1,{}
94,Homologacion por grupo de cursos,2016-05-25 23:13:11,2016-05-25 23:13:11,Role 3,91,1.5632560483870968,-1,{}
76,Revisar curso,2016-05-25 23:40:12,2016-05-25 23:40:23,Role 2,91,1.047883064516129,-1,{}
76,Cancelar curso,2016-05-25 23:52:39,2016-05-25 23:52:48,Role 1,90,1.001008064516129,-1,{}
74,Validar solicitud,2016-05-25 23:35:05,2016-05-25 23:59:35,Role 2,80,1.2416834677419355,-1,{}
77,Revisar curso,2016-05-26 00:16:26,2016-05-26 00:16:38,Role 2,91,1.047883064516129,-1,{}
95,Traer informacion estudiante - banner,2016-05-26 00:21:30,2016-05-26 00:22:27,Role 1,90,1.0,-1,{}
65,Homologacion por grupo de cursos,2016-05-26 00:40:51,2016-05-26 00:41:07,Role 3,85,1.5632560483870968,-1,{}
77,Evaluacion curso,2016-05-26 00:47:04,2016-05-26 00:47:10,Role 4,89,1.0778729838709677,-1,{}
96,Traer informacion estudiante - banner,2016-05-26 01:32:54,2016-05-26 01:33:48,Role 1,90,1.0,-1,{}
77,Validacion final,2016-05-26 01:36:29,2016-05-26 01:36:34,Role 2,89,1.0100806451612903,-1,{}
97,Traer informacion estudiante - banner,2016-05-26 02:38:22,2016-05-26 02:39:15,Role 1,91,1.0,-1,{}
77,Visto Bueno Cierre Proceso,2016-05-26 02:47:33,2016-05-26 02:47:43,Role 3,90,1.0327620967741935,-1,{}
95,Radicar Solicitud Homologacion,2016-05-26 04:07:39,2016-05-26 04:18:28,Role 1,90,1.1023185483870968,-1,{}
98,Traer informacion estudiante - banner,2016-05-26 04:49:13,2016-05-26 04:50:02,Role 1,91,1.0,-1,{}
79,Notificacion estudiante cancelacion soli,2016-05-26 05:18:58,2016-05-26 05:18:58,Role 2,85,1.0,-1,{}
96,Radicar Solicitud Homologacion,2016-05-26 05:19:00,2016-05-26 05:29:23,Role 1,90,1.1023185483870968,-1,{}
66,Recepcion de documentos,2016-05-26 05:32:04,2016-05-26 05:32:16,Role 2,86,1.0148689516129032,-1,{}
97,Radicar Solicitud Homologacion,2016-05-26 06:15:57,2016-05-26 06:26:05,Role 1,91,1.1023185483870968,-1,{}
81,Notificacion estudiante cancelacion soli,2016-05-26 06:35:57,2016-05-26 06:35:57,Role 2,86,1.0,-1,{}
98,Radicar Solicitud Homologacion,2016-05-26 08:26:44,2016-05-26 08:36:06,Role 1,91,1.1023185483870968,-1,{}
67,Homologacion por grupo de cursos,2016-05-26 09:00:40,2016-05-26 09:00:40,Role 3,87,1.5632560483870968,-1,{}
69,Homologacion por grupo de cursos,2016-05-26 09:54:33,2016-05-26 09:54:33,Role 3,88,1.5632560483870968,-1,{}
83,Notificacion estudiante cancelacion soli,2016-05-26 09:55:05,2016-05-26 09:55:05,Role 2,86,1.0,-1,{}
61,Notificacion estudiante cancelacion soli,2016-05-26 11:33:16,2016-05-26 11:33:16,Role 2,75,1.0,-1,{}
62,Notificacion estudiante cancelacion soli,2016-05-26 12:23:34,2016-05-26 12:23:34,Role 2,76,1.0,-1,{}
95,Cancelar Solicitud,2016-05-26 12:27:57,2016-05-26 12:29:11,Role 2,90,1.2653729838709677,-1,{}
96,Cancelar Solicitud,2016-05-26 13:38:52,2016-05-26 13:39:53,Role 2,90,1.2653729838709677,-1,{}
99,Traer informacion estudiante - banner,2016-05-26 13:59:04,2016-05-26 13:59:41,Role 1,86,1.0,-1,{}
70,Recepcion de documentos,2016-05-26 14:08:33,2016-05-26 14:08:44,Role 2,91,1.0148689516129032,-1,{}
98,Validar solicitud,2016-05-26 13:40:00,2016-05-26 14:10:11,Role 2,89,1.2416834677419355,-1,{}
97,Cancelar Solicitud,2016-05-26 14:25:30,2016-05-26 14:26:22,Role 2,90,1.2653729838709677,-1,{}
100,Traer informacion estudiante - banner,2016-05-26 15:40:46,2016-05-26 15:41:21,Role 1,87,1.0,-1,{}
101,Traer informacion estudiante - banner,2016-05-26 16:06:50,2016-05-26 16:07:25,Role 1,88,1.0,-1,{}
72,Homologacion por grupo de cursos,2016-05-26 16:40:14,2016-05-26 16:40:14,Role 3,91,1.5632560483870968,-1,{}
102,Traer informacion estudiante - banner,2016-05-26 17:30:36,2016-05-26 17:31:10,Role 1,88,1.0,-1,{}
99,Radicar Solicitud Homologacion,2016-05-26 18:04:40,2016-05-26 18:11:05,Role 1,86,1.1023185483870968,-1,{}
74,Recepcion de documentos,2016-05-26 19:00:27,2016-05-26 19:00:31,Role 2,89,1.0148689516129032,-1,{}
100,Radicar Solicitud Homologacion,2016-05-26 19:53:03,2016-05-26 19:59:22,Role 1,87,1.1023185483870968,-1,{}
101,Radicar Solicitud Homologacion,2016-05-26 20:10:06,2016-05-26 20:16:26,Role 1,88,1.1023185483870968,-1,{}
66,Homologacion por grupo de cursos,2016-05-26 20:22:13,2016-05-26 20:23:09,Role 3,90,1.5632560483870968,-1,{}
98,Homologacion por grupo de cursos,2016-05-26 20:33:08,2016-05-26 20:33:08,Role 3,86,1.5632560483870968,-1,{}
103,Traer informacion estudiante - banner,2016-05-26 20:44:16,2016-05-26 20:44:49,Role 1,88,1.0,-1,{}
90,Notificacion estudiante cancelacion soli,2016-05-26 20:57:07,2016-05-26 20:57:07,Role 2,91,1.0,-1,{}
88,Notificacion estudiante cancelacion soli,2016-05-26 21:15:37,2016-05-26 21:15:37,Role 2,90,1.0,-1,{}
91,Notificacion estudiante cancelacion soli,2016-05-26 21:21:43,2016-05-26 21:21:43,Role 2,91,1.0,-1,{}
102,Radicar Solicitud Homologacion,2016-05-26 21:33:51,2016-05-26 21:39:52,Role 1,88,1.1023185483870968,-1,{}
89,Notificacion estudiante cancelacion soli,2016-05-26 21:54:09,2016-05-26 21:54:09,Role 2,90,1.0,-1,{}
67,Revisar curso,2016-05-26 23:23:03,2016-05-26 23:24:10,Role 2,89,1.047883064516129,-1,{}
63,Cancelar Solicitud,2016-05-26 23:32:08,2016-05-26 23:33:09,Role 2,74,1.2653729838709677,-1,{}
104,Traer informacion estudiante - banner,2016-05-26 23:53:58,2016-05-26 23:54:30,Role 1,85,1.0,-1,{}
99,Validar solicitud,2016-05-26 23:48:56,2016-05-27 00:14:22,Role 2,88,1.2416834677419355,-1,{}
105,Traer informacion estudiante - banner,2016-05-27 00:21:35,2016-05-27 00:22:54,Role 1,86,1.0,-1,{}
103,Radicar Solicitud Homologacion,2016-05-27 00:47:30,2016-05-27 00:56:15,Role 1,88,1.1023185483870968,-1,{}
64,Cancelar Solicitud,2016-05-27 01:09:22,2016-05-27 01:12:36,Role 2,76,1.2653729838709677,-1,{}
105,Radicar Solicitud Homologacion,2016-05-27 01:08:16,2016-05-27 01:20:09,Role 1,86,1.1023185483870968,-1,{}
106,Traer informacion estudiante - banner,2016-05-27 01:26:08,2016-05-27 01:27:25,Role 1,87,1.0,-1,{}
98,Revisar curso,2016-05-27 01:34:40,2016-05-27 01:37:03,Role 2,87,1.047883064516129,-1,{}
98,Homologacion por grupo de cursos,2016-05-27 02:11:24,2016-05-27 02:12:11,Role 3,87,1.5632560483870968,-1,{}
98,Revisar curso,2016-05-27 02:12:15,2016-05-27 02:13:49,Role 2,87,1.047883064516129,-1,{}
98,Evaluacion curso,2016-05-27 02:13:53,2016-05-27 02:14:49,Role 4,87,1.0778729838709677,-1,{}
98,Validacion final,2016-05-27 02:14:53,2016-05-27 02:15:47,Role 2,87,1.0100806451612903,-1,{}
98,Visto Bueno Cierre Proceso,2016-05-27 02:15:51,2016-05-27 02:16:34,Role 3,87,1.0327620967741935,-1,{}
106,Radicar Solicitud Homologacion,2016-05-27 02:10:38,2016-05-27 02:22:19,Role 1,87,1.1023185483870968,-1,{}
107,Traer informacion estudiante - banner,2016-05-27 02:39:35,2016-05-27 02:40:50,Role 1,87,1.0,-1,{}
99,Homologacion por grupo de cursos,2016-05-27 02:44:42,2016-05-27 02:44:42,Role 3,85,1.5632560483870968,-1,{}
99,Revisar curso,2016-05-27 02:44:46,2016-05-27 02:46:50,Role 2,87,1.047883064516129,-1,{}
99,Evaluacion curso,2016-05-27 02:46:54,2016-05-27 02:47:25,Role 4,87,1.0778729838709677,-1,{}
99,Validar solicitud / pre-homologacion,2016-05-27 02:47:29,2016-05-27 02:48:12,Role 2,87,1.0128528225806452,-1,{}
103,Validar solicitud,2016-05-27 03:08:24,2016-05-27 03:28:21,Role 2,86,1.2416834677419355,-1,{}
107,Radicar Solicitud Homologacion,2016-05-27 03:24:03,2016-05-27 03:35:42,Role 1,87,1.1023185483870968,-1,{}
102,Validar solicitud,2016-05-27 03:36:03,2016-05-27 03:53:39,Role 2,85,1.2416834677419355,-1,{}
108,Traer informacion estudiante - banner,2016-05-27 03:55:08,2016-05-27 03:56:20,Role 1,87,1.0,-1,{}
34,Notificacion estudiante cancelacion soli,2016-05-27 04:12:56,2016-05-27 04:13:01,Role 2,73,1.0,-1,{}
103,Recepcion de documentos,2016-05-27 04:11:36,2016-05-27 04:13:35,Role 2,86,1.0148689516129032,-1,{}
103,Homologacion por grupo de cursos,2016-05-27 04:13:39,2016-05-27 04:15:36,Role 3,86,1.5632560483870968,-1,{}
104,Radicar Solicitud Homologacion,2016-05-27 04:08:31,2016-05-27 04:16:08,Role 1,85,1.1023185483870968,-1,{}
103,Revisar curso,2016-05-27 04:15:40,2016-05-27 04:17:11,Role 2,86,1.047883064516129,-1,{}
103,Evaluacion curso,2016-05-27 04:17:15,2016-05-27 04:18:09,Role 4,86,1.0778729838709677,-1,{}
103,Validar solicitud / pre-homologacion,2016-05-27 04:18:13,2016-05-27 04:19:10,Role 2,86,1.0128528225806452,-1,{}
103,Avanzar recepcion documentos,2016-05-27 04:19:14,2016-05-27 04:19:59,Role 8,86,1.002016129032258,-1,{}
103,Validacion final,2016-05-27 04:20:03,2016-05-27 04:20:44,Role 2,86,1.0100806451612903,-1,{}
103,Visto Bueno Cierre Proceso,2016-05-27 04:20:48,2016-05-27 04:21:29,Role 3,86,1.0327620967741935,-1,{}
103,Transferir Creditos,2016-05-27 04:21:33,2016-05-27 04:22:30,Role 3,86,1.0005040322580645,-1,{}
103,Transferir creditos homologables,2016-05-27 04:22:34,2016-05-27 04:23:29,Role 3,86,1.001008064516129,-1,{}
108,Radicar Solicitud Homologacion,2016-05-27 04:39:33,2016-05-27 04:50:22,Role 1,87,1.1023185483870968,-1,{}
100,Cancelar Solicitud,2016-05-27 04:54:41,2016-05-27 04:55:15,Role 2,88,1.2653729838709677,-1,{}
101,Cancelar Solicitud,2016-05-27 05:00:39,2016-05-27 05:01:12,Role 2,88,1.2653729838709677,-1,{}
70,Homologacion por grupo de cursos,2016-05-27 05:12:23,2016-05-27 05:13:21,Role 3,86,1.5632560483870968,-1,{}
102,Recepcion de documentos,2016-05-27 06:35:22,2016-05-27 06:36:43,Role 2,86,1.0148689516129032,-1,{}
102,Homologacion por grupo de cursos,2016-05-27 06:36:47,2016-05-27 06:38:06,Role 3,84,1.5632560483870968,-1,{}
67,Evaluacion curso,2016-05-27 08:40:00,2016-05-27 08:40:20,Role 4,84,1.0778729838709677,-1,{}
109,Traer informacion estudiante - banner,2016-05-27 08:40:17,2016-05-27 08:41:12,Role 1,84,1.0,-1,{}
109,Radicar Solicitud Homologacion,2016-05-27 09:09:05,2016-05-27 09:18:06,Role 1,84,1.1023185483870968,-1,{}
104,Cancelar Solicitud,2016-05-27 09:17:58,2016-05-27 09:18:58,Role 2,86,1.2653729838709677,-1,{}
110,Traer informacion estudiante - banner,2016-05-27 10:16:27,2016-05-27 10:17:31,Role 1,85,1.0,-1,{}
74,Homologacion por grupo de cursos,2016-05-27 10:19:20,2016-05-27 10:20:03,Role 3,88,1.5632560483870968,-1,{}
108,Validar solicitud,2016-05-27 10:11:05,2016-05-27 10:27:25,Role 2,85,1.2416834677419355,-1,{}
110,Radicar Solicitud Homologacion,2016-05-27 10:58:00,2016-05-27 11:06:47,Role 1,85,1.1023185483870968,-1,{}
35,Notificacion estudiante cancelacion soli,2016-05-27 11:18:46,2016-05-27 11:18:46,Role 2,74,1.0,-1,{}
111,Traer informacion estudiante - banner,2016-05-27 11:18:01,2016-05-27 11:19:01,Role 1,86,1.0,-1,{}
111,Radicar Solicitud Homologacion,2016-05-27 12:05:29,2016-05-27 12:14:13,Role 1,85,1.1023185483870968,-1,{}
112,Traer informacion estudiante - banner,2016-05-27 13:21:38,2016-05-27 13:22:36,Role 1,86,1.0,-1,{}
67,Validacion final,2016-05-27 13:49:43,2016-05-27 13:50:10,Role 2,84,1.0100806451612903,-1,{}
112,Radicar Solicitud Homologacion,2016-05-27 14:07:58,2016-05-27 14:16:15,Role 1,86,1.1023185483870968,-1,{}
68,Cancelar Solicitud,2016-05-27 14:22:41,2016-05-27 14:23:45,Role 2,78,1.2653729838709677,-1,{}
113,Traer informacion estudiante - banner,2016-05-27 14:44:43,2016-05-27 14:45:39,Role 1,87,1.0,-1,{}
108,Recepcion de documentos,2016-05-27 15:02:16,2016-05-27 15:03:41,Role 2,85,1.0148689516129032,-1,{}
108,Homologacion por grupo de cursos,2016-05-27 15:03:45,2016-05-27 15:05:06,Role 3,87,1.5632560483870968,-1,{}
19,Notificacion estudiante cancelacion soli,2016-05-27 15:09:13,2016-05-27 15:09:13,Role 2,70,1.0,-1,{}
114,Traer informacion estudiante - banner,2016-05-27 15:33:26,2016-05-27 15:34:21,Role 1,86,1.0,-1,{}
113,Radicar Solicitud Homologacion,2016-05-27 15:28:52,2016-05-27 15:36:51,Role 1,87,1.1023185483870968,-1,{}
71,Cancelar Solicitud,2016-05-27 15:58:59,2016-05-27 15:59:55,Role 2,79,1.2653729838709677,-1,{}
67,Visto Bueno Cierre Proceso,2016-05-27 16:01:59,2016-05-27 16:02:23,Role 3,86,1.0327620967741935,-1,{}
110,Validar solicitud,2016-05-27 15:57:44,2016-05-27 16:10:28,Role 2,85,1.2416834677419355,-1,{}
114,Radicar Solicitud Homologacion,2016-05-27 16:20:47,2016-05-27 16:28:30,Role 1,86,1.1023185483870968,-1,{}
115,Traer informacion estudiante - banner,2016-05-27 16:47:44,2016-05-27 16:48:38,Role 1,86,1.0,-1,{}
40,Notificacion estudiante cancelacion soli,2016-05-27 17:15:39,2016-05-27 17:15:39,Role 2,71,1.0,-1,{}
115,Radicar Solicitud Homologacion,2016-05-27 17:34:00,2016-05-27 17:41:29,Role 1,86,1.1023185483870968,-1,{}
111,Validar solicitud,2016-05-27 17:35:55,2016-05-27 17:47:53,Role 2,85,1.2416834677419355,-1,{}
74,Revisar curso,2016-05-27 18:01:58,2016-05-27 18:02:40,Role 2,85,1.047883064516129,-1,{}
116,Traer informacion estudiante - banner,2016-05-27 18:22:45,2016-05-27 18:23:37,Role 1,86,1.0,-1,{}
22,Notificacion estudiante cancelacion soli,2016-05-27 18:41:05,2016-05-27 18:41:05,Role 2,71,1.0,-1,{}
116,Radicar Solicitud Homologacion,2016-05-27 19:08:59,2016-05-27 19:16:08,Role 1,86,1.1023185483870968,-1,{}
41,Notificacion estudiante cancelacion soli,2016-05-27 19:34:20,2016-05-27 19:34:20,Role 2,71,1.0,-1,{}
23,Notificacion estudiante cancelacion soli,2016-05-27 19:37:15,2016-05-27 19:37:15,Role 2,72,1.0,-1,{}
112,Validar solicitud,2016-05-27 19:35:07,2016-05-27 19:46:03,Role 2,86,1.2416834677419355,-1,{}
117,Traer informacion estudiante - banner,2016-05-27 20:21:18,2016-05-27 20:22:08,Role 1,84,1.0,-1,{}
110,Recepcion de documentos,2016-05-27 20:24:03,2016-05-27 20:24:46,Role 2,85,1.0148689516129032,-1,{}
110,Homologacion por grupo de cursos,2016-05-27 20:24:50,2016-05-27 20:25:32,Role 3,84,1.5632560483870968,-1,{}
110,Revisar curso,2016-05-27 20:25:36,2016-05-27 20:26:17,Role 2,84,1.047883064516129,-1,{}
110,Cancelar curso,2016-05-27 20:26:21,2016-05-27 20:27:00,Role 1,84,1.001008064516129,-1,{}
74,Evaluacion curso,2016-05-27 21:05:41,2016-05-27 21:06:03,Role 4,85,1.0778729838709677,-1,{}
73,Cancelar Solicitud,2016-05-27 21:08:19,2016-05-27 21:08:52,Role 2,80,1.2653729838709677,-1,{}
117,Radicar Solicitud Homologacion,2016-05-27 21:11:55,2016-05-27 21:18:29,Role 1,84,1.1023185483870968,-1,{}
118,Traer informacion estudiante - banner,2016-05-27 22:17:04,2016-05-27 22:17:52,Role 1,84,1.0,-1,{}
111,Recepcion de documentos,2016-05-27 22:26:56,2016-05-27 22:27:31,Role 2,85,1.0148689516129032,-1,{}
111,Homologacion por grupo de cursos,2016-05-27 22:27:35,2016-05-27 22:28:11,Role 3,84,1.5632560483870968,-1,{}
74,Validar solicitud / pre-homologacion,2016-05-27 22:32:58,2016-05-27 22:33:23,Role 2,83,1.0128528225806452,-1,{}
118,Radicar Solicitud Homologacion,2016-05-27 23:07:39,2016-05-27 23:13:50,Role 1,84,1.1023185483870968,-1,{}
119,Traer informacion estudiante - banner,2016-05-27 23:44:19,2016-05-27 23:45:06,Role 1,83,1.0,-1,{}
109,Cancelar Solicitud,2016-05-27 23:46:38,2016-05-27 23:47:14,Role 2,84,1.2653729838709677,-1,{}
112,Homologacion por grupo de cursos,2016-05-27 23:50:49,2016-05-27 23:50:52,Role 3,83,1.5632560483870968,-1,{}
120,Traer informacion estudiante - banner,2016-05-28 00:04:34,2016-05-28 00:05:02,Role 1,83,1.0,-1,{}
119,Radicar Solicitud Homologacion,2016-05-28 00:37:10,2016-05-28 00:44:17,Role 1,83,1.1023185483870968,-1,{}
116,Validar solicitud,2016-05-28 00:37:07,2016-05-28 00:48:34,Role 2,85,1.2416834677419355,-1,{}
75,Cancelar Solicitud,2016-05-28 00:52:54,2016-05-28 00:52:54,Role 2,82,1.2653729838709677,-1,{}
105,Cancelar Solicitud,2016-05-28 01:16:10,2016-05-28 01:17:10,Role 2,86,1.2653729838709677,-1,{}
106,Cancelar Solicitud,2016-05-28 02:26:33,2016-05-28 02:27:26,Role 2,86,1.2653729838709677,-1,{}
107,Cancelar Solicitud,2016-05-28 03:39:56,2016-05-28 03:40:39,Role 2,86,1.2653729838709677,-1,{}
120,Radicar Solicitud Homologacion,2016-05-28 03:57:47,2016-05-28 04:02:37,Role 1,83,1.1023185483870968,-1,{}
25,Notificacion estudiante cancelacion soli,2016-05-28 04:41:26,2016-05-28 04:41:26,Role 2,73,1.0,-1,{}
121,Traer informacion estudiante - banner,2016-05-28 05:11:03,2016-05-28 05:11:28,Role 1,83,1.0,-1,{}
28,Notificacion estudiante cancelacion soli,2016-05-28 05:12:46,2016-05-28 05:12:46,Role 2,73,1.0,-1,{}
95,Notificacion estudiante cancelacion soli,2016-05-28 08:08:04,2016-05-28 08:08:04,Role 2,85,1.0,-1,{}
121,Radicar Solicitud Homologacion,2016-05-28 09:04:13,2016-05-28 09:08:10,Role 1,83,1.1023185483870968,-1,{}
96,Notificacion estudiante cancelacion soli,2016-05-28 09:18:46,2016-05-28 09:18:46,Role 2,85,1.0,-1,{}
97,Notificacion estudiante cancelacion soli,2016-05-28 09:43:45,2016-05-28 09:43:45,Role 2,86,1.0,-1,{}
30,Notificacion estudiante cancelacion soli,2016-05-28 09:48:56,2016-05-28 09:48:56,Role 2,77,1.0,-1,{}
31,Notificacion estudiante cancelacion soli,2016-05-28 10:16:37,2016-05-28 10:16:37,Role 2,77,1.0,-1,{}
122,Traer informacion estudiante - banner,2016-05-28 12:53:47,2016-05-28 12:54:09,Role 1,78,1.0,-1,{}
123,Traer informacion estudiante - banner,2016-05-28 13:41:43,2016-05-28 13:42:05,Role 1,79,1.0,-1,{}
124,Traer informacion estudiante - banner,2016-05-28 15:13:51,2016-05-28 15:14:14,Role 1,80,1.0,-1,{}
113,Cancelar Solicitud,2016-05-28 15:41:05,2016-05-28 15:41:05,Role 2,86,1.2653729838709677,-1,{}
33,Notificacion estudiante cancelacion soli,2016-05-28 15:52:22,2016-05-28 15:52:22,Role 2,79,1.0,-1,{}
125,Traer informacion estudiante - banner,2016-05-28 16:29:58,2016-05-28 16:30:20,Role 1,80,1.0,-1,{}
115,Cancelar Solicitud,2016-05-28 16:42:32,2016-05-28 16:42:32,Role 2,85,1.2653729838709677,-1,{}
114,Cancelar Solicitud,2016-05-28 16:49:08,2016-05-28 16:49:08,Role 2,85,1.2653729838709677,-1,{}
126,Traer informacion estudiante - banner,2016-05-28 17:08:44,2016-05-28 17:09:07,Role 1,81,1.0,-1,{}
122,Radicar Solicitud Homologacion,2016-05-28 17:30:33,2016-05-28 17:33:21,Role 1,78,1.1023185483870968,-1,{}
123,Radicar Solicitud Homologacion,2016-05-28 18:09:26,2016-05-28 18:12:12,Role 1,79,1.1023185483870968,-1,{}
124,Radicar Solicitud Homologacion,2016-05-28 19:32:42,2016-05-28 19:35:23,Role 1,80,1.1023185483870968,-1,{}
127,Traer informacion estudiante - banner,2016-05-28 20:06:34,2016-05-28 20:06:57,Role 1,82,1.0,-1,{}
125,Radicar Solicitud Homologacion,2016-05-28 20:48:48,2016-05-28 20:51:24,Role 1,80,1.1023185483870968,-1,{}
117,Cancelar Solicitud,2016-05-28 21:08:50,2016-05-28 21:08:50,Role 2,83,1.2653729838709677,-1,{}
128,Traer informacion estudiante - banner,2016-05-28 21:11:06,2016-05-28 21:11:29,Role 1,83,1.0,-1,{}
126,Radicar Solicitud Homologacion,2016-05-28 21:18:51,2016-05-28 21:21:27,Role 1,81,1.1023185483870968,-1,{}
100,Notificacion estudiante cancelacion soli,2016-05-28 21:38:45,2016-05-28 21:38:45,Role 2,85,1.0,-1,{}
101,Notificacion estudiante cancelacion soli,2016-05-28 21:44:48,2016-05-28 21:44:48,Role 2,85,1.0,-1,{}
119,Validar solicitud,2016-05-28 21:46:06,2016-05-28 21:50:54,Role 2,83,1.2416834677419355,-1,{}
129,Traer informacion estudiante - banner,2016-05-28 21:56:55,2016-05-28 21:57:18,Role 1,82,1.0,-1,{}
118,Cancelar Solicitud,2016-05-28 23:07:45,2016-05-28 23:07:45,Role 2,82,1.2653729838709677,-1,{}
127,Radicar Solicitud Homologacion,2016-05-29 00:08:07,2016-05-29 00:13:29,Role 1,82,1.1023185483870968,-1,{}
130,Traer informacion estudiante - banner,2016-05-29 00:14:08,2016-05-29 00:14:36,Role 1,83,1.0,-1,{}
128,Radicar Solicitud Homologacion,2016-05-29 01:04:14,2016-05-29 01:09:32,Role 1,83,1.1023185483870968,-1,{}
131,Traer informacion estudiante - banner,2016-05-29 01:37:48,2016-05-29 01:38:16,Role 1,84,1.0,-1,{}
129,Radicar Solicitud Homologacion,2016-05-29 01:58:28,2016-05-29 02:03:36,Role 1,82,1.1023185483870968,-1,{}
130,Radicar Solicitud Homologacion,2016-05-29 03:56:09,2016-05-29 04:08:48,Role 1,83,1.1023185483870968,-1,{}
131,Radicar Solicitud Homologacion,2016-05-29 05:23:34,2016-05-29 05:35:50,Role 1,84,1.1023185483870968,-1,{}
116,Homologacion por grupo de cursos,2016-05-29 09:55:01,2016-05-29 09:55:01,Role 3,83,1.5632560483870968,-1,{}
132,Traer informacion estudiante - banner,2016-05-29 12:11:52,2016-05-29 12:12:14,Role 1,84,1.0,-1,{}
104,Notificacion estudiante cancelacion soli,2016-05-29 12:41:14,2016-05-29 12:41:14,Role 2,84,1.0,-1,{}
46,Homologacion por grupo de cursos,2016-05-29 12:48:56,2016-05-29 12:48:56,Role 3,78,1.5632560483870968,-1,{}
133,Traer informacion estudiante - banner,2016-05-29 13:22:16,2016-05-29 13:22:38,Role 1,83,1.0,-1,{}
38,Notificacion estudiante cancelacion soli,2016-05-29 14:06:03,2016-05-29 14:06:03,Role 2,76,1.0,-1,{}
39,Notificacion estudiante cancelacion soli,2016-05-29 14:49:50,2016-05-29 14:49:50,Role 2,76,1.0,-1,{}
132,Radicar Solicitud Homologacion,2016-05-29 15:57:32,2016-05-29 16:06:30,Role 1,84,1.1023185483870968,-1,{}
134,Traer informacion estudiante - banner,2016-05-29 16:36:43,2016-05-29 16:37:04,Role 1,82,1.0,-1,{}
133,Radicar Solicitud Homologacion,2016-05-29 17:04:11,2016-05-29 17:12:51,Role 1,83,1.1023185483870968,-1,{}
135,Traer informacion estudiante - banner,2016-05-29 18:28:22,2016-05-29 18:28:43,Role 1,83,1.0,-1,{}
47,Recepcion de documentos,2016-05-29 18:49:30,2016-05-29 18:49:30,Role 2,79,1.0148689516129032,-1,{}
120,Validar solicitud,2016-05-29 19:49:11,2016-05-29 20:04:00,Role 2,83,1.2416834677419355,-1,{}
136,Traer informacion estudiante - banner,2016-05-29 20:05:52,2016-05-29 20:06:13,Role 1,84,1.0,-1,{}
134,Radicar Solicitud Homologacion,2016-05-29 20:14:54,2016-05-29 20:22:54,Role 1,82,1.1023185483870968,-1,{}
137,Traer informacion estudiante - banner,2016-05-29 21:19:37,2016-05-29 21:19:58,Role 1,85,1.0,-1,{}
135,Radicar Solicitud Homologacion,2016-05-29 22:10:16,2016-05-29 22:18:02,Role 1,83,1.1023185483870968,-1,{}
138,Traer informacion estudiante - banner,2016-05-29 22:53:16,2016-05-29 22:53:37,Role 1,86,1.0,-1,{}
136,Radicar Solicitud Homologacion,2016-05-29 23:51:31,2016-05-29 23:59:06,Role 1,84,1.1023185483870968,-1,{}
139,Traer informacion estudiante - banner,2016-05-30 01:16:33,2016-05-30 01:16:40,Role 1,87,1.0,-1,{}
137,Radicar Solicitud Homologacion,2016-05-30 01:09:02,2016-05-30 01:24:45,Role 1,85,1.1023185483870968,-1,{}
139,Radicar Solicitud Homologacion,2016-05-30 02:06:20,2016-05-30 02:13:23,Role 1,87,1.1023185483870968,-1,{}
140,Traer informacion estudiante - banner,2016-05-30 02:29:38,2016-05-30 02:29:46,Role 1,88,1.0,-1,{}
138,Radicar Solicitud Homologacion,2016-05-30 02:46:29,2016-05-30 03:02:01,Role 1,86,1.1023185483870968,-1,{}
141,Traer informacion estudiante - banner,2016-05-30 03:10:58,2016-05-30 03:11:06,Role 1,89,1.0,-1,{}
140,Radicar Solicitud Homologacion,2016-05-30 03:18:57,2016-05-30 03:26:02,Role 1,88,1.1023185483870968,-1,{}
141,Radicar Solicitud Homologacion,2016-05-30 04:00:24,2016-05-30 04:07:28,Role 1,89,1.1023185483870968,-1,{}
139,Validar solicitud,2016-05-30 04:11:39,2016-05-30 04:40:45,Role 2,87,1.2416834677419355,-1,{}
142,Traer informacion estudiante - banner,2016-05-30 06:28:46,2016-05-30 06:28:56,Role 1,90,1.0,-1,{}
141,Validar solicitud,2016-05-30 06:06:18,2016-05-30 06:34:17,Role 2,89,1.2416834677419355,-1,{}
140,Cancelar Solicitud,2016-05-30 07:12:21,2016-05-30 07:13:55,Role 2,89,1.2653729838709677,-1,{}
139,Homologacion por grupo de cursos,2016-05-30 07:19:58,2016-05-30 07:20:59,Role 3,89,1.5632560483870968,-1,{}
142,Radicar Solicitud Homologacion,2016-05-30 07:17:50,2016-05-30 07:24:23,Role 1,90,1.1023185483870968,-1,{}
143,Traer informacion estudiante - banner,2016-05-30 07:39:00,2016-05-30 07:39:10,Role 1,90,1.0,-1,{}
143,Radicar Solicitud Homologacion,2016-05-30 08:28:37,2016-05-30 08:35:10,Role 1,90,1.1023185483870968,-1,{}
141,Homologacion por grupo de cursos,2016-05-30 09:14:13,2016-05-30 09:14:59,Role 3,90,1.5632560483870968,-1,{}
142,Validar solicitud,2016-05-30 09:22:25,2016-05-30 09:48:15,Role 2,89,1.2416834677419355,-1,{}
122,Validar solicitud,2016-05-30 09:49:27,2016-05-30 10:06:01,Role 2,81,1.2416834677419355,-1,{}
144,Traer informacion estudiante - banner,2016-05-30 10:15:28,2016-05-30 10:15:39,Role 1,90,1.0,-1,{}
123,Validar solicitud,2016-05-30 10:25:39,2016-05-30 10:41:55,Role 2,81,1.2416834677419355,-1,{}
144,Radicar Solicitud Homologacion,2016-05-30 11:05:06,2016-05-30 11:11:19,Role 1,90,1.1023185483870968,-1,{}
124,Validar solicitud,2016-05-30 11:46:21,2016-05-30 12:01:57,Role 2,81,1.2416834677419355,-1,{}
145,Traer informacion estudiante - banner,2016-05-30 12:09:31,2016-05-30 12:09:42,Role 1,91,1.0,-1,{}
143,Cancelar Solicitud,2016-05-30 12:26:50,2016-05-30 12:27:56,Role 2,90,1.2653729838709677,-1,{}
142,Recepcion de documentos,2016-05-30 12:28:06,2016-05-30 12:30:37,Role 2,89,1.0148689516129032,-1,{}
127,Cancelar Solicitud,2016-05-30 12:50:26,2016-05-30 12:51:22,Role 2,82,1.2653729838709677,-1,{}
145,Radicar Solicitud Homologacion,2016-05-30 12:59:18,2016-05-30 13:05:24,Role 1,91,1.1023185483870968,-1,{}
122,Homologacion por grupo de cursos,2016-05-30 13:07:59,2016-05-30 13:07:59,Role 3,89,1.5632560483870968,-1,{}
122,Revisar curso,2016-05-30 13:08:03,2016-05-30 13:10:22,Role 2,91,1.047883064516129,-1,{}
122,Cancelar curso,2016-05-30 13:10:26,2016-05-30 13:10:48,Role 1,91,1.001008064516129,-1,{}
128,Cancelar Solicitud,2016-05-30 13:46:58,2016-05-30 13:47:48,Role 2,83,1.2653729838709677,-1,{}
120,Recepcion de documentos,2016-05-30 13:59:21,2016-05-30 14:04:09,Role 2,83,1.0148689516129032,-1,{}
120,Homologacion por grupo de cursos,2016-05-30 14:04:13,2016-05-30 14:04:53,Role 3,90,1.5632560483870968,-1,{}
123,Recepcion de documentos,2016-05-30 14:06:35,2016-05-30 14:06:50,Role 2,90,1.0148689516129032,-1,{}
123,Homologacion por grupo de cursos,2016-05-30 14:06:54,2016-05-30 14:08:07,Role 3,89,1.5632560483870968,-1,{}
123,Revisar curso,2016-05-30 14:08:11,2016-05-30 14:09:13,Role 2,89,1.047883064516129,-1,{}
123,Cancelar curso,2016-05-30 14:09:17,2016-05-30 14:09:37,Role 1,89,1.001008064516129,-1,{}
129,Cancelar Solicitud,2016-05-30 14:30:49,2016-05-30 14:31:35,Role 2,84,1.2653729838709677,-1,{}
146,Traer informacion estudiante - banner,2016-05-30 14:32:33,2016-05-30 14:32:45,Role 1,89,1.0,-1,{}
124,Homologacion por grupo de cursos,2016-05-30 14:53:09,2016-05-30 14:53:09,Role 3,90,1.5632560483870968,-1,{}
142,Homologacion por grupo de cursos,2016-05-30 14:57:09,2016-05-30 15:00:28,Role 3,91,1.5632560483870968,-1,{}
144,Cancelar Solicitud,2016-05-30 15:02:59,2016-05-30 15:03:50,Role 2,90,1.2653729838709677,-1,{}
146,Radicar Solicitud Homologacion,2016-05-30 15:22:03,2016-05-30 15:27:55,Role 1,89,1.1023185483870968,-1,{}
145,Validar solicitud,2016-05-30 15:06:38,2016-05-30 15:28:56,Role 2,91,1.2416834677419355,-1,{}
147,Traer informacion estudiante - banner,2016-05-30 16:44:50,2016-05-30 16:45:02,Role 1,88,1.0,-1,{}
148,Traer informacion estudiante - banner,2016-05-30 17:04:15,2016-05-30 17:04:28,Role 1,89,1.0,-1,{}
147,Radicar Solicitud Homologacion,2016-05-30 17:34:13,2016-05-30 17:39:52,Role 1,88,1.1023185483870968,-1,{}
146,Validar solicitud,2016-05-30 17:25:36,2016-05-30 17:45:59,Role 2,87,1.2416834677419355,-1,{}
148,Radicar Solicitud Homologacion,2016-05-30 17:53:46,2016-05-30 17:59:05,Role 1,89,1.1023185483870968,-1,{}
145,Recepcion de documentos,2016-05-30 18:11:49,2016-05-30 18:13:21,Role 2,87,1.0148689516129032,-1,{}
149,Traer informacion estudiante - banner,2016-05-30 19:50:41,2016-05-30 19:50:55,Role 1,90,1.0,-1,{}
121,Cancelar Solicitud,2016-05-30 19:56:45,2016-05-30 19:56:54,Role 2,81,1.2653729838709677,-1,{}
148,Validar solicitud,2016-05-30 19:57:55,2016-05-30 20:17:38,Role 2,89,1.2416834677419355,-1,{}
146,Homologacion por grupo de cursos,2016-05-30 20:23:33,2016-05-30 20:23:44,Role 3,89,1.5632560483870968,-1,{}
150,Traer informacion estudiante - banner,2016-05-30 20:38:55,2016-05-30 20:39:09,Role 1,90,1.0,-1,{}
145,Homologacion por grupo de cursos,2016-05-30 20:40:30,2016-05-30 20:42:42,Role 3,89,1.5632560483870968,-1,{}
149,Radicar Solicitud Homologacion,2016-05-30 20:40:22,2016-05-30 20:45:32,Role 1,90,1.1023185483870968,-1,{}
147,Cancelar Solicitud,2016-05-30 21:23:52,2016-05-30 21:24:21,Role 2,89,1.2653729838709677,-1,{}
150,Radicar Solicitud Homologacion,2016-05-30 21:28:36,2016-05-30 21:33:41,Role 1,90,1.1023185483870968,-1,{}
151,Traer informacion estudiante - banner,2016-05-30 22:02:51,2016-05-30 22:03:06,Role 1,91,1.0,-1,{}
145,Revisar curso,2016-05-30 22:29:12,2016-05-30 22:30:47,Role 2,90,1.047883064516129,-1,{}
151,Radicar Solicitud Homologacion,2016-05-30 22:52:42,2016-05-30 22:58:05,Role 1,91,1.1023185483870968,-1,{}
148,Recepcion de documentos,2016-05-30 22:58:31,2016-05-30 22:59:49,Role 2,90,1.0148689516129032,-1,{}
149,Validar solicitud,2016-05-30 22:45:34,2016-05-30 23:04:06,Role 2,90,1.2416834677419355,-1,{}
152,Traer informacion estudiante - banner,2016-05-30 23:18:31,2016-05-30 23:18:46,Role 1,92,1.0,-1,{}
145,Cancelar curso,2016-05-31 00:05:04,2016-05-31 00:06:04,Role 1,91,1.001008064516129,-1,{}
153,Traer informacion estudiante - banner,2016-05-31 00:08:53,2016-05-31 00:10:24,Role 1,92,1.0,-1,{}
152,Radicar Solicitud Homologacion,2016-05-31 00:08:31,2016-05-31 00:23:35,Role 1,92,1.1023185483870968,-1,{}
150,Cancelar Solicitud,2016-05-31 01:25:21,2016-05-31 01:27:43,Role 2,90,1.2653729838709677,-1,{}
148,Homologacion por grupo de cursos,2016-05-31 01:27:06,2016-05-31 01:32:22,Role 3,91,1.5632560483870968,-1,{}
149,Homologacion por grupo de cursos,2016-05-31 01:45:59,2016-05-31 01:46:47,Role 3,91,1.5632560483870968,-1,{}
154,Traer informacion estudiante - banner,2016-05-31 01:48:38,2016-05-31 01:50:05,Role 1,93,1.0,-1,{}
153,Radicar Solicitud Homologacion,2016-05-31 01:49:56,2016-05-31 02:15:11,Role 1,92,1.1023185483870968,-1,{}
155,Traer informacion estudiante - banner,2016-05-31 02:37:16,2016-05-31 02:38:42,Role 1,94,1.0,-1,{}
151,Cancelar Solicitud,2016-05-31 02:50:15,2016-05-31 02:52:15,Role 2,91,1.2653729838709677,-1,{}
154,Radicar Solicitud Homologacion,2016-05-31 03:30:44,2016-05-31 03:55:16,Role 1,93,1.1023185483870968,-1,{}
148,Revisar curso,2016-05-31 04:09:10,2016-05-31 04:17:29,Role 2,92,1.047883064516129,-1,{}
155,Radicar Solicitud Homologacion,2016-05-31 04:21:00,2016-05-31 04:45:13,Role 1,94,1.1023185483870968,-1,{}
149,Revisar curso,2016-05-31 05:33:30,2016-05-31 05:46:50,Role 2,92,1.047883064516129,-1,{}
148,Evaluacion curso,2016-05-31 07:26:25,2016-05-31 07:27:32,Role 4,94,1.0778729838709677,-1,{}
125,Cancelar Solicitud,2016-05-31 07:27:43,2016-05-31 07:28:15,Role 2,82,1.2653729838709677,-1,{}
156,Traer informacion estudiante - banner,2016-05-31 07:29:27,2016-05-31 07:30:43,Role 1,95,1.0,-1,{}
126,Cancelar Solicitud,2016-05-31 07:49:52,2016-05-31 07:50:23,Role 2,83,1.2653729838709677,-1,{}
119,Homologacion por grupo de cursos,2016-05-31 08:02:31,2016-05-31 08:02:38,Role 3,81,1.5632560483870968,-1,{}
140,Notificacion estudiante cancelacion soli,2016-05-31 09:14:42,2016-05-31 09:14:42,Role 2,90,1.0,-1,{}
156,Radicar Solicitud Homologacion,2016-05-31 09:15:05,2016-05-31 09:36:47,Role 1,95,1.1023185483870968,-1,{}
152,Cancelar Solicitud,2016-05-31 09:42:41,2016-05-31 09:47:15,Role 2,92,1.2653729838709677,-1,{}
137,Validar solicitud,2016-05-31 09:28:14,2016-05-31 09:58:38,Role 2,87,1.2416834677419355,-1,{}
148,Validar solicitud / pre-homologacion,2016-05-31 11:38:34,2016-05-31 11:40:16,Role 2,94,1.0128528225806452,-1,{}
138,Validar solicitud,2016-05-31 11:25:59,2016-05-31 11:54:54,Role 2,88,1.2416834677419355,-1,{}
157,Traer informacion estudiante - banner,2016-05-31 12:26:07,2016-05-31 12:27:14,Role 1,95,1.0,-1,{}
158,Traer informacion estudiante - banner,2016-05-31 13:50:05,2016-05-31 13:51:15,Role 1,96,1.0,-1,{}
159,Traer informacion estudiante - banner,2016-05-31 13:59:33,2016-05-31 14:00:43,Role 1,97,1.0,-1,{}
132,Validar solicitud,2016-05-31 13:13:40,2016-05-31 14:04:01,Role 2,81,1.2416834677419355,-1,{}
157,Radicar Solicitud Homologacion,2016-05-31 14:11:36,2016-05-31 14:31:11,Role 1,95,1.1023185483870968,-1,{}
143,Notificacion estudiante cancelacion soli,2016-05-31 15:05:33,2016-05-31 15:05:33,Role 2,91,1.0,-1,{}
158,Radicar Solicitud Homologacion,2016-05-31 15:35:24,2016-05-31 15:54:01,Role 1,96,1.1023185483870968,-1,{}
159,Radicar Solicitud Homologacion,2016-05-31 15:46:54,2016-05-31 16:03:30,Role 1,97,2.102318548387097,-1,{}
149,Cancelar curso,2016-05-31 16:25:14,2016-05-31 16:26:45,Role 1,94,1.001008064516129,-1,{}
148,Avanzar recepcion documentos,2016-05-31 16:57:58,2016-05-31 16:59:21,Role 8,94,1.002016129032258,-1,{}
160,Traer informacion estudiante - banner,2016-05-31 17:18:21,2016-05-31 17:19:23,Role 1,96,1.0,-1,{}
144,Notificacion estudiante cancelacion soli,2016-05-31 17:33:03,2016-05-31 17:33:03,Role 2,87,1.0,-1,{}
161,Traer informacion estudiante - banner,2016-05-31 18:52:00,2016-05-31 18:53:00,Role 1,96,1.0,-1,{}
160,Radicar Solicitud Homologacion,2016-05-31 19:05:52,2016-05-31 19:23:19,Role 1,96,1.1023185483870968,-1,{}
162,Traer informacion estudiante - banner,2016-05-31 20:13:06,2016-05-31 20:14:05,Role 1,97,1.0,-1,{}
161,Radicar Solicitud Homologacion,2016-05-31 20:39:29,2016-05-31 20:56:23,Role 1,96,1.1023185483870968,-1,{}
148,Validacion final,2016-05-31 21:17:06,2016-05-31 21:18:25,Role 2,95,1.0100806451612903,-1,{}
163,Traer informacion estudiante - banner,2016-05-31 21:18:06,2016-05-31 21:19:08,Role 1,98,1.0,-1,{}
109,Notificacion estudiante cancelacion soli,2016-05-31 21:46:51,2016-05-31 21:46:51,Role 2,83,1.0,-1,{}
162,Radicar Solicitud Homologacion,2016-05-31 22:02:43,2016-05-31 22:19:52,Role 1,97,1.1023185483870968,-1,{}
136,Validar solicitud,2016-05-31 21:38:25,2016-05-31 22:22:37,Role 2,86,1.2416834677419355,-1,{}
147,Notificacion estudiante cancelacion soli,2016-05-31 22:56:26,2016-05-31 22:56:26,Role 2,90,1.0,-1,{}
163,Radicar Solicitud Homologacion,2016-05-31 23:07:43,2016-05-31 23:23:29,Role 1,98,1.1023185483870968,-1,{}
148,Visto Bueno Cierre Proceso,2016-05-31 23:32:52,2016-05-31 23:34:18,Role 3,98,1.0327620967741935,-1,{}
164,Traer informacion estudiante - banner,2016-05-31 23:49:02,2016-05-31 23:49:59,Role 1,97,1.0,-1,{}
165,Traer informacion estudiante - banner,2016-06-01 00:00:20,2016-06-01 00:00:41,Role 1,98,1.0,-1,{}
165,Radicar Solicitud Homologacion,2016-06-01 00:19:48,2016-06-01 00:24:59,Role 1,98,1.1023185483870968,-1,{}
148,Transferir Creditos,2016-06-01 00:45:45,2016-06-01 00:47:32,Role 3,96,1.0005040322580645,-1,{}
165,Validar solicitud,2016-06-01 00:49:05,2016-06-01 01:10:24,Role 2,98,1.2416834677419355,-1,{}
165,Homologacion por grupo de cursos,2016-06-01 01:10:28,2016-06-01 01:10:33,Role 3,98,1.5632560483870968,-1,{}
165,Revisar curso,2016-06-01 01:10:37,2016-06-01 01:11:50,Role 2,98,1.047883064516129,-1,{}
165,Cancelar curso,2016-06-01 01:11:54,2016-06-01 01:12:03,Role 1,98,1.001008064516129,-1,{}
148,Transferir creditos homologables,2016-06-01 01:24:20,2016-06-01 01:25:47,Role 3,98,1.001008064516129,-1,{}
164,Radicar Solicitud Homologacion,2016-06-01 01:38:37,2016-06-01 01:53:25,Role 1,97,1.1023185483870968,-1,{}
166,Traer informacion estudiante - banner,2016-06-01 02:37:23,2016-06-01 02:37:43,Role 1,97,1.0,-1,{}
166,Radicar Solicitud Homologacion,2016-06-01 02:57:40,2016-06-01 03:02:23,Role 1,97,1.1023185483870968,-1,{}
119,Revisar curso,2016-06-01 03:26:05,2016-06-01 03:28:08,Role 2,95,1.047883064516129,-1,{}
119,Evaluacion curso,2016-06-01 03:28:12,2016-06-01 03:28:41,Role 4,97,1.0778729838709677,-1,{}
119,Validar solicitud / pre-homologacion,2016-06-01 03:28:45,2016-06-01 03:29:24,Role 2,97,1.0128528225806452,-1,{}
167,Traer informacion estudiante - banner,2016-06-01 03:31:41,2016-06-01 03:32:02,Role 1,97,1.0,-1,{}
166,Validar solicitud,2016-06-01 03:27:58,2016-06-01 03:48:04,Role 2,97,1.2416834677419355,-1,{}
166,Homologacion por grupo de cursos,2016-06-01 03:48:08,2016-06-01 03:48:08,Role 3,97,1.5632560483870968,-1,{}
166,Revisar curso,2016-06-01 03:48:12,2016-06-01 03:49:01,Role 2,97,1.047883064516129,-1,{}
166,Homologacion por grupo de cursos,2016-06-01 03:49:05,2016-06-01 03:49:05,Role 3,97,1.5632560483870968,-1,{}
166,Revisar curso,2016-06-01 03:49:09,2016-06-01 03:49:21,Role 2,97,1.047883064516129,-1,{}
166,Homologacion por grupo de cursos,2016-06-01 03:49:25,2016-06-01 03:49:36,Role 3,97,1.5632560483870968,-1,{}
166,Revisar curso,2016-06-01 03:49:40,2016-06-01 03:50:02,Role 2,97,1.047883064516129,-1,{}
166,Evaluacion curso,2016-06-01 03:54:12,2016-06-01 03:54:35,Role 4,97,1.0778729838709677,-1,{}
167,Radicar Solicitud Homologacion,2016-06-01 03:50:49,2016-06-01 03:55:17,Role 1,97,1.1023185483870968,-1,{}
166,Validacion final,2016-06-01 04:00:19,2016-06-01 04:00:37,Role 2,97,1.0100806451612903,-1,{}
166,Visto Bueno Cierre Proceso,2016-06-01 04:07:26,2016-06-01 04:07:44,Role 3,97,1.0327620967741935,-1,{}
167,Cancelar Solicitud,2016-06-01 06:23:06,2016-06-01 06:23:21,Role 2,97,1.2653729838709677,-1,{}
130,Cancelar Solicitud,2016-06-01 07:07:18,2016-06-01 07:12:07,Role 2,84,1.2653729838709677,-1,{}
48,Notificacion estudiante cancelacion soli,2016-06-01 07:34:59,2016-06-01 07:34:59,Role 2,85,1.0,-1,{}
49,Notificacion estudiante cancelacion soli,2016-06-01 07:36:09,2016-06-01 07:36:09,Role 2,85,1.0,-1,{}
168,Traer informacion estudiante - banner,2016-06-01 07:53:49,2016-06-01 07:54:08,Role 1,95,1.0,-1,{}
168,Radicar Solicitud Homologacion,2016-06-01 08:15:48,2016-06-01 08:19:43,Role 1,95,1.1023185483870968,-1,{}
131,Cancelar Solicitud,2016-06-01 09:10:11,2016-06-01 09:14:20,Role 2,84,1.2653729838709677,-1,{}
50,Notificacion estudiante cancelacion soli,2016-06-01 10:30:12,2016-06-01 10:30:12,Role 2,86,1.0,-1,{}
168,Cancelar Solicitud,2016-06-01 10:59:11,2016-06-01 10:59:16,Role 2,95,1.2653729838709677,-1,{}
154,Validar solicitud,2016-06-01 10:53:37,2016-06-01 11:29:44,Role 2,94,1.2416834677419355,-1,{}
169,Traer informacion estudiante - banner,2016-06-01 12:03:45,2016-06-01 12:04:04,Role 1,95,1.0,-1,{}
51,Notificacion estudiante cancelacion soli,2016-06-01 12:17:23,2016-06-01 12:17:23,Role 2,86,1.0,-1,{}
169,Radicar Solicitud Homologacion,2016-06-01 12:25:44,2016-06-01 12:29:15,Role 1,95,1.1023185483870968,-1,{}
164,Validar solicitud,2016-06-01 12:49:11,2016-06-01 12:59:44,Role 2,96,1.2416834677419355,-1,{}
170,Traer informacion estudiante - banner,2016-06-01 13:05:58,2016-06-01 13:06:17,Role 1,95,1.0,-1,{}
170,Radicar Solicitud Homologacion,2016-06-01 13:27:57,2016-06-01 13:31:24,Role 1,95,1.1023185483870968,-1,{}
171,Traer informacion estudiante - banner,2016-06-01 14:30:50,2016-06-01 14:31:10,Role 1,96,1.0,-1,{}
171,Radicar Solicitud Homologacion,2016-06-01 14:51:58,2016-06-01 14:55:23,Role 1,96,1.1023185483870968,-1,{}
172,Traer informacion estudiante - banner,2016-06-01 15:06:19,2016-06-01 15:06:39,Role 1,97,1.0,-1,{}
169,Cancelar Solicitud,2016-06-01 15:09:39,2016-06-01 15:09:39,Role 2,94,1.2653729838709677,-1,{}
172,Radicar Solicitud Homologacion,2016-06-01 15:26:36,2016-06-01 15:30:14,Role 1,97,1.1023185483870968,-1,{}
171,Validar solicitud,2016-06-01 15:22:27,2016-06-01 15:35:34,Role 2,96,1.2416834677419355,-1,{}
171,Recepcion de documentos,2016-06-01 15:35:38,2016-06-01 15:35:38,Role 2,97,1.0148689516129032,-1,{}
171,Homologacion por grupo de cursos,2016-06-01 15:35:42,2016-06-01 15:35:42,Role 3,97,1.5632560483870968,-1,{}
173,Traer informacion estudiante - banner,2016-06-01 15:59:46,2016-06-01 16:00:07,Role 1,97,1.0,-1,{}
172,Validar solicitud,2016-06-01 15:53:39,2016-06-01 16:06:12,Role 2,97,1.2416834677419355,-1,{}
172,Homologacion por grupo de cursos,2016-06-01 16:06:16,2016-06-01 16:06:16,Role 3,97,1.5632560483870968,-1,{}
170,Cancelar Solicitud,2016-06-01 16:10:52,2016-06-01 16:10:52,Role 2,95,1.2653729838709677,-1,{}
173,Radicar Solicitud Homologacion,2016-06-01 16:18:54,2016-06-01 16:22:08,Role 1,97,1.1023185483870968,-1,{}
173,Cancelar Solicitud,2016-06-01 18:50:51,2016-06-01 18:50:51,Role 2,96,1.2653729838709677,-1,{}
174,Traer informacion estudiante - banner,2016-06-01 18:55:05,2016-06-01 18:55:26,Role 1,97,1.0,-1,{}
174,Radicar Solicitud Homologacion,2016-06-01 19:15:23,2016-06-01 19:18:33,Role 1,97,1.1023185483870968,-1,{}
175,Traer informacion estudiante - banner,2016-06-01 19:19:46,2016-06-01 19:20:07,Role 1,98,1.0,-1,{}
175,Radicar Solicitud Homologacion,2016-06-01 19:39:14,2016-06-01 19:42:26,Role 1,98,1.1023185483870968,-1,{}
133,Cancelar Solicitud,2016-06-01 19:56:37,2016-06-01 19:58:05,Role 2,82,1.2653729838709677,-1,{}
176,Traer informacion estudiante - banner,2016-06-01 20:13:56,2016-06-01 20:14:18,Role 1,99,1.0,-1,{}
175,Validar solicitud,2016-06-01 20:06:32,2016-06-01 20:18:13,Role 2,98,1.2416834677419355,-1,{}
175,Recepcion de documentos,2016-06-01 20:18:17,2016-06-01 20:18:17,Role 2,99,1.0148689516129032,-1,{}
175,Homologacion por grupo de cursos,2016-06-01 20:18:21,2016-06-01 20:18:21,Role 3,99,1.5632560483870968,-1,{}
175,Revisar curso,2016-06-01 20:18:25,2016-06-01 20:18:25,Role 2,99,1.047883064516129,-1,{}
175,Cancelar curso,2016-06-01 20:18:29,2016-06-01 20:18:29,Role 1,99,1.001008064516129,-1,{}
176,Radicar Solicitud Homologacion,2016-06-01 20:31:30,2016-06-01 20:34:35,Role 1,99,1.1023185483870968,-1,{}
177,Traer informacion estudiante - banner,2016-06-01 21:42:15,2016-06-01 21:42:37,Role 1,99,1.0,-1,{}
174,Cancelar Solicitud,2016-06-01 21:58:13,2016-06-01 21:58:13,Role 2,97,1.2653729838709677,-1,{}
177,Radicar Solicitud Homologacion,2016-06-01 22:00:54,2016-06-01 22:04:02,Role 1,99,1.1023185483870968,-1,{}
164,Recepcion de documentos,2016-06-01 22:19:00,2016-06-01 22:19:14,Role 2,94,1.0148689516129032,-1,{}
178,Traer informacion estudiante - banner,2016-06-01 22:27:33,2016-06-01 22:27:55,Role 1,100,1.0,-1,{}
134,Cancelar Solicitud,2016-06-01 22:45:35,2016-06-01 22:46:44,Role 2,84,1.2653729838709677,-1,{}
178,Radicar Solicitud Homologacion,2016-06-01 22:45:23,2016-06-01 22:48:31,Role 1,100,1.1023185483870968,-1,{}
176,Cancelar Solicitud,2016-06-01 23:03:29,2016-06-01 23:03:29,Role 2,98,1.2653729838709677,-1,{}
179,Traer informacion estudiante - banner,2016-06-01 23:20:02,2016-06-01 23:20:25,Role 1,101,1.0,-1,{}
179,Radicar Solicitud Homologacion,2016-06-01 23:37:05,2016-06-01 23:40:14,Role 1,101,1.1023185483870968,-1,{}
180,Traer informacion estudiante - banner,2016-06-02 00:40:50,2016-06-02 00:41:55,Role 1,102,1.0,-1,{}
177,Cancelar Solicitud,2016-06-02 00:44:01,2016-06-02 00:44:11,Role 2,99,1.2653729838709677,-1,{}
181,Traer informacion estudiante - banner,2016-06-02 01:19:56,2016-06-02 01:21:00,Role 1,103,1.0,-1,{}
135,Cancelar Solicitud,2016-06-02 01:23:54,2016-06-02 01:27:44,Role 2,85,1.2653729838709677,-1,{}
178,Cancelar Solicitud,2016-06-02 01:28:41,2016-06-02 01:28:49,Role 2,100,1.2653729838709677,-1,{}
179,Cancelar Solicitud,2016-06-02 02:20:37,2016-06-02 02:20:43,Role 2,101,1.2653729838709677,-1,{}
164,Homologacion por grupo de cursos,2016-06-02 02:36:19,2016-06-02 02:36:54,Role 3,99,1.5632560483870968,-1,{}
180,Radicar Solicitud Homologacion,2016-06-02 02:55:42,2016-06-02 03:08:42,Role 1,102,1.1023185483870968,-1,{}
181,Radicar Solicitud Homologacion,2016-06-02 03:28:07,2016-06-02 03:41:34,Role 1,103,1.1023185483870968,-1,{}
160,Validar solicitud,2016-06-02 03:14:34,2016-06-02 03:50:49,Role 2,96,1.2416834677419355,-1,{}
164,Revisar curso,2016-06-02 04:45:53,2016-06-02 04:46:40,Role 2,103,1.047883064516129,-1,{}
180,Validar solicitud,2016-06-02 05:39:03,2016-06-02 06:15:31,Role 2,103,1.2416834677419355,-1,{}
164,Cancelar curso,2016-06-02 06:34:27,2016-06-02 06:34:52,Role 1,103,1.001008064516129,-1,{}
167,Notificacion estudiante cancelacion soli,2016-06-02 07:34:14,2016-06-02 07:34:14,Role 2,96,1.0,-1,{}
163,Validar solicitud,2016-06-02 07:17:13,2016-06-02 07:50:08,Role 2,96,1.2416834677419355,-1,{}
181,Cancelar Solicitud,2016-06-02 08:37:43,2016-06-02 08:39:31,Role 2,103,1.2653729838709677,-1,{}
180,Recepcion de documentos,2016-06-02 08:56:09,2016-06-02 08:59:09,Role 2,103,1.0148689516129032,-1,{}
154,Recepcion de documentos,2016-06-02 09:06:35,2016-06-02 09:07:44,Role 2,94,1.0148689516129032,-1,{}
180,Homologacion por grupo de cursos,2016-06-02 10:16:13,2016-06-02 10:19:01,Role 3,101,1.5632560483870968,-1,{}
180,Revisar curso,2016-06-02 10:19:05,2016-06-02 10:20:51,Role 2,101,1.047883064516129,-1,{}
180,Cancelar curso,2016-06-02 10:20:55,2016-06-02 10:22:01,Role 1,101,1.001008064516129,-1,{}
168,Notificacion estudiante cancelacion soli,2016-06-02 11:59:00,2016-06-02 11:59:00,Role 2,94,1.0,-1,{}
169,Notificacion estudiante cancelacion soli,2016-06-02 16:55:32,2016-06-02 16:55:32,Role 2,97,1.0,-1,{}
170,Notificacion estudiante cancelacion soli,2016-06-02 18:02:00,2016-06-02 18:02:00,Role 2,96,1.0,-1,{}
173,Notificacion estudiante cancelacion soli,2016-06-02 20:00:02,2016-06-02 20:00:02,Role 2,96,1.0,-1,{}
151,Notificacion estudiante cancelacion soli,2016-06-02 23:36:57,2016-06-02 23:36:57,Role 2,94,1.0,-1,{}
174,Notificacion estudiante cancelacion soli,2016-06-03 00:01:52,2016-06-03 00:01:52,Role 2,99,1.0,-1,{}
176,Notificacion estudiante cancelacion soli,2016-06-03 00:21:30,2016-06-03 00:21:30,Role 2,100,1.0,-1,{}
154,Homologacion por grupo de cursos,2016-06-03 01:46:54,2016-06-03 01:50:24,Role 3,101,1.5632560483870968,-1,{}
121,Notificacion estudiante cancelacion soli,2016-06-03 05:58:17,2016-06-03 05:58:24,Role 2,90,1.0,-1,{}
150,Notificacion estudiante cancelacion soli,2016-06-03 06:09:15,2016-06-03 06:09:26,Role 2,92,1.0,-1,{}
177,Notificacion estudiante cancelacion soli,2016-06-03 09:14:01,2016-06-03 09:14:01,Role 2,102,1.0,-1,{}
154,Revisar curso,2016-06-03 09:58:19,2016-06-03 10:00:59,Role 2,93,1.047883064516129,-1,{}
178,Notificacion estudiante cancelacion soli,2016-06-03 10:04:25,2016-06-03 10:04:25,Role 2,103,1.0,-1,{}
63,Notificacion estudiante cancelacion soli,2016-06-03 10:23:28,2016-06-03 10:23:31,Role 2,84,1.0,-1,{}
137,Recepcion de documentos,2016-06-03 10:24:49,2016-06-03 10:32:08,Role 2,94,1.0148689516129032,-1,{}
179,Notificacion estudiante cancelacion soli,2016-06-03 11:07:49,2016-06-03 11:07:49,Role 2,103,1.0,-1,{}
153,Cancelar Solicitud,2016-06-03 11:17:03,2016-06-03 11:19:51,Role 2,93,1.2653729838709677,-1,{}
42,Notificacion estudiante cancelacion soli,2016-06-03 11:34:03,2016-06-03 11:34:05,Role 2,84,1.0,-1,{}
43,Notificacion estudiante cancelacion soli,2016-06-03 11:50:05,2016-06-03 11:50:05,Role 2,86,1.0,-1,{}
105,Notificacion estudiante cancelacion soli,2016-06-03 11:57:40,2016-06-03 11:57:53,Role 2,83,1.0,-1,{}
138,Recepcion de documentos,2016-06-03 12:57:27,2016-06-03 13:03:37,Role 2,94,1.0148689516129032,-1,{}
106,Notificacion estudiante cancelacion soli,2016-06-03 13:10:59,2016-06-03 13:11:10,Role 2,83,1.0,-1,{}
44,Notificacion estudiante cancelacion soli,2016-06-03 13:52:21,2016-06-03 13:52:21,Role 2,85,1.0,-1,{}
155,Cancelar Solicitud,2016-06-03 14:19:50,2016-06-03 14:22:03,Role 2,94,1.2653729838709677,-1,{}
107,Notificacion estudiante cancelacion soli,2016-06-03 14:24:12,2016-06-03 14:24:20,Role 2,83,1.0,-1,{}
160,Recepcion de documentos,2016-06-03 14:36:48,2016-06-03 14:37:29,Role 2,103,1.0148689516129032,-1,{}
154,Cancelar curso,2016-06-03 14:51:32,2016-06-03 14:52:47,Role 1,90,1.001008064516129,-1,{}
64,Notificacion estudiante cancelacion soli,2016-06-03 15:09:41,2016-06-03 15:10:02,Role 2,86,1.0,-1,{}
45,Notificacion estudiante cancelacion soli,2016-06-03 17:35:58,2016-06-03 17:35:58,Role 2,86,1.0,-1,{}
156,Cancelar Solicitud,2016-06-03 18:33:31,2016-06-03 18:34:58,Role 2,94,1.2653729838709677,-1,{}
127,Notificacion estudiante cancelacion soli,2016-06-03 18:36:08,2016-06-03 18:36:08,Role 2,91,1.0,-1,{}
163,Recepcion de documentos,2016-06-03 18:38:37,2016-06-03 18:38:57,Role 2,101,1.0148689516129032,-1,{}
128,Notificacion estudiante cancelacion soli,2016-06-03 19:59:41,2016-06-03 19:59:41,Role 2,90,1.0,-1,{}
129,Notificacion estudiante cancelacion soli,2016-06-03 20:37:07,2016-06-03 20:37:07,Role 2,88,1.0,-1,{}
181,Notificacion estudiante cancelacion soli,2016-06-03 21:36:04,2016-06-03 21:36:06,Role 2,101,1.0,-1,{}
158,Cancelar Solicitud,2016-06-04 00:30:18,2016-06-04 00:30:38,Role 2,96,1.2653729838709677,-1,{}
157,Cancelar Solicitud,2016-06-04 00:43:30,2016-06-04 00:43:55,Role 2,97,1.2653729838709677,-1,{}
159,Cancelar Solicitud,2016-06-04 01:06:47,2016-06-04 01:06:47,Role 2,96,1.2653729838709677,-1,{}
115,Notificacion estudiante cancelacion soli,2016-06-04 02:53:28,2016-06-04 02:53:28,Role 2,80,1.0,-1,{}
113,Notificacion estudiante cancelacion soli,2016-06-04 02:54:57,2016-06-04 02:54:57,Role 2,80,1.0,-1,{}
114,Notificacion estudiante cancelacion soli,2016-06-04 04:38:31,2016-06-04 04:38:31,Role 2,80,1.0,-1,{}
71,Notificacion estudiante cancelacion soli,2016-06-04 04:48:04,2016-06-04 04:48:04,Role 2,86,1.0,-1,{}
68,Notificacion estudiante cancelacion soli,2016-06-04 05:09:58,2016-06-04 05:09:58,Role 2,86,1.0,-1,{}
161,Cancelar Solicitud,2016-06-04 07:43:53,2016-06-04 07:43:53,Role 2,97,1.2653729838709677,-1,{}
117,Notificacion estudiante cancelacion soli,2016-06-04 08:07:42,2016-06-04 08:07:42,Role 2,82,1.0,-1,{}
162,Cancelar Solicitud,2016-06-04 08:29:16,2016-06-04 08:29:16,Role 2,97,1.2653729838709677,-1,{}
118,Notificacion estudiante cancelacion soli,2016-06-04 10:11:29,2016-06-04 10:11:29,Role 2,82,1.0,-1,{}
160,Homologacion por grupo de cursos,2016-06-04 11:30:17,2016-06-04 11:31:06,Role 3,81,1.5632560483870968,-1,{}
73,Notificacion estudiante cancelacion soli,2016-06-04 12:52:53,2016-06-04 12:52:53,Role 2,83,1.0,-1,{}
163,Homologacion por grupo de cursos,2016-06-04 15:33:57,2016-06-04 15:34:27,Role 3,77,1.5632560483870968,-1,{}
125,Notificacion estudiante cancelacion soli,2016-06-05 09:31:29,2016-06-05 09:31:29,Role 2,94,1.0,-1,{}
126,Notificacion estudiante cancelacion soli,2016-06-05 09:56:31,2016-06-05 09:56:31,Role 2,95,1.0,-1,{}
160,Revisar curso,2016-06-05 17:55:48,2016-06-05 17:56:01,Role 2,67,1.047883064516129,-1,{}
47,Homologacion por grupo de cursos,2016-06-05 19:26:46,2016-06-05 19:27:37,Role 3,83,1.5632560483870968,-1,{}
132,Homologacion por grupo de cursos,2016-06-05 22:28:44,2016-06-05 22:28:44,Role 3,97,1.5632560483870968,-1,{}
160,Homologacion por grupo de cursos,2016-06-06 04:46:34,2016-06-06 04:46:44,Role 3,63,1.5632560483870968,-1,{}
152,Notificacion estudiante cancelacion soli,2016-06-06 05:12:35,2016-06-06 05:12:35,Role 2,94,1.0,-1,{}
75,Notificacion estudiante cancelacion soli,2016-06-06 07:30:41,2016-06-06 07:30:41,Role 2,83,1.0,-1,{}
136,Homologacion por grupo de cursos,2016-06-06 08:09:24,2016-06-06 08:09:24,Role 3,97,1.5632560483870968,-1,{}
137,Homologacion por grupo de cursos,2016-06-07 11:28:51,2016-06-07 11:33:25,Role 3,88,1.5632560483870968,-1,{}
138,Homologacion por grupo de cursos,2016-06-07 14:16:36,2016-06-07 14:20:07,Role 3,84,1.5632560483870968,-1,{}
130,Notificacion estudiante cancelacion soli,2016-06-10 18:42:09,2016-06-10 18:42:09,Role 2,96,1.0,-1,{}
131,Notificacion estudiante cancelacion soli,2016-06-10 21:15:03,2016-06-10 21:15:03,Role 2,95,1.0,-1,{}
133,Notificacion estudiante cancelacion soli,2016-06-11 07:11:56,2016-06-11 07:11:56,Role 2,98,1.0,-1,{}
153,Notificacion estudiante cancelacion soli,2016-06-11 07:14:15,2016-06-11 07:14:17,Role 2,87,1.0,-1,{}
134,Notificacion estudiante cancelacion soli,2016-06-11 09:54:18,2016-06-11 09:54:18,Role 2,100,1.0,-1,{}
155,Notificacion estudiante cancelacion soli,2016-06-11 10:34:40,2016-06-11 10:34:40,Role 2,82,1.0,-1,{}
136,Revisar curso,2016-06-11 11:46:01,2016-06-11 11:46:07,Role 2,58,1.047883064516129,-1,{}
156,Notificacion estudiante cancelacion soli,2016-06-11 14:38:47,2016-06-11 14:38:47,Role 2,78,1.0,-1,{}
138,Revisar curso,2016-06-11 16:06:00,2016-06-11 16:06:25,Role 2,57,1.047883064516129,-1,{}
158,Notificacion estudiante cancelacion soli,2016-06-13 10:38:11,2016-06-13 10:38:11,Role 2,74,1.0,-1,{}
159,Notificacion estudiante cancelacion soli,2016-06-13 11:12:21,2016-06-13 11:12:21,Role 2,74,1.0,-1,{}
157,Notificacion estudiante cancelacion soli,2016-06-13 11:27:35,2016-06-13 11:27:35,Role 2,74,1.0,-1,{}
161,Notificacion estudiante cancelacion soli,2016-06-13 19:10:37,2016-06-13 19:10:37,Role 2,69,1.0,-1,{}
135,Notificacion estudiante cancelacion soli,2016-06-13 19:25:26,2016-06-13 19:25:26,Role 2,103,1.0,-1,{}
162,Notificacion estudiante cancelacion soli,2016-06-13 19:39:44,2016-06-13 19:39:44,Role 2,68,1.0,-1,{}
138,Homologacion por grupo de cursos,2016-06-18 01:29:12,2016-06-18 01:29:29,Role 3,50,1.5632560483870968,-1,{}
136,Cancelar curso,2016-06-22 02:18:20,2016-06-22 02:18:40,Role 1,51,1.001008064516129,-1,{}
138,Revisar curso,2016-06-25 00:34:53,2016-06-25 00:35:06,Role 2,44,1.047883064516129,-1,{}
138,Evaluacion curso,2016-06-30 14:59:54,2016-06-30 15:00:04,Role 4,43,1.0778729838709677,-1,{}
138,Validar solicitud / pre-homologacion,2016-07-03 09:14:39,2016-07-03 09:14:45,Role 2,43,1.0128528225806452,-1,{}
