{
    "prob": {
        "maxdepth_5": {
            "ngd": [
                0.3525733525733526,
                0.3509272467902996,
                0.3498452012383901,
                0.3468208092485549,
                0.3591682419659735
            ],
            "car": [
                672.1065573770493,
                614.5081967213116,
                744.0163934426231,
                607.032786885246,
                708.204918032787
            ],
            "ctd": [
                412.12295081967216,
                446.2704918032787,
                436.36065573770486,
                431.44262295081967,
                434.40983606557376
            ],
            "etd_entropy": [
                1.4142521222485231,
                1.3735129371242512,
                1.3827965228517058,
                1.3214496606747759,
                1.41141745278906
            ]
        }
    },
    "det": {
        "maxdepth_5": {
            "ngd": [
                0.3574810606060606,
                0.3537803138373752,
                0.3514946962391514,
                0.3614912694667296,
                0.3553287443626869
            ],
            "car": [
                682.877049180328,
                682.877049180328,
                682.877049180328,
                682.877049180328,
                682.877049180328
            ],
            "ctd": [
                463.9590163934426,
                535.6639344262295,
                533.639344262295,
                554.0983606557378,
                502.70491803278696
            ],
            "etd_entropy": [
                0.5579155174824142,
                0.5481771817734515,
                0.5316632449226667,
                0.6131918534907999,
                0.5740352033778426
            ]
        }
    }
}