{
    "prob": {
        "maxdepth_5": {
            "ngd": [
                0.12470214455917394,
                0.12509675498660316,
                0.12466200095435025,
                0.1248089254163937,
                0.1243731592772427
            ],
            "car": [
                19.259999999999998,
                19.094499999999996,
                14.468500000000002,
                18.452999999999996,
                17.608999999999998
            ],
            "ctd": [
                60.689499999999995,
                60.939,
                59.519999999999996,
                57.8775,
                60.49550000000001
            ],
            "etd_entropy": [
                0.3649450293585818,
                0.3355262888314738,
                0.3534491667240375,
                0.37644104729395234,
                0.3999028935537667
            ]
        }
    },
    "det": {
        "maxdepth_5": {
            "ngd": [
                0.1249900738505519,
                0.12453310021457523,
                0.12493546721734641,
                0.12458032858533484,
                0.1250992536128315
            ],
            "car": [
                12.0595,
                12.0595,
                12.0595,
                12.0595,
                12.0595
            ],
            "ctd": [
                55.79,
                57.023500000000006,
                55.602000000000004,
                54.605000000000004,
                53.10849999999999
            ],
            "etd_entropy": [
                0.09326136064859328,
                0.0605970812914111,
                0.05199416366988884,
                0.10184030932806608,
                0.08614141611409463
            ]
        }
    }
}